{
  "custom": {
    "downlink": {
      "description": "Multiturn Valve Calibrated Open",
      "downlinkName": "Multiturn-Open",
      "fport": 1,
      "hexBytes": "B4473201B447045D0001050467000100"
    },
    "downlinkId": "value",
    "enableEdits": false
  },
  "events": {
    "system": {
      "onStartup": {
        "config": {
          "script": "\ttry:\n\t\tcurrentDownlink \u003d decoders.downlinks.getDonwlinkByID(self.params.downlinkId)\n\t\t\n\t\tself.custom.downlink.downlinkName \u003d currentDownlink[\"name\"]\n\t\tself.custom.downlink.hexBytes \u003d currentDownlink[\u0027hexCommand\u0027]\n\t\tself.custom.downlink.fport \u003d currentDownlink[\u0027port\u0027]\n\t\tself.custom.downlink.description \u003d currentDownlink[\u0027description\u0027]\n\texcept Exception as e:\n\t\tsystem.perspective.print(str(e))"
        },
        "scope": "G",
        "type": "script"
      }
    }
  },
  "params": {
    "downlinkId": 1,
    "modelID": 1
  },
  "propConfig": {
    "custom.downlink": {
      "persistent": true
    },
    "custom.downlinkId": {
      "persistent": true
    },
    "custom.enableEdits": {
      "persistent": true
    },
    "params.downlinkId": {
      "paramDirection": "input",
      "persistent": true
    },
    "params.modelID": {
      "paramDirection": "input",
      "persistent": true
    }
  },
  "props": {},
  "root": {
    "children": [
      {
        "children": [
          {
            "meta": {
              "name": "Label"
            },
            "position": {
              "basis": "50px"
            },
            "props": {
              "text": "Downlink Name",
              "textStyle": {
                "classes": "forms/configHeading"
              }
            },
            "type": "ia.display.label"
          },
          {
            "meta": {
              "name": "TextField"
            },
            "position": {
              "basis": "47px"
            },
            "propConfig": {
              "props.enabled": {
                "binding": {
                  "config": {
                    "path": "view.custom.enableEdits"
                  },
                  "type": "property"
                }
              },
              "props.text": {
                "binding": {
                  "config": {
                    "bidirectional": true,
                    "path": "view.custom.downlink.downlinkName"
                  },
                  "type": "property"
                }
              }
            },
            "type": "ia.input.text-field"
          }
        ],
        "meta": {
          "name": "Downlink Name"
        },
        "position": {
          "basis": "115px"
        },
        "props": {
          "direction": "column",
          "style": {
            "overflow": "hidden"
          }
        },
        "type": "ia.container.flex"
      },
      {
        "children": [
          {
            "meta": {
              "name": "Label"
            },
            "position": {
              "basis": "50px"
            },
            "props": {
              "text": "Hex Downlink",
              "textStyle": {
                "classes": "forms/configHeading"
              }
            },
            "type": "ia.display.label"
          },
          {
            "meta": {
              "name": "TextField"
            },
            "position": {
              "basis": "47px"
            },
            "propConfig": {
              "props.enabled": {
                "binding": {
                  "config": {
                    "path": "view.custom.enableEdits"
                  },
                  "type": "property"
                }
              },
              "props.text": {
                "binding": {
                  "config": {
                    "path": "view.custom.downlink.hexBytes"
                  },
                  "type": "property"
                }
              }
            },
            "type": "ia.input.text-field"
          }
        ],
        "meta": {
          "name": "Hex Downlink"
        },
        "position": {
          "basis": "115px"
        },
        "props": {
          "direction": "column"
        },
        "type": "ia.container.flex"
      },
      {
        "children": [
          {
            "meta": {
              "name": "Label"
            },
            "position": {
              "basis": "50px"
            },
            "props": {
              "text": "Downlink Port",
              "textStyle": {
                "classes": "forms/configHeading"
              }
            },
            "type": "ia.display.label"
          },
          {
            "meta": {
              "name": "TextField"
            },
            "position": {
              "basis": "47px"
            },
            "propConfig": {
              "props.enabled": {
                "binding": {
                  "config": {
                    "bidirectional": true,
                    "path": "view.custom.enableEdits"
                  },
                  "type": "property"
                }
              },
              "props.text": {
                "binding": {
                  "config": {
                    "path": "view.custom.downlink.fport"
                  },
                  "type": "property"
                }
              }
            },
            "type": "ia.input.text-field"
          }
        ],
        "meta": {
          "name": "Downlink Port"
        },
        "position": {
          "basis": "115px"
        },
        "props": {
          "direction": "column"
        },
        "type": "ia.container.flex"
      },
      {
        "children": [
          {
            "meta": {
              "name": "Label"
            },
            "position": {
              "basis": "50px"
            },
            "props": {
              "style": {
                "marginBottom": 5
              },
              "text": "Downlink Description",
              "textStyle": {
                "classes": "forms/configHeading"
              }
            },
            "type": "ia.display.label"
          },
          {
            "meta": {
              "name": "TextArea"
            },
            "position": {
              "basis": "160px"
            },
            "propConfig": {
              "props.enabled": {
                "binding": {
                  "config": {
                    "path": "view.custom.enableEdits"
                  },
                  "type": "property"
                }
              },
              "props.text": {
                "binding": {
                  "config": {
                    "bidirectional": true,
                    "path": "view.custom.downlink.description"
                  },
                  "type": "property"
                }
              }
            },
            "type": "ia.input.text-area"
          }
        ],
        "meta": {
          "name": "Description"
        },
        "position": {
          "basis": "115px"
        },
        "props": {
          "direction": "column"
        },
        "type": "ia.container.flex"
      },
      {
        "children": [
          {
            "events": {
              "dom": {
                "onClick": {
                  "config": {
                    "script": "\ttry:\n\t\teditStatus \u003d self.view.custom.enableEdits\n\t\tsystem.perspective.print(editStatus)\n\t\t\n\t\t\t\n\t\tif self.props.text \u003d\u003d \"Save Changes\":\n\t\t\tresults \u003d decoders.downlinks.saveDownlink(int(self.view.params.downlinkId), int(self.view.params.modelID), \n\t\t\tself.view.custom.downlink.hexBytes, self.view.custom.downlink.fport, self.view.custom.downlink.description,\n\t\t\tself.view.custom.downlink.downlinkName)\n\t\t\tif utils.resultParser.isResultSuccess(results):\n\t\t\t\tsystem.perspective.print(\"Successfully saved downlinks\")\n\t\t\telse:\n\t\t\t\tutils.messages.errors(utils.resultParser.getResultMessage(results))\n\t\t\t\t\n\t\tif editStatus \u003d\u003d False:\n\t\t\tself.view.custom.enableEdits \u003d True\n\t\telse:\n\t\t\tself.view.custom.enableEdits \u003d False\n\texcept Exception as e:\n\t\tsystem.perspective.print(e)"
                  },
                  "scope": "G",
                  "type": "script"
                }
              }
            },
            "meta": {
              "name": "Edit"
            },
            "position": {
              "basis": "180px"
            },
            "propConfig": {
              "props.image.icon.path": {
                "binding": {
                  "config": {
                    "path": "view.custom.enableEdits"
                  },
                  "transforms": [
                    {
                      "code": "\tif value:\n\t\treturn \"material/save\"\n\telse:\n\t\treturn \"material/edit\"",
                      "type": "script"
                    }
                  ],
                  "type": "property"
                }
              },
              "props.text": {
                "binding": {
                  "config": {
                    "path": "view.custom.enableEdits"
                  },
                  "transforms": [
                    {
                      "code": "\tif value \u003d\u003d False:\n\t\treturn \"Enable Editing\"\n\telse:\n\t\treturn \"Save Changes\"",
                      "type": "script"
                    }
                  ],
                  "type": "property"
                }
              }
            },
            "props": {
              "image": {
                "icon": {}
              }
            },
            "type": "ia.input.button"
          },
          {
            "events": {
              "dom": {
                "onClick": {
                  "config": {
                    "draggable": true,
                    "id": "a7DCqRWN",
                    "modal": false,
                    "overlayDismiss": false,
                    "position": {
                      "height": 250
                    },
                    "positionType": "exact",
                    "resizable": true,
                    "showCloseIcon": true,
                    "type": "open",
                    "viewParams": {
                      "downlinkId": "{view.params.downlinkId}"
                    },
                    "viewPath": "DataManagement/DeviceProfile/downlinks/confirm-downlink-delete",
                    "viewportBound": false
                  },
                  "scope": "C",
                  "type": "popup"
                }
              }
            },
            "meta": {
              "name": "Delete"
            },
            "position": {
              "basis": "180px"
            },
            "props": {
              "image": {
                "icon": {
                  "path": "material/delete_forever"
                }
              },
              "style": {
                "classes": "diagnostics/buttons/error"
              },
              "text": "Delete Downlink"
            },
            "type": "ia.input.button"
          }
        ],
        "meta": {
          "name": "FlexContainer"
        },
        "position": {
          "basis": "75px"
        },
        "props": {
          "justify": "space-evenly",
          "style": {
            "marginTop": 20
          }
        },
        "type": "ia.container.flex"
      }
    ],
    "meta": {
      "name": "root"
    },
    "props": {
      "direction": "column",
      "style": {
        "marginLeft": 20,
        "marginRight": 20
      }
    },
    "type": "ia.container.flex"
  }
}