{
  "custom": {},
  "params": {
    "showLegend": false,
    "sources": [
      {
        "aggregate": "Average",
        "alias": "humidity",
        "path": "[default]THL-F286/humidity"
      }
    ]
  },
  "propConfig": {
    "params.showLegend": {
      "paramDirection": "input",
      "persistent": true
    },
    "params.sources": {
      "paramDirection": "input",
      "persistent": true
    }
  },
  "props": {
    "defaultSize": {
      "height": 250,
      "width": 250
    }
  },
  "root": {
    "children": [
      {
        "meta": {
          "name": "XYChart"
        },
        "propConfig": {
          "props.dataSources.example": {
            "binding": {
              "config": {
                "avoidScanClassValidation": true,
                "dateRange": {
                  "mostRecent": "1",
                  "mostRecentUnits": "WEEK"
                },
                "enableValueCache": true,
                "ignoreBadQuality": false,
                "polling": {
                  "enabled": false,
                  "rate": "30"
                },
                "preventInterpolation": false,
                "returnFormat": "Wide",
                "returnSize": {
                  "type": "RAW"
                },
                "tags": "{view.params.sources}",
                "valueFormat": "DATASET"
              },
              "type": "tag-history"
            }
          },
          "props.legend.enabled": {
            "binding": {
              "config": {
                "path": "view.params.showLegend"
              },
              "type": "property"
            }
          },
          "props.series": {
            "binding": {
              "config": {
                "path": "parent.custom.series"
              },
              "type": "property"
            }
          },
          "props.yAxes": {
            "binding": {
              "config": {
                "path": "parent.custom.yAxis"
              },
              "type": "property"
            }
          }
        },
        "props": {
          "dataSources": {},
          "legend": {},
          "xAxes": [
            {
              "appearance": {
                "font": {
                  "size": "",
                  "weight": 500
                },
                "grid": {
                  "color": "",
                  "dashArray": "",
                  "minDistance": 60,
                  "opacity": 0,
                  "position": 0.5
                },
                "inside": false,
                "labels": {
                  "color": "",
                  "horizontalCenter": "middle",
                  "opacity": 1,
                  "rotation": 0,
                  "verticalCenter": "middle"
                },
                "opposite": false
              },
              "category": {
                "break": {
                  "enabled": false,
                  "endCategory": "",
                  "size": 0.05,
                  "startCategory": ""
                }
              },
              "date": {
                "baseInterval": {
                  "count": 1,
                  "enabled": false,
                  "skipEmptyPeriods": false,
                  "timeUnit": "hour"
                },
                "break": {
                  "enabled": false,
                  "endDate": "",
                  "size": 0.05,
                  "startDate": ""
                },
                "format": "M/d",
                "inputFormat": "yyyy-MM-dd kk:mm:ss",
                "range": {
                  "max": "",
                  "min": "",
                  "useStrict": false
                }
              },
              "inversed": false,
              "label": {
                "color": "",
                "enabled": false,
                "text": "Time"
              },
              "name": "time",
              "render": "date",
              "tooltip": {
                "background": {
                  "color": "",
                  "opacity": 1
                },
                "cornerRadius": 3,
                "enabled": true,
                "pointerLength": 4,
                "text": ""
              },
              "value": {
                "break": {
                  "enabled": false,
                  "endValue": 100,
                  "size": 0.05,
                  "startValue": 0
                },
                "format": "#,###.##",
                "logarithmic": false,
                "range": {
                  "max": "",
                  "min": "",
                  "useStrict": false
                }
              },
              "visible": true
            }
          ]
        },
        "type": "ia.chart.xy"
      }
    ],
    "meta": {
      "name": "root"
    },
    "propConfig": {
      "custom.series": {
        "binding": {
          "config": {
            "path": "view.params.sources"
          },
          "transforms": [
            {
              "code": "\tseries \u003d []\n\ttrue \u003d True\n\tfalse \u003d False\n\tnull \u003d None\n\tfor v in value:\n\t\tj \u003d {\n  \"name\": v[\"alias\"],\n  \"label\": {\n    \"text\": v[\"alias\"]\n  },\n  \"visible\": true,\n  \"hiddenInLegend\": false,\n  \"defaultState\": {\n    \"visible\": true\n  },\n  \"data\": {\n    \"source\": \"example\",\n    \"x\": \"t_stamp\",\n    \"y\": v[\"alias\"]\n  },\n  \"xAxis\": \"time\",\n  \"yAxis\": v[\"alias\"],\n  \"zIndex\": 0,\n  \"tooltip\": {\n    \"enabled\": true,\n    \"text\": \"{name}: [bold]{valueY}[/]\",\n    \"cornerRadius\": 3,\n    \"pointerLength\": 4,\n    \"background\": {\n      \"color\": \"\",\n      \"opacity\": 1\n    }\n  },\n  \"render\": \"line\",\n  \"candlestick\": {\n    \"open\": {\n      \"x\": \"\",\n      \"y\": \"\"\n    },\n    \"high\": {\n      \"x\": \"\",\n      \"y\": \"\"\n    },\n    \"low\": {\n      \"x\": \"\",\n      \"y\": \"\"\n    },\n    \"appearance\": {\n      \"fill\": {\n        \"color\": \"\",\n        \"opacity\": 1\n      },\n      \"stroke\": {\n        \"color\": \"\",\n        \"opacity\": 1,\n        \"width\": 1\n      },\n      \"stacked\": false,\n      \"deriveFieldsFromData\": {\n        \"fill\": {\n          \"color\": \"\",\n          \"opacity\": \"\"\n        },\n        \"stroke\": {\n          \"color\": \"\",\n          \"opacity\": \"\",\n          \"width\": \"\"\n        }\n      },\n      \"heatRules\": {\n        \"enabled\": false,\n        \"max\": \"\",\n        \"min\": \"\",\n        \"dataField\": \"\"\n      }\n    }\n  },\n  \"column\": {\n    \"open\": {\n      \"x\": \"\",\n      \"y\": \"\"\n    },\n    \"appearance\": {\n      \"fill\": {\n        \"color\": \"\",\n        \"opacity\": 1\n      },\n      \"stroke\": {\n        \"color\": \"\",\n        \"opacity\": 1,\n        \"width\": 1\n      },\n      \"width\": null,\n      \"height\": null,\n      \"stacked\": false,\n      \"deriveFieldsFromData\": {\n        \"fill\": {\n          \"color\": \"\",\n          \"opacity\": \"\"\n        },\n        \"stroke\": {\n          \"color\": \"\",\n          \"opacity\": \"\",\n          \"width\": \"\"\n        }\n      },\n      \"heatRules\": {\n        \"enabled\": false,\n        \"max\": \"\",\n        \"min\": \"\",\n        \"dataField\": \"\"\n      }\n    }\n  },\n  \"line\": {\n    \"open\": {\n      \"x\": \"\",\n      \"y\": \"\"\n    },\n    \"appearance\": {\n      \"connect\": true,\n      \"tensionX\": 1,\n      \"tensionY\": 1,\n      \"minDistance\": 0.5,\n      \"stroke\": {\n        \"width\": 3,\n        \"opacity\": 1,\n        \"color\": \"\",\n        \"dashArray\": \"\"\n      },\n      \"fill\": {\n        \"color\": \"\",\n        \"opacity\": 0\n      },\n      \"bullets\": [\n        {\n          \"enabled\": false,\n          \"render\": \"circle\",\n          \"width\": 10,\n          \"height\": 10,\n          \"label\": {\n            \"text\": \"{value}\",\n            \"position\": {\n              \"dx\": 0,\n              \"dy\": 0\n            }\n          },\n          \"tooltip\": {\n            \"enabled\": true,\n            \"text\": \"{name}: [bold]{valueY}[/]\",\n            \"cornerRadius\": 3,\n            \"pointerLength\": 4,\n            \"background\": {\n              \"color\": \"\",\n              \"opacity\": 1\n            }\n          },\n          \"fill\": {\n            \"color\": \"\",\n            \"opacity\": 1\n          },\n          \"stroke\": {\n            \"color\": \"\",\n            \"width\": 1,\n            \"opacity\": 1\n          },\n          \"rotation\": 0,\n          \"deriveFieldsFromData\": {\n            \"fill\": {\n              \"color\": \"\",\n              \"opacity\": \"\"\n            },\n            \"stroke\": {\n              \"color\": \"\",\n              \"opacity\": \"\",\n              \"width\": \"\"\n            },\n            \"rotation\": \"\"\n          },\n          \"heatRules\": {\n            \"enabled\": false,\n            \"max\": 100,\n            \"min\": 2,\n            \"dataField\": \"\"\n          }\n        }\n      ]\n    }\n  },\n  \"stepLine\": {\n    \"open\": {\n      \"x\": \"\",\n      \"y\": \"\"\n    },\n    \"appearance\": {\n      \"connect\": true,\n      \"tensionX\": 1,\n      \"tensionY\": 1,\n      \"minDistance\": 0.5,\n      \"stroke\": {\n        \"width\": 3,\n        \"opacity\": 1,\n        \"color\": \"\",\n        \"dashArray\": \"\"\n      },\n      \"fill\": {\n        \"color\": \"\",\n        \"opacity\": 0\n      },\n      \"bullets\": [\n        {\n          \"enabled\": true,\n          \"render\": \"circle\",\n          \"width\": 10,\n          \"height\": 10,\n          \"label\": {\n            \"text\": \"{value}\",\n            \"position\": {\n              \"dx\": 0,\n              \"dy\": 0\n            }\n          },\n          \"tooltip\": {\n            \"enabled\": true,\n            \"text\": \"{name}: [bold]{valueY}[/]\",\n            \"cornerRadius\": 3,\n            \"pointerLength\": 4,\n            \"background\": {\n              \"color\": \"\",\n              \"opacity\": 1\n            }\n          },\n          \"fill\": {\n            \"color\": \"\",\n            \"opacity\": 1\n          },\n          \"stroke\": {\n            \"color\": \"\",\n            \"width\": 1,\n            \"opacity\": 1\n          },\n          \"rotation\": 0,\n          \"deriveFieldsFromData\": {\n            \"fill\": {\n              \"color\": \"\",\n              \"opacity\": \"\"\n            },\n            \"stroke\": {\n              \"color\": \"\",\n              \"opacity\": \"\",\n              \"width\": \"\"\n            },\n            \"rotation\": \"\"\n          },\n          \"heatRules\": {\n            \"enabled\": false,\n            \"max\": 100,\n            \"min\": 2,\n            \"dataField\": \"\"\n          }\n        }\n      ]\n    }\n  }\n}\n\n\t\tseries.append(j)\n\t\n\treturn series",
              "type": "script"
            }
          ],
          "type": "property"
        }
      },
      "custom.yAxis": {
        "binding": {
          "config": {
            "path": "view.params.sources"
          },
          "transforms": [
            {
              "code": "\tyAxes \u003d []\n\ttrue \u003d True\n\tfalse \u003d False\n\tnull \u003d None\n\tfor v in value:\n\t\t\n\t\tj \u003d {\n  \"name\": v[\u0027alias\u0027],\n  \"label\": {\n    \"enabled\": true,\n    \"text\": \"\",\n    \"color\": \"\"\n  },\n  \"visible\": true,\n  \"tooltip\": {\n    \"enabled\": true,\n    \"text\": \"\",\n    \"cornerRadius\": 3,\n    \"pointerLength\": 4,\n    \"background\": {\n      \"color\": \"\",\n      \"opacity\": 1\n    }\n  },\n  \"inversed\": false,\n  \"render\": \"category\",\n  \"category\": {\n    \"break\": {\n      \"enabled\": false,\n      \"startCategory\": \"\",\n      \"endCategory\": \"\",\n      \"size\": 0.05\n    }\n  },\n  \"date\": {\n    \"baseInterval\": {\n      \"enabled\": false,\n      \"timeUnit\": \"hour\",\n      \"count\": 1,\n      \"skipEmptyPeriods\": false\n    },\n    \"range\": {\n      \"max\": \"\",\n      \"min\": \"\",\n      \"useStrict\": false\n    },\n    \"break\": {\n      \"enabled\": false,\n      \"startDate\": \"\",\n      \"endDate\": \"\",\n      \"size\": 0.05\n    },\n    \"inputFormat\": \"yyyy-MM-dd kk:mm:ss\",\n    \"format\": \"M/d/yyyy HH:mm:ss\"\n  },\n  \"value\": {\n    \"range\": {\n      \"max\": \"\",\n      \"min\": \"\",\n      \"useStrict\": false\n    },\n    \"logarithmic\": false,\n    \"break\": {\n      \"enabled\": false,\n      \"startValue\": 0,\n      \"endValue\": 100,\n      \"size\": 0.05\n    },\n    \"format\": \"#,###.##\"\n  },\n  \"appearance\": {\n    \"opposite\": false,\n    \"inside\": false,\n    \"labels\": {\n      \"color\": \"\",\n      \"opacity\": 1,\n      \"rotation\": 0,\n      \"verticalCenter\": \"middle\",\n      \"horizontalCenter\": \"middle\"\n    },\n    \"grid\": {\n      \"color\": \"\",\n      \"opacity\": 0,\n      \"dashArray\": \"\",\n      \"minDistance\": null,\n      \"position\": 0.5\n    },\n    \"font\": {\n      \"size\": \"\",\n      \"weight\": 500\n    }\n  }\n}\n\t\tyAxes.append(j)\n\t\n\t\n\treturn yAxes",
              "type": "script"
            }
          ],
          "type": "property"
        }
      }
    },
    "props": {
      "direction": "column",
      "style": {
        "overflow": "hidden"
      }
    },
    "type": "ia.container.flex"
  }
}