{
  "custom": {},
  "params": {
    "bulkUploaded": {
      "meta2": "two"
    }
  },
  "propConfig": {
    "params.bulkUploaded": {
      "paramDirection": "input",
      "persistent": true
    }
  },
  "props": {
    "defaultSize": {
      "height": 342,
      "width": 452
    }
  },
  "root": {
    "children": [
      {
        "meta": {
          "name": "FlexRepeater"
        },
        "position": {
          "basis": "339px"
        },
        "propConfig": {
          "props.instances": {
            "binding": {
              "config": {
                "expression": "{view.params.bulkUploaded}"
              },
              "transforms": [
                {
                  "code": "\tinstances \u003d []  # variable can be called anything, as long as the return variable name matches; I just like to have my variable names match what I\u0027m expecting back\n\ttry:\n\t\tfor entry, val in value.items():\n\t\t    instance \u003d {}\n\t\t    instance[\u0027label\u0027] \u003d  entry\n\t\t    instance[\u0027content\u0027] \u003d val\n\t\t  \n\t\t    instances.append(instance)\n\t\treturn instances\n\texcept:\n\t\t\n\t\treturn instances",
                  "type": "script"
                }
              ],
              "type": "expr"
            }
          }
        },
        "props": {
          "direction": "column",
          "path": "DataManagement/dynamicFormPart",
          "useDefaultViewHeight": false,
          "useDefaultViewWidth": false
        },
        "type": "ia.display.flex-repeater"
      }
    ],
    "meta": {
      "name": "root"
    },
    "props": {
      "direction": "column",
      "style": {
        "overflow": "hidden"
      }
    },
    "type": "ia.container.flex"
  }
}