{
  "custom": {
    "TagType": "SiteSync/RadioBridgeHumidity",
    "params": {
      "tagPath": "[default]RadioBridgeTemperature-2702"
    },
    "specialDash": false
  },
  "params": {
    "tagPath": "[default]RadioBridgeTemperature-2702"
  },
  "propConfig": {
    "custom.TagType": {
      "binding": {
        "config": {
          "fallbackDelay": 2.5,
          "mode": "indirect",
          "references": {
            "tagPath": "{view.params.tagPath}"
          },
          "tagPath": "{tagPath}.typeId"
        },
        "transforms": [
          {
            "code": "\tif quality.badOrError:\n\t\treturn \"\"\n\telse:\n\t\t\n\t\treturn value",
            "type": "script"
          }
        ],
        "type": "tag"
      },
      "persistent": true
    },
    "custom.params": {
      "binding": {
        "config": {
          "path": "view.custom.specialDash"
        },
        "transforms": [
          {
            "code": "\tp \u003d {\"tagPath\":self.params.tagPath}\n\tif value:\n\t\tp[\"chartType\"] \u003d self.custom.TagType\n\t\n\treturn p\n\t\t",
            "type": "script"
          }
        ],
        "type": "property"
      },
      "persistent": true
    },
    "custom.specialDash": {
      "binding": {
        "config": {
          "path": "view.custom.TagType"
        },
        "transforms": [
          {
            "code": "\tif utils.dashmanager.getPath(value) !\u003d \"\":\n\t\treturn True\n\treturn False",
            "type": "script"
          }
        ],
        "type": "property"
      },
      "persistent": true
    },
    "params.tagPath": {
      "paramDirection": "inout",
      "persistent": true
    }
  },
  "props": {},
  "root": {
    "children": [
      {
        "meta": {
          "name": "EmbeddedView"
        },
        "position": {
          "grow": 1
        },
        "propConfig": {
          "props.params": {
            "binding": {
              "config": {
                "path": "view.custom.params"
              },
              "type": "property"
            }
          },
          "props.path": {
            "binding": {
              "config": {
                "path": "view.custom.specialDash"
              },
              "transforms": [
                {
                  "code": "\tif value:\n\t\treturn \"Devices/Details/values/DashManager\"\n\telse:\n\t\treturn \"Devices/Details/values/basicValues\"",
                  "type": "script"
                }
              ],
              "type": "property"
            }
          }
        },
        "type": "ia.display.view"
      }
    ],
    "meta": {
      "name": "root"
    },
    "props": {
      "direction": "column"
    },
    "type": "ia.container.flex"
  }
}