{
  "custom": {
    "name": "GeneratedUDT",
    "output": "None",
    "payload": "00010A150A00",
    "port": 15,
    "status": ""
  },
  "params": {
    "code": "value",
    "decoder": "value"
  },
  "propConfig": {
    "custom.name": {
      "persistent": true
    },
    "custom.output": {
      "persistent": true
    },
    "custom.payload": {
      "persistent": true
    },
    "custom.port": {
      "persistent": true
    },
    "custom.status": {
      "persistent": true
    },
    "params.code": {
      "paramDirection": "input",
      "persistent": true
    },
    "params.decoder": {
      "paramDirection": "input",
      "persistent": true
    }
  },
  "props": {
    "defaultSize": {
      "height": 671,
      "width": 658
    }
  },
  "root": {
    "children": [
      {
        "meta": {
          "name": "TextArea_0"
        },
        "position": {
          "breakpoints": [
            {
              "colIndex": 1,
              "name": "sm",
              "order": 1,
              "rowIndex": 4,
              "span": 10
            },
            {
              "colIndex": 1,
              "name": "md",
              "order": 0,
              "rowIndex": 3,
              "span": 10
            },
            {
              "colIndex": 1,
              "name": "lg",
              "order": 0,
              "rowIndex": 3,
              "span": 10
            }
          ],
          "height": 221
        },
        "propConfig": {
          "props.text": {
            "binding": {
              "config": {
                "bidirectional": true,
                "path": "view.custom.output"
              },
              "type": "property"
            }
          }
        },
        "type": "ia.input.text-area"
      },
      {
        "events": {
          "dom": {
            "onClick": {
              "config": {
                "script": "\timport json\n\tself.meta.visible \u003d False\n\tcontent \u003d self.view.params.code\n\tresult \u003d system.example.testDecoder(self.view.params.decoder, content, self.view.custom.payload, self.view.custom.port)\n\toutput \u003d system.example.generateUDT(\"GENERATEDUDT\", result)\n\tsystem.perspective.print(output)\n\ttry:\n\t\tjson_object \u003d json.loads(output)\n\t\tjson_formatted_str \u003d json.dumps(json_object, indent\u003d3)\n\t\tself.view.custom.output \u003d json_formatted_str\n\texcept:\n\t\tself.view.custom.output \u003d output\n\t\t\n\tself.meta.visible \u003d True"
              },
              "scope": "G",
              "type": "script"
            }
          }
        },
        "meta": {
          "name": "Button_4"
        },
        "position": {
          "breakpoints": [
            {
              "colIndex": 2,
              "name": "sm",
              "order": 0,
              "rowIndex": 3,
              "span": 8
            },
            {
              "colIndex": 4,
              "name": "md",
              "order": 1,
              "rowIndex": 2,
              "span": 4
            },
            {
              "colIndex": 4,
              "name": "lg",
              "order": 0,
              "rowIndex": 2,
              "span": 4
            }
          ],
          "height": 60
        },
        "props": {
          "image": {
            "style": {
              "backgroundColor": "#FFFFFF",
              "color": "#0D5C63",
              "fontSize": 16
            }
          },
          "style": {
            "backgroundColor": "#FFFFFF",
            "color": "#0D5C63",
            "fontSize": 16
          },
          "text": "Generate UDT"
        },
        "type": "ia.input.button"
      },
      {
        "meta": {
          "name": "TextField"
        },
        "position": {
          "breakpoints": [
            {
              "colIndex": 4,
              "name": "sm",
              "order": 1,
              "rowIndex": 1,
              "span": 6
            },
            {
              "colIndex": 3,
              "name": "md",
              "order": 1,
              "rowIndex": 1,
              "span": 3
            },
            {
              "colIndex": 5,
              "name": "lg",
              "order": 1,
              "rowIndex": 1,
              "span": 2
            }
          ],
          "height": 60
        },
        "propConfig": {
          "props.text": {
            "binding": {
              "config": {
                "bidirectional": true,
                "path": "view.custom.payload"
              },
              "type": "property"
            }
          }
        },
        "type": "ia.input.text-field"
      },
      {
        "meta": {
          "name": "NumericEntryField"
        },
        "position": {
          "breakpoints": [
            {
              "colIndex": 5,
              "name": "sm",
              "order": 1,
              "rowIndex": 2,
              "span": 3
            },
            {
              "colIndex": 8,
              "name": "md",
              "order": 3,
              "rowIndex": 1,
              "span": 3
            },
            {
              "colIndex": 8,
              "name": "lg",
              "order": 3,
              "rowIndex": 1,
              "span": 1
            }
          ],
          "height": 60
        },
        "propConfig": {
          "props.value": {
            "binding": {
              "config": {
                "bidirectional": true,
                "path": "view.custom.port"
              },
              "type": "property"
            }
          }
        },
        "type": "ia.input.numeric-entry-field"
      },
      {
        "meta": {
          "name": "Label_3"
        },
        "position": {
          "breakpoints": [
            {
              "colIndex": 0,
              "name": "sm",
              "order": 0,
              "rowIndex": 1,
              "span": 4
            },
            {
              "colIndex": 0,
              "name": "md",
              "order": 0,
              "rowIndex": 1,
              "span": 3
            },
            {
              "colIndex": 3,
              "name": "lg",
              "order": 0,
              "rowIndex": 1,
              "span": 2
            }
          ],
          "height": 60
        },
        "props": {
          "text": "Payload (Hex)",
          "textStyle": {
            "textAlign": "end"
          }
        },
        "type": "ia.display.label"
      },
      {
        "meta": {
          "name": "Label_1"
        },
        "position": {
          "breakpoints": [
            {
              "colIndex": 1,
              "name": "sm",
              "order": 0,
              "rowIndex": 2,
              "span": 4
            },
            {
              "colIndex": 6,
              "name": "md",
              "order": 2,
              "rowIndex": 1,
              "span": 2
            },
            {
              "colIndex": 7,
              "name": "lg",
              "order": 2,
              "rowIndex": 1,
              "span": 1
            }
          ],
          "height": 60
        },
        "props": {
          "text": "Port",
          "textStyle": {
            "textAlign": "end"
          }
        },
        "type": "ia.display.label"
      },
      {
        "meta": {
          "name": "Label"
        },
        "position": {
          "breakpoints": [
            {
              "colIndex": 0,
              "name": "sm",
              "order": 0,
              "rowIndex": 0,
              "span": 12
            },
            {
              "colIndex": 3,
              "name": "md",
              "order": 0.5,
              "rowIndex": 0,
              "span": 6
            },
            {
              "colIndex": 3,
              "name": "lg",
              "order": -0.5,
              "rowIndex": 0,
              "span": 6
            }
          ],
          "height": 60,
          "width": 296,
          "x": 23,
          "y": 13
        },
        "propConfig": {
          "props.text": {
            "binding": {
              "config": {
                "expression": "{view.params.decoder} + \" UDT Generation\""
              },
              "type": "expr"
            }
          }
        },
        "props": {
          "textStyle": {
            "color": "#0D5C63",
            "fontSize": 20,
            "fontWeight": "bolder",
            "textAlign": "center"
          }
        },
        "type": "ia.display.label"
      },
      {
        "meta": {
          "name": "TextField_0"
        },
        "position": {
          "breakpoints": [
            {
              "colIndex": 5,
              "name": "sm",
              "order": 1,
              "rowIndex": 5,
              "span": 5
            },
            {
              "colIndex": 4,
              "name": "md",
              "order": 1,
              "rowIndex": 4,
              "span": 4
            },
            {
              "colIndex": 5,
              "name": "lg",
              "order": 1,
              "rowIndex": 4,
              "span": 3
            }
          ],
          "height": 60
        },
        "propConfig": {
          "props.text": {
            "binding": {
              "config": {
                "bidirectional": true,
                "path": "view.custom.name"
              },
              "type": "property"
            }
          }
        },
        "type": "ia.input.text-field"
      },
      {
        "meta": {
          "name": "Label_4"
        },
        "position": {
          "breakpoints": [
            {
              "colIndex": 1,
              "name": "sm",
              "order": 0,
              "rowIndex": 5,
              "span": 4
            },
            {
              "colIndex": 2,
              "name": "md",
              "order": 0,
              "rowIndex": 4,
              "span": 2
            },
            {
              "colIndex": 3,
              "name": "lg",
              "order": 0,
              "rowIndex": 4,
              "span": 2
            }
          ],
          "height": 60
        },
        "props": {
          "text": "Save as:",
          "textStyle": {
            "textAlign": "end"
          }
        },
        "type": "ia.display.label"
      },
      {
        "events": {
          "dom": {
            "onClick": [
              {
                "config": {
                  "script": "\timport time\n\tself.meta.visible \u003d False\n\tcontent \u003d self.view.custom.output\n\tname \u003d self.view.custom.name\n\tdecoder \u003d self.view.params.decoder\n\tuploaded \u003d False\n\tif(content \u003d\u003d \"\" or name \u003d\u003d \"\"):\n\t\tsystem.perspective.print(\"Error: Invalid Name or content.\")\n\telse:\n\t\tuploaded \u003d system.example.addUDT(content, name, decoder)\n\t#display status\n\tif(uploaded):\n\t\tself.view.custom.output \u003d \"\"\n\t\tself.view.custom.name \u003d \"\"\n\t\tself.view.custom.status \u003d \"Successful Upload!\"\n\telse:\n\t\tself.view.custom.status \u003d \"Failed Upload!\"\n\ttime.sleep(3)\n\tself.view.custom.status \u003d \"\"\n\tself.meta.visible \u003d True\n\n"
                },
                "scope": "G",
                "type": "script"
              },
              {
                "config": {
                  "params": {
                    "decoder": "{view.params.decoder}"
                  },
                  "view": "Decoder Details"
                },
                "preventDefault": true,
                "scope": "C",
                "type": "nav"
              }
            ]
          }
        },
        "meta": {
          "name": "Button"
        },
        "position": {
          "breakpoints": [
            {
              "colIndex": 1,
              "name": "sm",
              "order": 0,
              "rowIndex": 6,
              "span": 10
            },
            {
              "colIndex": 4,
              "name": "md",
              "order": 0,
              "rowIndex": 5,
              "span": 4
            },
            {
              "colIndex": 4,
              "name": "lg",
              "order": 0,
              "rowIndex": 5,
              "span": 4
            }
          ],
          "height": 60,
          "width": 295,
          "x": 168.4225,
          "y": 440.37
        },
        "props": {
          "image": {
            "style": {
              "backgroundColor": "#5C9996",
              "fill": "#5C9996",
              "opacity": "1"
            }
          },
          "style": {
            "backgroundColor": "#FFFFFF",
            "color": "#0D5C63"
          },
          "text": "Upload UDT"
        },
        "type": "ia.input.button"
      },
      {
        "meta": {
          "name": "Label_2"
        },
        "position": {
          "breakpoints": [
            {
              "colIndex": 2,
              "name": "sm",
              "order": 0.5,
              "rowIndex": 7,
              "span": 8
            },
            {
              "colIndex": 3,
              "name": "md",
              "order": 1,
              "rowIndex": 6,
              "span": 6
            },
            {
              "colIndex": 5,
              "name": "lg",
              "order": 0.5,
              "rowIndex": 6,
              "span": 2
            }
          ],
          "height": 60
        },
        "propConfig": {
          "props.text": {
            "binding": {
              "config": {
                "path": "view.custom.status"
              },
              "type": "property"
            }
          }
        },
        "props": {
          "style": {
            "textAlign": "center"
          },
          "textStyle": {
            "textAlign": "center"
          }
        },
        "type": "ia.display.label"
      },
      {
        "meta": {
          "name": "BreakpointContainer_0"
        },
        "position": {
          "breakpoints": [
            {
              "colIndex": 2,
              "name": "sm",
              "order": 1,
              "rowIndex": 8,
              "span": 1
            },
            {
              "colIndex": 0,
              "name": "md",
              "order": 2,
              "rowIndex": 2,
              "span": 12
            },
            {
              "colIndex": 8,
              "name": "lg",
              "order": 1,
              "rowIndex": 6,
              "span": 1
            }
          ],
          "height": 20
        },
        "type": "ia.container.breakpt"
      }
    ],
    "meta": {
      "name": "root"
    },
    "type": "ia.container.column"
  }
}