{
  "name": "",
  "tagType": "Provider",
  "tags": [
    {
      "name": "Exchange",
      "tagType": "Folder",
      "tags": [
        {
          "name": "MQTT Vanilla Transmission",
          "tagType": "Folder",
          "tags": [
            {
              "name": "Example Instance",
              "typeId": "Exchange/MQTT Vanilla Transmission/MQTT Vanilla Transmission",
              "parameters": {
                "Calculation Rate MS": {
                  "dataType": "Integer",
                  "value": 1000
                }
              },
              "enabled": true,
              "tagType": "UdtInstance",
              "tags": [
                {
                  "name": "Config",
                  "tagType": "Folder",
                  "tags": [
                    {
                      "name": "Topic",
                      "tagType": "Folder",
                      "tags": [
                        {
                          "value": [
                            "[MQTT Vanilla Transmission]"
                          ],
                          "name": "Cut From Tag Path",
                          "tagType": "AtomicTag"
                        },
                        {
                          "name": "Prefix",
                          "tagType": "AtomicTag"
                        }
                      ]
                    },
                    {
                      "name": "General",
                      "tagType": "Folder",
                      "tags": [
                        {
                          "value": "engine",
                          "name": "Cirrus Link Module",
                          "tagType": "AtomicTag"
                        },
                        {
                          "value": false,
                          "name": "Enabled",
                          "tagType": "AtomicTag"
                        },
                        {
                          "value": [
                            "Chariot"
                          ],
                          "name": "Server List",
                          "tagType": "AtomicTag"
                        },
                        {
                          "value": false,
                          "name": "Read Tag Properties",
                          "tagType": "AtomicTag"
                        },
                        {
                          "value": 0,
                          "name": "QoS",
                          "tagType": "AtomicTag"
                        },
                        {
                          "value": false,
                          "name": "Retain",
                          "tagType": "AtomicTag"
                        }
                      ]
                    },
                    {
                      "name": "Logging",
                      "tagType": "Folder",
                      "tags": [
                        {
                          "value": true,
                          "name": "Log Statistics",
                          "tagType": "AtomicTag"
                        },
                        {
                          "name": "Gateway Logger Name",
                          "tagType": "AtomicTag"
                        }
                      ]
                    },
                    {
                      "name": "Payload",
                      "tagType": "Folder",
                      "tags": [
                        {
                          "value": "local",
                          "name": "Timestamp Format",
                          "tagType": "AtomicTag"
                        },
                        {
                          "value": "json",
                          "name": "Payload Format",
                          "tagType": "AtomicTag"
                        },
                        {
                          "value": "text",
                          "name": "Quality Format",
                          "tagType": "AtomicTag"
                        }
                      ]
                    }
                  ]
                },
                {
                  "name": "Statistics",
                  "tagType": "Folder",
                  "tags": [
                    {
                      "value": 0,
                      "name": "Error Rate",
                      "tagType": "AtomicTag"
                    },
                    {
                      "value": "",
                      "name": "Error Message",
                      "tagType": "AtomicTag"
                    },
                    {
                      "value": 0,
                      "name": "Sent Rate",
                      "tagType": "AtomicTag"
                    },
                    {
                      "name": "Counters",
                      "tagType": "Folder",
                      "tags": [
                        {
                          "value": 0,
                          "name": "Sent Count",
                          "tagType": "AtomicTag"
                        },
                        {
                          "name": "Last Rate Calculation",
                          "tagType": "AtomicTag"
                        },
                        {
                          "value": 0,
                          "name": "Error Count",
                          "tagType": "AtomicTag"
                        },
                        {
                          "value": 0,
                          "name": "Event Count",
                          "tagType": "AtomicTag"
                        },
                        {
                          "value": false,
                          "name": "Reset",
                          "tagType": "AtomicTag"
                        },
                        {
                          "value": 0,
                          "name": "Drop Count",
                          "tagType": "AtomicTag"
                        },
                        {
                          "name": "Last Event",
                          "tagType": "AtomicTag"
                        }
                      ]
                    },
                    {
                      "value": "",
                      "name": "Drop Message",
                      "tagType": "AtomicTag"
                    },
                    {
                      "value": 0,
                      "name": "Drop Rate",
                      "tagType": "AtomicTag"
                    },
                    {
                      "value": 0,
                      "name": "Event Rate",
                      "tagType": "AtomicTag"
                    }
                  ]
                }
              ]
            },
            {
              "valueSource": "memory",
              "dataType": "Float4",
              "name": "Example Writable Float 1",
              "value": 123.44,
              "tagType": "AtomicTag"
            }
          ]
        }
      ]
    },
    {
      "name": "_types_",
      "tagType": "Folder",
      "tags": [
        {
          "name": "Exchange",
          "tagType": "Folder",
          "tags": [
            {
              "name": "MQTT Vanilla Transmission",
              "tagType": "Folder",
              "tags": [
                {
                  "typeColor": -10719104,
                  "name": "MQTT Vanilla Transmission",
                  "tooltip": "Instance of this UDT works together with project script. Provides config tags as input and statistics tags as output.",
                  "parameters": {
                    "Calculation Rate MS": {
                      "dataType": "Integer",
                      "value": 1000
                    }
                  },
                  "tagType": "UdtType",
                  "tags": [
                    {
                      "name": "Config",
                      "tagType": "Folder",
                      "tags": [
                        {
                          "name": "General",
                          "tagType": "Folder",
                          "tags": [
                            {
                              "valueSource": "memory",
                              "engHigh": 2.0,
                              "name": "QoS",
                              "tooltip": "Default Quality of Service, if not specified directly on each tag. Enum: [0,1,2]",
                              "deadbandMode": "Off",
                              "engLimitMode": "Clamp_Both",
                              "value": 0,
                              "tagType": "AtomicTag"
                            },
                            {
                              "valueSource": "memory",
                              "eventScripts": [
                                {
                                  "eventid": "valueChanged",
                                  "script": "\tif not initialChange and previousValue.value and not currentValue.value:\n\t\tsystem.tag.writeBlocking(\"[.]../../Statistics/Counters/Reset\", True)"
                                }
                              ],
                              "dataType": "Boolean",
                              "documentation": "",
                              "name": "Enabled",
                              "tooltip": "Enables/Disables whole instance MQTT Transmission Vanilla",
                              "deadbandMode": "Off",
                              "value": false,
                              "tagType": "AtomicTag"
                            },
                            {
                              "valueSource": "memory",
                              "dataType": "Boolean",
                              "documentation": "Read tag custom properties :\n\tQoS - rewrites global QoS set in this UDT instance\n\tRetain - rewrites global Retain flag set in this UDT instance\n\tExcludeFromPayload - if true, does not send messages for this tag (taken from Cirrus Link Transmission logic)",
                              "name": "Read Tag Properties",
                              "tooltip": "If transmission should try to read tag custom properties. See this tag documentation for more info. Disabling this could improve performance.",
                              "deadbandMode": "Off",
                              "value": false,
                              "enabled": true,
                              "tagType": "AtomicTag"
                            },
                            {
                              "valueSource": "memory",
                              "dataType": "StringArray",
                              "documentation": "List of valid server connection names to send a message to.\nMust be configured in Gateway based on used module (see docs on Cirrus Link Module tag)",
                              "name": "Server List",
                              "tooltip": "List of valid MQTT server connection names",
                              "deadbandMode": "Off",
                              "tagType": "AtomicTag"
                            },
                            {
                              "valueSource": "memory",
                              "dataType": "String",
                              "documentation": "Cirrus Link module used to publish messages\n\"transmission\":\n\tserver connection must be configured Gateway -\u003e Config -\u003e MQTT Transmission Settings -\u003e Servers\n\tconfigured server must have enabled RPC Client Connection (under Advanced Properties)\n\"engine\": \n\tserver connection must be configured Gateway -\u003e Config -\u003e MQTT Engine Settings -\u003e Servers",
                              "name": "Cirrus Link Module",
                              "tooltip": "Cirrus Link module used to publish messages. Enum: [\"transmission\",\"engine\"]",
                              "deadbandMode": "Off",
                              "value": "transmission",
                              "tagType": "AtomicTag"
                            },
                            {
                              "valueSource": "memory",
                              "dataType": "Boolean",
                              "name": "Retain",
                              "tooltip": "Default Retain flag, if not specified directly on each tag.",
                              "deadbandMode": "Off",
                              "value": false,
                              "tagType": "AtomicTag"
                            }
                          ]
                        },
                        {
                          "name": "Logging",
                          "tagType": "Folder",
                          "tags": [
                            {
                              "valueSource": "memory",
                              "dataType": "String",
                              "documentation": "",
                              "name": "Gateway Logger Name",
                              "tooltip": "Under this name you will find logs in Gateway -\u003e Status -\u003e Logs",
                              "deadbandMode": "Off",
                              "value": "exchange.MqttVanillaTransmission",
                              "tagType": "AtomicTag"
                            },
                            {
                              "valueSource": "memory",
                              "eventScripts": [
                                {
                                  "eventid": "valueChanged",
                                  "script": "\tif not initialChange and previousValue.value and not currentValue.value:\n\t\tsystem.tag.writeBlocking(\"[.]../../Statistics/Counters/Reset\", True)"
                                }
                              ],
                              "dataType": "Boolean",
                              "documentation": "",
                              "name": "Log Statistics",
                              "tooltip": "Turn on/off writing to statistics tags",
                              "deadbandMode": "Off",
                              "value": true,
                              "tagType": "AtomicTag"
                            }
                          ]
                        },
                        {
                          "name": "Topic",
                          "tagType": "Folder",
                          "tags": [
                            {
                              "valueSource": "memory",
                              "dataType": "String",
                              "documentation": "Always will be added before topic after cutting process. Be careful for correct number of slashes - this should almost always end with slash.",
                              "name": "Prefix",
                              "tooltip": "Always will be added before topic after cutting process (Cut From Tag Path)",
                              "deadbandMode": "Off",
                              "value": "ignition/exchange/mqttVanillaTransmission/",
                              "tagType": "AtomicTag"
                            },
                            {
                              "valueSource": "memory",
                              "dataType": "StringArray",
                              "documentation": "Fill here list of strings, that you want to cut from full tag path. First string, that is found in tag path is deleted from it - rest is ignored.\nExample: \n\tTag change root path config: \t[default]root/path/to/exclude/*\n\tTag change event path: \t[default]root/path/to/exclude/from/here/is/topic\n\tItem from list of this tag: \t[default]root/path/to/exclude/\n\tResult: \t\tfrom/here/is/topic\n\nIf this list is empty, topic will be: Prefix + tag path.",
                              "name": "Cut From Tag Path",
                              "tooltip": "List of strings to cut from tag path. See tag documentation for more info. ",
                              "deadbandMode": "Off",
                              "value": [],
                              "tagType": "AtomicTag"
                            }
                          ]
                        },
                        {
                          "name": "Payload",
                          "tagType": "Folder",
                          "tags": [
                            {
                              "valueSource": "memory",
                              "dataType": "String",
                              "documentation": "Available quality formats:\n\"code\":\n\treturns one of these:\n\t\t0 - 225: Good\n\t\t256 - 511 : Uncertain\n\t\t512 - 767: Bad\n\t\t768 - 1023: Error\n\t\n\"text\":\n\treturns one of these: [\"Good\",\"Bad\",\"Uncertain\",\"Error\"]\n\nFull list here: https://www.docs.inductiveautomation.com/docs/8.1/platform/tags/quality-codes-and-overlays",
                              "name": "Quality Format",
                              "tooltip": "Quality expressed by Ignition quality codes or by text. Enum:[\"code\",\"text\"]",
                              "deadbandMode": "Off",
                              "value": "text",
                              "tagType": "AtomicTag"
                            },
                            {
                              "valueSource": "memory",
                              "dataType": "String",
                              "documentation": "Available timestamp formats:\n\"local\":\n\tlocal (gateway) time in string in format YYYY-MM-DD HH:mm:ss.sss\n\"millis\":\n\tnumber of milliseconds from start of the Unix Epoch (1.1.1970 00:00:00)\n\"iso\":\n\tUTC time in string format YYYY-MM-DDTHH:mm:ss.sssZ",
                              "name": "Timestamp Format",
                              "tooltip": "Enum:[\"local\",\"millis\",\"iso\"]",
                              "deadbandMode": "Off",
                              "value": "local",
                              "tagType": "AtomicTag"
                            },
                            {
                              "valueSource": "memory",
                              "dataType": "String",
                              "documentation": "Available formats:\n\"qualifiedValue\":\n\t- set of information, that each tag in Ignition has - timestamp,quality,value\n\t- format of timestamp and quality can be modified by parameters below\n\"json\":\n\t- set of information, that each tag in Ignition has - timestamp,quality,value wrapped in JSON message\n\t- format of timestamp and quality can be modified by parameters below\n\"value\":\n\t- publish only value alone with only Good quality\n\"influx\":\n\t- generates string compatible with influxDB line protocol, that can be subscribed by Telegraf and data can be easily stored in this time-series database\n\t- format of timestamp and quality is fixed and parameters below does not have any effect",
                              "name": "Payload Format",
                              "tooltip": "Defines structure of the payload. See tag documentation for more info. Enum: [\"qualifiedValue\",\"json\",\"value\",\"influx\"]",
                              "deadbandMode": "Off",
                              "value": "json",
                              "tagType": "AtomicTag"
                            }
                          ]
                        }
                      ]
                    },
                    {
                      "name": "Statistics",
                      "tagType": "Folder",
                      "tags": [
                        {
                          "valueSource": "memory",
                          "readOnly": false,
                          "dataType": "Int8",
                          "name": "Drop Rate",
                          "tooltip": "Number of dropped events per set rate. Written by Counters/Last Rate Calculation  Tag",
                          "deadbandMode": "Off",
                          "value": 0,
                          "tagType": "AtomicTag"
                        },
                        {
                          "name": "Counters",
                          "tagType": "Folder",
                          "tags": [
                            {
                              "valueSource": "memory",
                              "readOnly": false,
                              "dataType": "Int8",
                              "name": "Event Count",
                              "tooltip": "Number of events in total. Is periodically set to 0 by rate calculation. Incremented is by project script.",
                              "deadbandMode": "Off",
                              "value": 0,
                              "tagType": "AtomicTag"
                            },
                            {
                              "valueSource": "memory",
                              "readOnly": false,
                              "dataType": "Int8",
                              "name": "Sent Count",
                              "tooltip": "Number of ok events (\u003dmessage sent). Is periodically set to 0 by rate calculation. Incremented is by project script.",
                              "deadbandMode": "Off",
                              "value": 0,
                              "tagType": "AtomicTag"
                            },
                            {
                              "valueSource": "memory",
                              "readOnly": false,
                              "dataType": "Int8",
                              "name": "Drop Count",
                              "tooltip": "Number of dropped events. Is periodically set to 0 by rate calculation. Incremented is by project script.",
                              "deadbandMode": "Off",
                              "value": 0,
                              "tagType": "AtomicTag"
                            },
                            {
                              "valueSource": "memory",
                              "eventScripts": [
                                {
                                  "eventid": "valueChanged",
                                  "script": "\tif not initialChange and currentValue.value:\n\t\ttagPaths \u003d [\n\t\t\t\"[.]Drop Count\",\n\t\t\t\"[.]Error Count\",\n\t\t\t\"[.]Event Count\",\n\t\t\t\"[.]Sent Count\",\n\t\t\t\"[.]../Drop Rate\",\n\t\t\t\"[.]../Error Rate\",\n\t\t\t\"[.]../Event Rate\",\n\t\t\t\"[.]../Sent Rate\"\n\t\t]\n\t\t\n\t\tvalues \u003d [0] * len(tagPaths)\n\t\t\n\t\ttagPaths +\u003d [\n\t\t\ttagPath,\n\t\t\t\"[.]../Error Message\",\n\t\t\t\"[.]../Drop Message\",\n\t\t]\n\t\tvalues +\u003d [\n\t\t\tFalse,\n\t\t\t\"\",\n\t\t\t\"\",\n\t\t]\n\t\t\n\t\tsystem.tag.writeBlocking(tagPaths, values)\n\t\t"
                                }
                              ],
                              "dataType": "Boolean",
                              "documentation": "",
                              "name": "Reset",
                              "tooltip": "Reset all statistics tags",
                              "deadbandMode": "Off",
                              "value": false,
                              "tagType": "AtomicTag"
                            },
                            {
                              "valueSource": "expr",
                              "eventScripts": [
                                {
                                  "eventid": "valueChanged",
                                  "script": "\tif not initialChange and currentValue.value:\n\t\ttagPathsRead \u003d [\n\t\t\t\"[.]Event Count\",\n\t\t\t\"[.]Drop Count\",\n\t\t\t\"[.]Error Count\",\n\t\t\t\"[.]Sent Count\"\n\t\t]\n\t\t\n\t\tread \u003d system.tag.readBlocking(tagPathsRead)\n\t\t\n\t\treadValues \u003d []\n\t\tfor qv in read:\n\t\t\treadValues.append(qv.value)\n\t\t\n\t\ttagPathsWrite \u003d [\n\t\t\t\"[.]../Event Rate\",\n\t\t\t\"[.]../Drop Rate\",\n\t\t\t\"[.]../Error Rate\",\n\t\t\t\"[.]../Sent Rate\"\n\t\t] + tagPathsRead\n\t\t\n\t\twriteValues \u003d readValues + ([0] * len(readValues))\n\t\t\n\t\ttagPathsWrite +\u003d [\"[.]../Error Message\",\"[.]../Drop Message\"]\n\t\twriteValues +\u003d [\"\",\"\"]\n\t\t\n\t\tsystem.tag.writeBlocking(tagPathsWrite,writeValues)"
                                }
                              ],
                              "expression": "if({[.]../../Config/General/Enabled} \u0026\u0026 {[.]../../Config/Logging/Log Statistics}, now({Calculation Rate MS}), None)",
                              "dataType": "DateTime",
                              "name": "Last Rate Calculation",
                              "tooltip": "This tag triggers calculation of Rate tags a sets Count tags to 0. One tick duration is variable based on parameter Calculation Rate MS. Also it clears Message tags.",
                              "formatString": "yyyy-MM-dd HH:mm:ss.sss",
                              "executionMode": "EventDriven",
                              "tagType": "AtomicTag"
                            },
                            {
                              "valueSource": "memory",
                              "readOnly": false,
                              "dataType": "Int8",
                              "name": "Error Count",
                              "tooltip": "Number of error events. Is periodically set to 0 by rate calculation. Incremented is by project script.",
                              "deadbandMode": "Off",
                              "value": 0,
                              "tagType": "AtomicTag"
                            },
                            {
                              "valueSource": "reference",
                              "dataType": "DateTime",
                              "sourceTagPath": "[.]Event Count.Timestamp",
                              "name": "Last Event",
                              "tooltip": "Datetime of last fired event",
                              "formatString": "yyyy-MM-dd HH:mm:ss.sss",
                              "tagType": "AtomicTag"
                            }
                          ]
                        },
                        {
                          "valueSource": "memory",
                          "readOnly": false,
                          "dataType": "Int8",
                          "name": "Error Rate",
                          "tooltip": "Number of error events per set rate. Written by Counters/Last Rate Calculation  Tag",
                          "deadbandMode": "Off",
                          "value": 0,
                          "tagType": "AtomicTag"
                        },
                        {
                          "valueSource": "memory",
                          "readOnly": false,
                          "dataType": "Int8",
                          "name": "Event Rate",
                          "tooltip": "Number of total events per set rate. Written by Counters/Last Rate Calculation  Tag",
                          "deadbandMode": "Off",
                          "value": 0,
                          "tagType": "AtomicTag"
                        },
                        {
                          "valueSource": "memory",
                          "readOnly": false,
                          "dataType": "Int8",
                          "name": "Sent Rate",
                          "tooltip": "Number of ok events per set rate. Written by Counters/Last Rate Calculation  Tag",
                          "deadbandMode": "Off",
                          "value": 0,
                          "tagType": "AtomicTag"
                        },
                        {
                          "valueSource": "memory",
                          "readOnly": false,
                          "dataType": "String",
                          "name": "Error Message",
                          "tooltip": "When some error, here will blink error message. Reset by Counters/Last Rate Calculation  Tag",
                          "deadbandMode": "Off",
                          "value": "",
                          "tagType": "AtomicTag"
                        },
                        {
                          "valueSource": "memory",
                          "readOnly": false,
                          "dataType": "String",
                          "name": "Drop Message",
                          "tooltip": "When some drop, here will blink drop message. Reset by Counters/Last Rate Calculation  Tag",
                          "deadbandMode": "Off",
                          "value": "",
                          "tagType": "AtomicTag"
                        }
                      ]
                    }
                  ]
                }
              ]
            }
          ]
        }
      ]
    }
  ]
}