{
  "custom": {},
  "params": {
    "entryType": "value",
    "label": "value",
    "region": "value",
    "tooltip": "value",
    "udtPath": "value"
  },
  "propConfig": {
    "params.entryType": {
      "paramDirection": "input",
      "persistent": true
    },
    "params.label": {
      "paramDirection": "input",
      "persistent": true
    },
    "params.region": {
      "paramDirection": "input",
      "persistent": true
    },
    "params.tooltip": {
      "paramDirection": "input",
      "persistent": true
    },
    "params.udtPath": {
      "paramDirection": "inout",
      "persistent": true
    }
  },
  "props": {},
  "root": {
    "children": [
      {
        "meta": {
          "name": "EmbeddedView"
        },
        "position": {
          "basis": "97px"
        },
        "propConfig": {
          "props.params.label": {
            "binding": {
              "config": {
                "path": "view.params.label"
              },
              "type": "property"
            }
          },
          "props.params.toolTip": {
            "binding": {
              "config": {
                "path": "view.params.tooltip"
              },
              "type": "property"
            }
          },
          "props.params.udtPath": {
            "binding": {
              "config": {
                "bidirectional": true,
                "path": "view.params.udtPath"
              },
              "type": "property"
            }
          },
          "props.path": {
            "binding": {
              "config": {
                "path": "view.params.entryType"
              },
              "transforms": [
                {
                  "code": "\tif value \u003d\u003d \"TEXT\":\n\t\treturn \"DataManagement/DeviceProfile/specs/editForm/detailstext\"\n\telif value \u003d\u003d \"NUMBER\":\n\t\treturn \"DataManagement/DeviceProfile/specs/editForm/detailsNumber\"\n\telif value \u003d\u003d\"TAGSELECTOR\":\n\t\treturn \"DataManagement/DeviceProfile/specs/form/tagPickerLauncher\"\n\t\t\n\telif value \u003d\u003d\"APPS\":\n\t\treturn \"DataManagement/DeviceProfile/specs/editForm/applicationIDs\"\n\telif value \u003d\u003d \"SENSORTYPE\":\n\t\treturn \"DataManagement/DeviceProfile/specs/editForm/detailsDropDownType\"\t\n\telse:\n\t\treturn \"DataManagement/DeviceProfile/specs/editForm/detailsDropDown\"\n",
                  "type": "script"
                }
              ],
              "type": "property"
            }
          }
        },
        "type": "ia.display.view"
      }
    ],
    "meta": {
      "name": "root"
    },
    "props": {
      "direction": "column"
    },
    "type": "ia.container.flex"
  }
}