{
  "custom": {},
  "params": {},
  "props": {},
  "root": {
    "children": [
      {
        "meta": {
          "name": "Label"
        },
        "props": {
          "text": "No sensors found to display, sync a few to see some data"
        },
        "type": "ia.display.label"
      }
    ],
    "meta": {
      "name": "root"
    },
    "props": {
      "direction": "column",
      "justify": "space-around",
      "style": {
        "classes": "Dashboard/label"
      }
    },
    "type": "ia.container.flex"
  }
}