{
  "custom": {
    "mfgs": [
      {
        "label": "Honeywell",
        "value": [
          {
            "label": "Honeywell-Versatillis",
            "value": 38
          }
        ]
      },
      {
        "label": "Dragino",
        "value": [
          {
            "label": "Dragino-Temperature-Humidity-LHT65N",
            "value": 6
          },
          {
            "label": "Dragino-CurrentConverter-CS01LB",
            "value": 8
          },
          {
            "label": "Dragino-DryContact-CPL03-LB/LS",
            "value": 9
          }
        ]
      },
      {
        "label": "RIOTWireless",
        "value": [
          {
            "label": "RIOT-Ultrasonic-Level",
            "value": 26
          }
        ]
      },
      {
        "label": "VEGA",
        "value": [
          {
            "label": "Vega-Air",
            "value": 32
          },
          {
            "label": "VEGA-PULSAIR41",
            "value": 33
          }
        ]
      },
      {
        "label": "Yokogawa",
        "value": [
          {
            "label": "Yokogawa-Sushi-Vibration",
            "value": 35
          },
          {
            "label": "Yokogawa-Sushi-Pressure",
            "value": 36
          },
          {
            "label": "Yokogawa-Sushi-Temperature",
            "value": 37
          }
        ]
      },
      {
        "label": "Trackonomy",
        "value": [
          {
            "label": "Trackonomy-THL",
            "value": 34
          }
        ]
      },
      {
        "label": "Aloxy",
        "value": [
          {
            "label": "Aloxy-ValvePosition",
            "value": 25
          }
        ]
      },
      {
        "label": "Sensor Networks",
        "value": [
          {
            "label": "SensorNetworks-MicroPims",
            "value": 29
          }
        ]
      },
      {
        "label": "AbeewayTracker",
        "value": [
          {
            "label": "Abeeway-Tracker",
            "value": 24
          }
        ]
      },
      {
        "label": "Sensia",
        "value": [
          {
            "label": "Sensia-Temperature",
            "value": 31
          }
        ]
      },
      {
        "label": "DigitalMatter",
        "value": [
          {
            "label": "DigitalMatter-OysterTracker",
            "value": 23
          }
        ]
      },
      {
        "label": "TESolutions",
        "value": [
          {
            "label": "TE-Pressure",
            "value": 1
          },
          {
            "label": "TE-Vibration",
            "value": 2
          }
        ]
      },
      {
        "label": "TWTG",
        "value": [
          {
            "label": "TWTG-Pressure ",
            "value": 3
          },
          {
            "label": "TWTG-Vibration",
            "value": 4
          },
          {
            "label": "TWTG-Temperature-Transmitter",
            "value": 5
          },
          {
            "label": "TWTG-Temperature-Contact",
            "value": 28
          }
        ]
      },
      {
        "label": "Bourdon",
        "value": [
          {
            "label": "Bourdon-PressureGauge",
            "value": 27
          }
        ]
      },
      {
        "label": "RadioBridge",
        "value": [
          {
            "label": "RadioBridge-Voltage",
            "value": 14
          },
          {
            "label": "RadioBridge-Moisture",
            "value": 15
          },
          {
            "label": "RadioBridge-Temperature",
            "value": 16
          },
          {
            "label": "RadioBridge-420ma",
            "value": 17
          },
          {
            "label": "RadioBridge-Accelerometer",
            "value": 18
          },
          {
            "label": "RadioBridge-Level",
            "value": 19
          },
          {
            "label": "RadioBridge-Contact",
            "value": 20
          },
          {
            "label": "RadioBridge-Vibration",
            "value": 21
          },
          {
            "label": "RadioBridgeHumidity",
            "value": 22
          }
        ]
      },
      {
        "label": "Orbiwise",
        "value": [
          {
            "label": "Orbiwise-Sampols",
            "value": 30
          }
        ]
      },
      {
        "label": "Ellenex",
        "value": [
          {
            "label": "Ellenex-Differential-Pressure-PDS2-L",
            "value": 12
          }
        ]
      },
      {
        "label": "Vutility",
        "value": [
          {
            "label": "Vutility-HotDrop-Direct",
            "value": 7
          },
          {
            "label": "Vutility-PulseDrop-Direct",
            "value": 10
          },
          {
            "label": "Vutility-VoltDrop-Direct",
            "value": 11
          }
        ]
      },
      {
        "label": "Tekelek",
        "value": [
          {
            "label": "Tekelek-Ultrasonic-Level-TEK888",
            "value": 13
          }
        ]
      }
    ],
    "models": [
      {
        "label": "TE-Pressure",
        "value": 1
      },
      {
        "label": "TE-Vibration",
        "value": 2
      },
      {
        "label": "TWTG-Pressure ",
        "value": 3
      },
      {
        "label": "TWTG-Vibration",
        "value": 4
      },
      {
        "label": "TWTG-Temperature-Transmitter",
        "value": 5
      },
      {
        "label": "Dragino-Temperature-Humidity-LHT65N",
        "value": 6
      },
      {
        "label": "Vutility-HotDrop-Direct",
        "value": 7
      },
      {
        "label": "Dragino-CurrentConverter-CS01LB",
        "value": 8
      },
      {
        "label": "Dragino-DryContact-CPL03-LB/LS",
        "value": 9
      },
      {
        "label": "Vutility-PulseDrop-Direct",
        "value": 10
      },
      {
        "label": "Vutility-VoltDrop-Direct",
        "value": 11
      },
      {
        "label": "Ellenex-Differential-Pressure-PDS2-L",
        "value": 12
      },
      {
        "label": "Tekelek-Ultrasonic-Level-TEK888",
        "value": 13
      },
      {
        "label": "RadioBridge-Voltage",
        "value": 14
      },
      {
        "label": "RadioBridge-Moisture",
        "value": 15
      },
      {
        "label": "RadioBridge-Temperature",
        "value": 16
      },
      {
        "label": "RadioBridge-420ma",
        "value": 17
      },
      {
        "label": "RadioBridge-Accelerometer",
        "value": 18
      },
      {
        "label": "RadioBridge-Level",
        "value": 19
      },
      {
        "label": "RadioBridge-Contact",
        "value": 20
      },
      {
        "label": "RadioBridge-Vibration",
        "value": 21
      },
      {
        "label": "RadioBridgeHumidity",
        "value": 22
      },
      {
        "label": "DigitalMatter-OysterTracker",
        "value": 23
      },
      {
        "label": "Abeeway-Tracker",
        "value": 24
      },
      {
        "label": "Aloxy-ValvePosition",
        "value": 25
      },
      {
        "label": "RIOT-Ultrasonic-Level",
        "value": 26
      },
      {
        "label": "Bourdon-PressureGauge",
        "value": 27
      },
      {
        "label": "TWTG-Temperature-Contact",
        "value": 28
      },
      {
        "label": "SensorNetworks-MicroPims",
        "value": 29
      },
      {
        "label": "Orbiwise-Sampols",
        "value": 30
      },
      {
        "label": "Sensia-Temperature",
        "value": 31
      },
      {
        "label": "Vega-Air",
        "value": 32
      },
      {
        "label": "VEGA-PULSAIR41",
        "value": 33
      },
      {
        "label": "Trackonomy-THL",
        "value": 34
      },
      {
        "label": "Yokogawa-Sushi-Vibration",
        "value": 35
      },
      {
        "label": "Yokogawa-Sushi-Pressure",
        "value": 36
      },
      {
        "label": "Yokogawa-Sushi-Temperature",
        "value": 37
      },
      {
        "label": "Honeywell-Versatillis",
        "value": 38
      }
    ]
  },
  "params": {},
  "props": {},
  "root": {
    "children": [
      {
        "children": [
          {
            "children": [
              {
                "meta": {
                  "name": "Label"
                },
                "props": {
                  "text": "Tenant"
                },
                "type": "ia.display.label"
              },
              {
                "meta": {
                  "name": "Label_0"
                },
                "position": {
                  "grow": 1
                },
                "props": {
                  "style": {
                    "classes": "grey",
                    "fontSize": "small",
                    "fontStyle": "italic"
                  },
                  "text": "optional"
                },
                "type": "ia.display.label"
              }
            ],
            "meta": {
              "name": "FlexContainer"
            },
            "position": {
              "basis": "50px"
            },
            "type": "ia.container.flex"
          },
          {
            "meta": {
              "name": "Dropdown"
            },
            "position": {
              "grow": 1
            },
            "type": "ia.input.dropdown"
          }
        ],
        "meta": {
          "name": "tenant"
        },
        "props": {
          "direction": "column"
        },
        "type": "ia.container.flex"
      },
      {
        "children": [
          {
            "meta": {
              "name": "Label"
            },
            "position": {
              "basis": "50px"
            },
            "props": {
              "text": "Device Type"
            },
            "type": "ia.display.label"
          },
          {
            "children": [
              {
                "children": [
                  {
                    "meta": {
                      "name": "Dropdown_mfg"
                    },
                    "position": {
                      "basis": "30px"
                    },
                    "propConfig": {
                      "props.options": {
                        "binding": {
                          "config": {
                            "path": "view.custom.mfgs"
                          },
                          "type": "property"
                        }
                      },
                      "props.value": {
                        "onChange": {
                          "enabled": null,
                          "script": "\tif currentValue.value !\u003d None:\n\t\tself.parent.parent.getChild(\"Dropdown\").props.options \u003d currentValue.value\n\telse:\n\t\tself.parent.parent.getChild(\"Dropdown\").props.options \u003d self.view.custom.models"
                        }
                      }
                    },
                    "props": {
                      "placeholder": {
                        "text": "--SELECT MANUFACTURER--"
                      },
                      "showClearIcon": true,
                      "style": {
                        "backgroundColor": "#FFFFFF",
                        "borderColor": "#AAAAAA"
                      }
                    },
                    "type": "ia.input.dropdown"
                  }
                ],
                "meta": {
                  "name": "CoordinateContainer_manufacturer"
                },
                "props": {
                  "direction": "column"
                },
                "type": "ia.container.flex"
              },
              {
                "meta": {
                  "name": "Dropdown"
                },
                "position": {
                  "grow": 1
                },
                "propConfig": {
                  "props.options": {
                    "binding": {
                      "config": {
                        "path": "view.custom.models"
                      },
                      "type": "property"
                    }
                  },
                  "props.value": {
                    "binding": {
                      "config": {
                        "path": "/root.custom.selectedModelID"
                      },
                      "type": "property"
                    }
                  }
                },
                "type": "ia.input.dropdown"
              }
            ],
            "meta": {
              "name": "SensorType"
            },
            "type": "ia.container.flex"
          }
        ],
        "meta": {
          "name": "FlexContainer"
        },
        "props": {
          "direction": "column"
        },
        "type": "ia.container.flex"
      },
      {
        "children": [
          {
            "children": [
              {
                "meta": {
                  "name": "Label"
                },
                "props": {
                  "text": "Tag Path"
                },
                "type": "ia.display.label"
              },
              {
                "meta": {
                  "name": "Label_0"
                },
                "position": {
                  "grow": 1
                },
                "props": {
                  "style": {
                    "classes": "grey",
                    "fontSize": "small",
                    "fontStyle": "italic"
                  },
                  "text": "optional"
                },
                "type": "ia.display.label"
              }
            ],
            "meta": {
              "name": "FlexContainer"
            },
            "position": {
              "basis": "50px"
            },
            "type": "ia.container.flex"
          },
          {
            "meta": {
              "name": "Dropdown"
            },
            "position": {
              "grow": 1
            },
            "type": "ia.input.dropdown"
          }
        ],
        "meta": {
          "name": "tagPath"
        },
        "props": {
          "direction": "column"
        },
        "type": "ia.container.flex"
      }
    ],
    "custom": {
      "mfgs": [
        {
          "label": "Honeywell",
          "value": [
            {
              "label": "Honeywell-Versatillis",
              "value": 38
            }
          ]
        },
        {
          "label": "Dragino",
          "value": [
            {
              "label": "Dragino-Temperature-Humidity-LHT65N",
              "value": 6
            },
            {
              "label": "Dragino-CurrentConverter-CS01LB",
              "value": 8
            },
            {
              "label": "Dragino-DryContact-CPL03-LB/LS",
              "value": 9
            }
          ]
        },
        {
          "label": "RIOTWireless",
          "value": [
            {
              "label": "RIOT-Ultrasonic-Level",
              "value": 26
            }
          ]
        },
        {
          "label": "VEGA",
          "value": [
            {
              "label": "Vega-Air",
              "value": 32
            },
            {
              "label": "VEGA-PULSAIR41",
              "value": 33
            }
          ]
        },
        {
          "label": "Yokogawa",
          "value": [
            {
              "label": "Yokogawa-Sushi-Vibration",
              "value": 35
            },
            {
              "label": "Yokogawa-Sushi-Pressure",
              "value": 36
            },
            {
              "label": "Yokogawa-Sushi-Temperature",
              "value": 37
            }
          ]
        },
        {
          "label": "Trackonomy",
          "value": [
            {
              "label": "Trackonomy-THL",
              "value": 34
            }
          ]
        },
        {
          "label": "Aloxy",
          "value": [
            {
              "label": "Aloxy-ValvePosition",
              "value": 25
            }
          ]
        },
        {
          "label": "Sensor Networks",
          "value": [
            {
              "label": "SensorNetworks-MicroPims",
              "value": 29
            }
          ]
        },
        {
          "label": "AbeewayTracker",
          "value": [
            {
              "label": "Abeeway-Tracker",
              "value": 24
            }
          ]
        },
        {
          "label": "Sensia",
          "value": [
            {
              "label": "Sensia-Temperature",
              "value": 31
            }
          ]
        },
        {
          "label": "DigitalMatter",
          "value": [
            {
              "label": "DigitalMatter-OysterTracker",
              "value": 23
            }
          ]
        },
        {
          "label": "TESolutions",
          "value": [
            {
              "label": "TE-Pressure",
              "value": 1
            },
            {
              "label": "TE-Vibration",
              "value": 2
            }
          ]
        },
        {
          "label": "TWTG",
          "value": [
            {
              "label": "TWTG-Pressure ",
              "value": 3
            },
            {
              "label": "TWTG-Vibration",
              "value": 4
            },
            {
              "label": "TWTG-Temperature-Transmitter",
              "value": 5
            },
            {
              "label": "TWTG-Temperature-Contact",
              "value": 28
            }
          ]
        },
        {
          "label": "Bourdon",
          "value": [
            {
              "label": "Bourdon-PressureGauge",
              "value": 27
            }
          ]
        },
        {
          "label": "RadioBridge",
          "value": [
            {
              "label": "RadioBridge-Voltage",
              "value": 14
            },
            {
              "label": "RadioBridge-Moisture",
              "value": 15
            },
            {
              "label": "RadioBridge-Temperature",
              "value": 16
            },
            {
              "label": "RadioBridge-420ma",
              "value": 17
            },
            {
              "label": "RadioBridge-Accelerometer",
              "value": 18
            },
            {
              "label": "RadioBridge-Level",
              "value": 19
            },
            {
              "label": "RadioBridge-Contact",
              "value": 20
            },
            {
              "label": "RadioBridge-Vibration",
              "value": 21
            },
            {
              "label": "RadioBridgeHumidity",
              "value": 22
            }
          ]
        },
        {
          "label": "Orbiwise",
          "value": [
            {
              "label": "Orbiwise-Sampols",
              "value": 30
            }
          ]
        },
        {
          "label": "Ellenex",
          "value": [
            {
              "label": "Ellenex-Differential-Pressure-PDS2-L",
              "value": 12
            }
          ]
        },
        {
          "label": "Vutility",
          "value": [
            {
              "label": "Vutility-HotDrop-Direct",
              "value": 7
            },
            {
              "label": "Vutility-PulseDrop-Direct",
              "value": 10
            },
            {
              "label": "Vutility-VoltDrop-Direct",
              "value": 11
            }
          ]
        },
        {
          "label": "Tekelek",
          "value": [
            {
              "label": "Tekelek-Ultrasonic-Level-TEK888",
              "value": 13
            }
          ]
        }
      ],
      "models": [
        {
          "label": "TE-Pressure",
          "value": 1
        },
        {
          "label": "TE-Vibration",
          "value": 2
        },
        {
          "label": "TWTG-Pressure ",
          "value": 3
        },
        {
          "label": "TWTG-Vibration",
          "value": 4
        },
        {
          "label": "TWTG-Temperature-Transmitter",
          "value": 5
        },
        {
          "label": "Dragino-Temperature-Humidity-LHT65N",
          "value": 6
        },
        {
          "label": "Vutility-HotDrop-Direct",
          "value": 7
        },
        {
          "label": "Dragino-CurrentConverter-CS01LB",
          "value": 8
        },
        {
          "label": "Dragino-DryContact-CPL03-LB/LS",
          "value": 9
        },
        {
          "label": "Vutility-PulseDrop-Direct",
          "value": 10
        },
        {
          "label": "Vutility-VoltDrop-Direct",
          "value": 11
        },
        {
          "label": "Ellenex-Differential-Pressure-PDS2-L",
          "value": 12
        },
        {
          "label": "Tekelek-Ultrasonic-Level-TEK888",
          "value": 13
        },
        {
          "label": "RadioBridge-Voltage",
          "value": 14
        },
        {
          "label": "RadioBridge-Moisture",
          "value": 15
        },
        {
          "label": "RadioBridge-Temperature",
          "value": 16
        },
        {
          "label": "RadioBridge-420ma",
          "value": 17
        },
        {
          "label": "RadioBridge-Accelerometer",
          "value": 18
        },
        {
          "label": "RadioBridge-Level",
          "value": 19
        },
        {
          "label": "RadioBridge-Contact",
          "value": 20
        },
        {
          "label": "RadioBridge-Vibration",
          "value": 21
        },
        {
          "label": "RadioBridgeHumidity",
          "value": 22
        },
        {
          "label": "DigitalMatter-OysterTracker",
          "value": 23
        },
        {
          "label": "Abeeway-Tracker",
          "value": 24
        },
        {
          "label": "Aloxy-ValvePosition",
          "value": 25
        },
        {
          "label": "RIOT-Ultrasonic-Level",
          "value": 26
        },
        {
          "label": "Bourdon-PressureGauge",
          "value": 27
        },
        {
          "label": "TWTG-Temperature-Contact",
          "value": 28
        },
        {
          "label": "SensorNetworks-MicroPims",
          "value": 29
        },
        {
          "label": "Orbiwise-Sampols",
          "value": 30
        },
        {
          "label": "Sensia-Temperature",
          "value": 31
        },
        {
          "label": "Vega-Air",
          "value": 32
        },
        {
          "label": "VEGA-PULSAIR41",
          "value": 33
        },
        {
          "label": "Trackonomy-THL",
          "value": 34
        },
        {
          "label": "Yokogawa-Sushi-Vibration",
          "value": 35
        },
        {
          "label": "Yokogawa-Sushi-Pressure",
          "value": 36
        },
        {
          "label": "Yokogawa-Sushi-Temperature",
          "value": 37
        },
        {
          "label": "Honeywell-Versatillis",
          "value": 38
        }
      ],
      "selectedModelID": -1
    },
    "events": {
      "system": {
        "onStartup": {
          "config": {
            "script": "\ttry:\n\t\tdeviceModels \u003d decoders.model.listDeviceProfiles(self.session.custom.tenantID)\n\t\n\t\t#{\"id\":1,\"manufacturer\":\"TESolution\",\"tenantID\":0,\"udtID\":0,\"decoderID\":0}\n\t\tmfgOptions \u003d {}\n\t\toptions \u003d []\n\t\tfor device in deviceModels:\n\t\t\tmodel \u003d device[\"model_name\"]\n\t\t\tmodelID \u003d device[\u0027id\u0027]\n\t\t\tmfg \u003d device[\u0027manufacturer\u0027]\n\t\t\toptions.append({\"value\": modelID, \"label\":model})\n\t\t\tif mfg in mfgOptions.keys():\n\t\t\t\tmfgOptions[mfg].append({\"value\": modelID, \"label\":model})\n\t\t\telse:\n\t\t\t\tmfgOptions[mfg] \u003d []\n\t\t\t\tmfgOptions[mfg].append({\"value\": modelID, \"label\":model})\n\t\t\n\t\tmOptions \u003d []\n\t\tfor m in mfgOptions.keys():\n\t\t\tmOptions.append({\"value\": mfgOptions[m], \"label\":m})\n\t\tself.custom.models \u003d options\n\t\tself.custom.mfgs \u003d mOptions\n\texcept Exception as e:\n\t\tsystem.perspective.print(\"Error loading models: \" + str(e))"
          },
          "scope": "G",
          "type": "script"
        }
      }
    },
    "meta": {
      "name": "root"
    },
    "props": {
      "direction": "column"
    },
    "type": "ia.container.flex"
  }
}