{
  "custom": {},
  "params": {
    "label": "value",
    "toolTip": "value",
    "udtPath": "value"
  },
  "propConfig": {
    "params.label": {
      "paramDirection": "input",
      "persistent": true
    },
    "params.toolTip": {
      "paramDirection": "input",
      "persistent": true
    },
    "params.udtPath": {
      "paramDirection": "input",
      "persistent": true
    }
  },
  "props": {
    "defaultSize": {
      "height": 68
    }
  },
  "root": {
    "children": [
      {
        "meta": {
          "name": "Label"
        },
        "position": {
          "breakpoints": [
            {
              "colIndex": 0,
              "name": "sm",
              "order": 0,
              "rowIndex": 0,
              "span": 4
            },
            {
              "colIndex": 0,
              "name": "md",
              "order": 0,
              "rowIndex": 0,
              "span": 4
            },
            {
              "colIndex": 0,
              "name": "lg",
              "order": 0,
              "rowIndex": 0,
              "span": 4
            }
          ],
          "height": 60
        },
        "propConfig": {
          "props.text": {
            "binding": {
              "config": {
                "path": "view.params.label"
              },
              "type": "property"
            }
          }
        },
        "props": {
          "style": {
            "classes": "forms/configHeading"
          }
        },
        "type": "ia.display.label"
      },
      {
        "events": {
          "dom": {
            "onClick": {
              "config": {
                "newTab": true,
                "url": "https://docs.sitesync.cloud"
              },
              "scope": "C",
              "type": "nav"
            }
          }
        },
        "meta": {
          "name": "Icon",
          "tooltip": {
            "enabled": true
          }
        },
        "position": {
          "breakpoints": [
            {
              "colIndex": 4,
              "name": "sm",
              "order": 1,
              "rowIndex": 0,
              "span": 1
            },
            {
              "colIndex": 4,
              "name": "md",
              "order": 1,
              "rowIndex": 0,
              "span": 1
            },
            {
              "colIndex": 4,
              "name": "lg",
              "order": 1,
              "rowIndex": 0,
              "span": 1
            }
          ],
          "height": 34
        },
        "propConfig": {
          "meta.tooltip.text": {
            "binding": {
              "config": {
                "path": "view.params.toolTip"
              },
              "type": "property"
            }
          }
        },
        "props": {
          "path": "material/info",
          "style": {
            "marginTop": "10%"
          }
        },
        "type": "ia.display.icon"
      },
      {
        "meta": {
          "name": "Label_0"
        },
        "position": {
          "breakpoints": [
            {
              "colIndex": 5,
              "name": "sm",
              "order": 2,
              "rowIndex": 0,
              "span": 5
            },
            {
              "colIndex": 5,
              "name": "md",
              "order": 2,
              "rowIndex": 0,
              "span": 5
            },
            {
              "colIndex": 5,
              "name": "lg",
              "order": 2,
              "rowIndex": 0,
              "span": 5
            }
          ],
          "height": 60
        },
        "propConfig": {
          "props.text": {
            "binding": {
              "config": {
                "bidirectional": true,
                "fallbackDelay": 2.5,
                "mode": "indirect",
                "references": {
                  "udtPath": "{view.params.udtPath}"
                },
                "tagPath": "{udtPath}/metaData/valueToDisplay.sourceTagPath"
              },
              "type": "tag"
            }
          }
        },
        "type": "ia.display.label"
      },
      {
        "events": {
          "dom": {
            "onClick": {
              "config": {
                "draggable": true,
                "id": "e_Yx32wQ",
                "modal": false,
                "overlayDismiss": false,
                "resizable": true,
                "showCloseIcon": true,
                "type": "open",
                "viewParams": {
                  "UDTType": "{view.params.udtPath}",
                  "selectedTag": "{/root/Label_0.props.text}"
                },
                "viewPath": "DataManagement/DeviceProfile/specs/form/components/attributePicker",
                "viewportBound": false
              },
              "scope": "C",
              "type": "popup"
            }
          }
        },
        "meta": {
          "name": "Icon_0",
          "tooltip": {
            "enabled": true,
            "text": "click to pick a new primary variable"
          }
        },
        "position": {
          "breakpoints": [
            {
              "colIndex": 10,
              "name": "sm",
              "order": 3,
              "rowIndex": 0,
              "span": 1
            },
            {
              "colIndex": 10,
              "name": "md",
              "order": 3,
              "rowIndex": 0,
              "span": 1
            },
            {
              "colIndex": 10,
              "name": "lg",
              "order": 3,
              "rowIndex": 0,
              "span": 1
            }
          ],
          "height": 60
        },
        "props": {
          "path": "material/image_search"
        },
        "type": "ia.display.icon"
      }
    ],
    "meta": {
      "name": "root"
    },
    "propConfig": {
      "custom.slimmedPath": {
        "binding": {
          "config": {
            "path": "view.params.udtPath"
          },
          "transforms": [
            {
              "code": "\treturn value.split(\u0027/metaData\u0027)[0]",
              "type": "script"
            }
          ],
          "type": "property"
        }
      }
    },
    "type": "ia.container.column"
  }
}