{
  "custom": {
    "loraVersion": "MAC_V1_0_4",
    "regionalVersion": "RP002_V1_0_1",
    "scheduleTime": "12",
    "scheduleUnit": "h",
    "updateStatus": ""
  },
  "events": {
    "system": {
      "onStartup": {
        "config": {
          "script": "\tname \u003d self.params.udtName\n\tself.custom.loraVersion \u003d system.example.getLorawanVersion(name)\n\tself.custom.regionalVersion \u003d system.example.getRegionalParameters(name)\n\tschedule \u003d system.example.getUDTInterval(name)\n\tself.custom.scheduleTime \u003d schedule[:-1]\n\tself.custom.scheduleUnit \u003d schedule[-1]\n\tsystem.perspective.print(self.custom.regionalVersion + \"  \" + self.custom.loraVersion)"
        },
        "scope": "G",
        "type": "script"
      }
    }
  },
  "params": {
    "decoder": "value",
    "udtContent": "value",
    "udtName": "TWTG-Temperature-Transmitter-V4"
  },
  "propConfig": {
    "custom.loraVersion": {
      "persistent": true
    },
    "custom.regionalVersion": {
      "persistent": true
    },
    "custom.scheduleTime": {
      "persistent": true
    },
    "custom.scheduleUnit": {
      "persistent": true
    },
    "custom.updateStatus": {
      "persistent": true
    },
    "params.decoder": {
      "paramDirection": "input",
      "persistent": true
    },
    "params.udtContent": {
      "paramDirection": "input",
      "persistent": true
    },
    "params.udtName": {
      "paramDirection": "input",
      "persistent": true
    }
  },
  "props": {},
  "root": {
    "children": [
      {
        "meta": {
          "name": "Label"
        },
        "position": {
          "breakpoints": [
            {
              "colIndex": 1,
              "name": "sm",
              "order": 0,
              "rowIndex": 1,
              "span": 8
            },
            {
              "colIndex": 2,
              "name": "md",
              "order": 0,
              "rowIndex": 1,
              "span": 6
            },
            {
              "colIndex": 3,
              "name": "lg",
              "order": 0,
              "rowIndex": 1,
              "span": 5
            }
          ],
          "height": 60,
          "width": 296,
          "x": 23,
          "y": 13
        },
        "propConfig": {
          "props.text": {
            "binding": {
              "config": {
                "expression": "{view.params.udtName} + \" UDT Details\""
              },
              "type": "expr"
            }
          }
        },
        "props": {
          "textStyle": {
            "color": "#0D5C63",
            "fontSize": 20,
            "fontWeight": "bolder",
            "textAlign": "start"
          }
        },
        "type": "ia.display.label"
      },
      {
        "meta": {
          "name": "TextArea"
        },
        "position": {
          "breakpoints": [
            {
              "colIndex": 1,
              "name": "sm",
              "order": 0,
              "rowIndex": 2,
              "span": 10
            },
            {
              "colIndex": 2,
              "name": "md",
              "order": 0,
              "rowIndex": 2,
              "span": 8
            },
            {
              "colIndex": 3,
              "name": "lg",
              "order": 0,
              "rowIndex": 2,
              "span": 6
            }
          ],
          "height": 347
        },
        "propConfig": {
          "props.text": {
            "binding": {
              "config": {
                "bidirectional": true,
                "path": "view.params.udtContent"
              },
              "type": "property"
            }
          }
        },
        "props": {
          "style": {
            "fontFamily": "monospace",
            "fontWeight": "normal"
          }
        },
        "type": "ia.input.text-area"
      },
      {
        "events": {
          "dom": {
            "onClick": {
              "config": {
                "script": "\timport time\n\tself.meta.visible \u003d False\n\tname \u003d self.view.params.udtName\n\tnewContent \u003d self.view.params.udtContent\n\tregParams \u003d self.view.custom.regionalVersion\n\tloraV \u003d self.view.custom.loraVersion\n\ttime \u003d str(self.view.custom.scheduleTime) + self.view.custom.scheduleUnit\n\tsystem.perspective.print(\"LORA: \" + loraV + \" REG: \" + regParams + \"CONTENT: \" + newContent)\n\tif(system.example.setUDTSpecs(name, loraV, regParams)):\n\t\tsystem.perspective.print(\"SET UDT SPECS\")\n\t\t\n\tif(system.example.setUDTInterval(time, name)):\n\t\tsystem.perspective.print(\"SET UDT INTERVAL: \" + time + name)\n\t\n\tstat \u003d system.example.editUDT(newContent, name, \"Unknown\")\n\tself.meta.visible \u003d True\n\tif(stat):\n\t\tsystem.perspective.openPopup(\"\", \"Popups/success\",  params \u003d {\"successText\":\"UDT Updated\"})\n\telse:\n\t\tsystem.perspective.openPopup(\"\", \"Popups/error\",  params \u003d {\"errorText\":\"UDT update failed\"})\n\n\ttime.sleep(3)\n\tself.view.custom.updateStatus \u003d \"\"\n\t"
              },
              "scope": "G",
              "type": "script"
            }
          }
        },
        "meta": {
          "name": "Button_0"
        },
        "position": {
          "basis": "47px",
          "breakpoints": [
            {
              "colIndex": 6,
              "name": "sm",
              "order": 0,
              "rowIndex": 9,
              "span": 5
            },
            {
              "colIndex": 6,
              "name": "md",
              "order": 1,
              "rowIndex": 9,
              "span": 3
            },
            {
              "colIndex": 6,
              "name": "lg",
              "order": 1,
              "rowIndex": 9,
              "span": 2
            }
          ],
          "height": 60
        },
        "props": {
          "image": {
            "style": {
              "backgroundColor": "#FFFFFF",
              "color": "#0D5C63",
              "fontSize": 16
            }
          },
          "style": {
            "backgroundColor": "#FFFFFF",
            "color": "#0D5C63",
            "cursor": "pointer",
            "fontSize": 16
          },
          "text": "Save UDT"
        },
        "type": "ia.input.button"
      },
      {
        "events": {
          "dom": {
            "onClick": {
              "config": {
                "params": {
                  "decoder": "{view.params.decoder}"
                },
                "view": "Decoder Details"
              },
              "scope": "C",
              "type": "nav"
            }
          }
        },
        "meta": {
          "name": "Button"
        },
        "position": {
          "breakpoints": [
            {
              "colIndex": 9,
              "name": "sm",
              "order": 0.5,
              "rowIndex": 1,
              "span": 2
            },
            {
              "colIndex": 8,
              "name": "md",
              "order": 1,
              "rowIndex": 1,
              "span": 2
            },
            {
              "colIndex": 8,
              "name": "lg",
              "order": 1,
              "rowIndex": 1,
              "span": 1
            }
          ],
          "height": 60
        },
        "props": {
          "image": {
            "icon": {
              "path": "material/arrow_back_ios"
            }
          },
          "style": {
            "backgroundColor": "#FFFFFF",
            "color": "#0D5C63",
            "fontSize": 16
          },
          "text": "Back"
        },
        "type": "ia.input.button"
      },
      {
        "meta": {
          "name": "DataMgrbySS10"
        },
        "position": {
          "breakpoints": [
            {
              "colIndex": 1,
              "name": "sm",
              "order": 0,
              "rowIndex": 0,
              "span": 11
            },
            {
              "colIndex": 1,
              "name": "md",
              "order": 0,
              "rowIndex": 0,
              "span": 7
            },
            {
              "colIndex": 1,
              "name": "lg",
              "order": 0,
              "rowIndex": 0,
              "span": 8
            }
          ],
          "height": 118
        },
        "propConfig": {
          "props.source": {
            "binding": {
              "config": {
                "expression": "{session.props.gateway.address} + \"/res/hce/syncimages/DataMgrbySS10.png\""
              },
              "type": "expr"
            }
          }
        },
        "type": "ia.display.image"
      },
      {
        "meta": {
          "name": "RegionalDropdown"
        },
        "position": {
          "breakpoints": [
            {
              "colIndex": 1,
              "name": "sm",
              "order": 0,
              "rowIndex": 6,
              "span": 10
            },
            {
              "colIndex": 2,
              "name": "md",
              "order": 0,
              "rowIndex": 6,
              "span": 8
            },
            {
              "colIndex": 4,
              "name": "lg",
              "order": 0,
              "rowIndex": 4,
              "span": 4
            }
          ],
          "height": 40
        },
        "propConfig": {
          "props.placeholder.text": {
            "binding": {
              "config": {
                "bidirectional": true,
                "path": "view.custom.regionalVersion"
              },
              "type": "property"
            }
          },
          "props.value": {
            "binding": {
              "config": {
                "bidirectional": true,
                "path": "view.custom.regionalVersion"
              },
              "type": "property"
            }
          }
        },
        "props": {
          "options": [
            {
              "label": "Default",
              "value": "MAC_V1_0_2"
            },
            {
              "label": "MAC_V1_0",
              "value": "MAC_V1_0"
            },
            {
              "label": "MAC_V1_0_1",
              "value": "MAC_V1_0_1"
            },
            {
              "label": "MAC_V1_0_2",
              "value": "MAC_V1_0_2"
            },
            {
              "label": "MAC_V1_1",
              "value": "MAC_V1_1"
            },
            {
              "label": "MAC_V1_0_3",
              "value": "MAC_V1_0_3"
            },
            {
              "label": "MAC_V1_0_4",
              "value": "MAC_V1_0_4"
            }
          ],
          "placeholder": {}
        },
        "type": "ia.input.dropdown"
      },
      {
        "meta": {
          "name": "Label_0"
        },
        "position": {
          "breakpoints": [
            {
              "colIndex": 1,
              "name": "sm",
              "order": 0,
              "rowIndex": 3,
              "span": 10
            },
            {
              "colIndex": 3,
              "name": "md",
              "order": 0,
              "rowIndex": 3,
              "span": 6
            },
            {
              "colIndex": 4,
              "name": "lg",
              "order": 0,
              "rowIndex": 3,
              "span": 4
            }
          ],
          "height": 60,
          "width": 296,
          "x": 23,
          "y": 13
        },
        "props": {
          "text": "Lorawan Version",
          "textStyle": {
            "color": "#0D5C63",
            "fontSize": "15px",
            "fontWeight": "bolder",
            "textAlign": "center"
          }
        },
        "type": "ia.display.label"
      },
      {
        "meta": {
          "name": "Label_1"
        },
        "position": {
          "breakpoints": [
            {
              "colIndex": 1,
              "name": "sm",
              "order": 0,
              "rowIndex": 5,
              "span": 10
            },
            {
              "colIndex": 3,
              "name": "md",
              "order": 0,
              "rowIndex": 5,
              "span": 6
            },
            {
              "colIndex": 4,
              "name": "lg",
              "order": 0,
              "rowIndex": 5,
              "span": 4
            }
          ],
          "height": 60,
          "width": 296,
          "x": 23,
          "y": 13
        },
        "props": {
          "text": "Regional Parameters Version",
          "textStyle": {
            "color": "#0D5C63",
            "fontSize": "15px",
            "fontWeight": "bolder",
            "textAlign": "center"
          }
        },
        "type": "ia.display.label"
      },
      {
        "meta": {
          "name": "LorawanDropdown"
        },
        "position": {
          "breakpoints": [
            {
              "colIndex": 1,
              "name": "sm",
              "order": 0,
              "rowIndex": 4,
              "span": 10
            },
            {
              "colIndex": 2,
              "name": "md",
              "order": 0,
              "rowIndex": 4,
              "span": 8
            },
            {
              "colIndex": 4,
              "name": "lg",
              "order": 0,
              "rowIndex": 6,
              "span": 4
            }
          ],
          "height": 40
        },
        "propConfig": {
          "props.placeholder.text": {
            "binding": {
              "config": {
                "bidirectional": true,
                "path": "view.custom.loraVersion"
              },
              "type": "property"
            }
          },
          "props.value": {
            "binding": {
              "config": {
                "bidirectional": true,
                "path": "view.custom.loraVersion"
              },
              "type": "property"
            }
          }
        },
        "props": {
          "options": [
            {
              "label": "Default",
              "value": "PHY_V1_0_2_REV_B"
            },
            {
              "label": "PHY_V1_0",
              "value": "PHY_V1_0"
            },
            {
              "label": "TS001_V1_0",
              "value": "TS001_V1_0"
            },
            {
              "label": "PHY_V1_0_1",
              "value": "PHY_V1_0_1"
            },
            {
              "label": "TS001_V1_0_1",
              "value": "TS001_V1_0_1"
            },
            {
              "label": "PHY_V1_0_2_REV_A",
              "value": "PHY_V1_0_2_REV_A"
            },
            {
              "label": "RP001_V1_0_2",
              "value": "RP001_V1_0_2"
            },
            {
              "label": "PHY_V1_0_2_REV_B\t",
              "value": "PHY_V1_0_2_REV_B\t"
            },
            {
              "label": "RP001_V1_0_2_REV_B",
              "value": "RP001_V1_0_2_REV_B"
            },
            {
              "label": "PHY_V1_1_REV_A",
              "value": "PHY_V1_1_REV_A"
            },
            {
              "label": "RP001_V1_1_REV_A",
              "value": "RP001_V1_1_REV_A"
            },
            {
              "label": "PHY_V1_1_REV_B",
              "value": "PHY_V1_1_REV_B"
            },
            {
              "label": "RP001_V1_1_REV_B",
              "value": "RP001_V1_1_REV_B"
            },
            {
              "label": "PHY_V1_0_3_REV_A",
              "value": "PHY_V1_0_3_REV_A"
            },
            {
              "label": "RP001_V1_0_3_REV_A",
              "value": "RP001_V1_0_3_REV_A"
            },
            {
              "label": "RP002_V1_0_0",
              "value": "RP002_V1_0_0"
            },
            {
              "label": "RP002_V1_0_1",
              "value": "RP002_V1_0_1"
            },
            {
              "label": "RP002_V1_0_2",
              "value": "RP002_V1_0_2"
            },
            {
              "label": "RP002_V1_0_3",
              "value": "RP002_V1_0_3"
            }
          ],
          "placeholder": {}
        },
        "type": "ia.input.dropdown"
      },
      {
        "meta": {
          "name": "BreakpointContainer"
        },
        "position": {
          "breakpoints": [
            {
              "colIndex": 7,
              "name": "sm",
              "order": 1,
              "rowIndex": 10,
              "span": 1
            },
            {
              "colIndex": 10,
              "name": "md",
              "order": 1,
              "rowIndex": 4,
              "span": 1
            },
            {
              "colIndex": 8,
              "name": "lg",
              "order": 1,
              "rowIndex": 7,
              "span": 4
            }
          ],
          "height": 40
        },
        "type": "ia.container.breakpt"
      },
      {
        "meta": {
          "name": "BreakpointContainer_0"
        },
        "position": {
          "breakpoints": [
            {
              "colIndex": 0,
              "name": "sm",
              "order": 2,
              "rowIndex": 10,
              "span": 12
            },
            {
              "colIndex": 0,
              "name": "md",
              "order": 1,
              "rowIndex": 10,
              "span": 12
            },
            {
              "colIndex": 0,
              "name": "lg",
              "order": 2,
              "rowIndex": 10,
              "span": 12
            }
          ],
          "height": 183
        },
        "type": "ia.container.breakpt"
      },
      {
        "meta": {
          "name": "Label_2"
        },
        "position": {
          "breakpoints": [
            {
              "colIndex": 5,
              "name": "sm",
              "order": 0,
              "rowIndex": 10,
              "span": 2
            },
            {
              "colIndex": 10,
              "name": "md",
              "order": 0,
              "rowIndex": 10,
              "span": 2
            },
            {
              "colIndex": 10,
              "name": "lg",
              "order": 1,
              "rowIndex": 10,
              "span": 2
            }
          ],
          "height": 60,
          "width": 132,
          "x": 250.4375,
          "y": 528
        },
        "propConfig": {
          "props.text": {
            "binding": {
              "config": {
                "path": "view.custom.updateStatus"
              },
              "type": "property"
            }
          }
        },
        "props": {
          "style": {
            "textAlign": "center"
          },
          "textStyle": {
            "textAlign": "center"
          }
        },
        "type": "ia.display.label"
      },
      {
        "meta": {
          "name": "Dropdown"
        },
        "position": {
          "breakpoints": [
            {
              "colIndex": 6,
              "name": "sm",
              "order": 1,
              "rowIndex": 8,
              "span": 2
            },
            {
              "colIndex": 6,
              "name": "md",
              "order": 1,
              "rowIndex": 8,
              "span": 2
            },
            {
              "colIndex": 6,
              "name": "lg",
              "order": 1.5,
              "rowIndex": 8,
              "span": 1
            }
          ],
          "height": 60
        },
        "propConfig": {
          "props.value": {
            "binding": {
              "config": {
                "bidirectional": true,
                "path": "view.custom.scheduleUnit"
              },
              "type": "property"
            }
          }
        },
        "props": {
          "options": [
            {
              "label": "minutes",
              "value": "m"
            },
            {
              "label": "hours",
              "value": "h"
            }
          ],
          "placeholder": {
            "text": "minutes"
          }
        },
        "type": "ia.input.dropdown"
      },
      {
        "meta": {
          "name": "Label_3"
        },
        "position": {
          "breakpoints": [
            {
              "colIndex": 4,
              "name": "sm",
              "order": 0,
              "rowIndex": 7,
              "span": 4
            },
            {
              "colIndex": 3,
              "name": "md",
              "order": 0,
              "rowIndex": 7,
              "span": 6
            },
            {
              "colIndex": 4,
              "name": "lg",
              "order": 0.5,
              "rowIndex": 7,
              "span": 4
            }
          ],
          "height": 60,
          "width": 296,
          "x": 23,
          "y": 13
        },
        "props": {
          "text": "Expected Check-In Interval",
          "textStyle": {
            "color": "#0D5C63",
            "fontSize": "15px",
            "fontWeight": "bolder",
            "textAlign": "center"
          }
        },
        "type": "ia.display.label"
      },
      {
        "meta": {
          "name": "NumericEntryField"
        },
        "position": {
          "breakpoints": [
            {
              "colIndex": 4,
              "name": "sm",
              "order": 0,
              "rowIndex": 8,
              "span": 2
            },
            {
              "colIndex": 4,
              "name": "md",
              "order": 0,
              "rowIndex": 8,
              "span": 2
            },
            {
              "colIndex": 5,
              "name": "lg",
              "order": 0,
              "rowIndex": 8,
              "span": 1
            }
          ],
          "height": 60
        },
        "propConfig": {
          "props.value": {
            "binding": {
              "config": {
                "bidirectional": true,
                "path": "view.custom.scheduleTime"
              },
              "type": "property"
            }
          }
        },
        "props": {
          "inputBounds": {
            "maximum": 100,
            "minimum": 0
          }
        },
        "type": "ia.input.numeric-entry-field"
      },
      {
        "meta": {
          "name": "BreakpointContainer_1"
        },
        "position": {
          "breakpoints": [
            {
              "colIndex": 0,
              "name": "sm",
              "order": 3,
              "rowIndex": 10,
              "span": 1
            },
            {
              "colIndex": 0,
              "name": "md",
              "order": 1.5,
              "rowIndex": 8,
              "span": 12
            },
            {
              "colIndex": 0,
              "name": "lg",
              "order": 2,
              "rowIndex": 8,
              "span": 12
            }
          ],
          "height": 36
        },
        "type": "ia.container.breakpt"
      },
      {
        "events": {
          "dom": {
            "onClick": {
              "config": {
                "draggable": true,
                "id": "76BRA9Ng",
                "modal": false,
                "overlayDismiss": false,
                "resizable": true,
                "showCloseIcon": true,
                "type": "open",
                "viewParams": {
                  "UDT": "{view.params.udtName}",
                  "decoder": "{view.params.decoder}"
                },
                "viewPath": "Confirmations/DeleteUDT",
                "viewportBound": false
              },
              "scope": "C",
              "type": "popup"
            }
          }
        },
        "meta": {
          "name": "Button_1"
        },
        "position": {
          "breakpoints": [
            {
              "colIndex": 1,
              "name": "sm",
              "order": -0.5,
              "rowIndex": 9,
              "span": 5
            },
            {
              "colIndex": 3,
              "name": "md",
              "order": 0,
              "rowIndex": 9,
              "span": 3
            },
            {
              "colIndex": 4,
              "name": "lg",
              "order": 0,
              "rowIndex": 9,
              "span": 2
            }
          ],
          "height": 60
        },
        "props": {
          "image": {
            "icon": {
              "color": "#B23C3C"
            }
          },
          "style": {
            "backgroundColor": "#da6240",
            "borderStyle": "outset",
            "borderWidth": 2,
            "classes": "hand-on-hover wait",
            "color": "#000000",
            "cursor": "pointer",
            "fontSize": 16
          },
          "text": "Delete UDT"
        },
        "type": "ia.input.button"
      }
    ],
    "meta": {
      "name": "root"
    },
    "type": "ia.container.column"
  }
}