{
  "custom": {},
  "params": {
    "value": {
      "id": 1
    }
  },
  "propConfig": {
    "params.value": {
      "paramDirection": "input",
      "persistent": true
    }
  },
  "props": {
    "defaultSize": {
      "height": 40,
      "width": 40
    }
  },
  "root": {
    "children": [
      {
        "meta": {
          "name": "Icon"
        },
        "position": {
          "basis": "30px"
        },
        "props": {
          "path": "material/edit"
        },
        "type": "ia.display.icon"
      }
    ],
    "events": {
      "dom": {
        "onClick": {
          "config": {
            "script": "\tsystem.perspective.sendMessage(\"editPath\", payload\u003d{\"pathID\":self.view.params.value.id})"
          },
          "scope": "G",
          "type": "script"
        }
      }
    },
    "meta": {
      "name": "root",
      "tooltip": {
        "enabled": true,
        "text": "edit standard tag path"
      }
    },
    "props": {
      "direction": "column"
    },
    "type": "ia.container.flex"
  }
}