{
  "custom": {},
  "params": {},
  "props": {},
  "root": {
    "children": [
      {
        "meta": {
          "name": "Label"
        },
        "position": {
          "basis": "32px"
        },
        "props": {
          "style": {
            "classes": "forms/configHeading",
            "textAlign": "center"
          },
          "text": "Decoder not editable"
        },
        "type": "ia.display.label"
      }
    ],
    "meta": {
      "name": "root"
    },
    "props": {
      "direction": "column",
      "justify": "space-around",
      "style": {
        "classes": "forms/configurationBox"
      }
    },
    "type": "ia.container.flex"
  }
}