{
  "custom": {
    "originalTag": "wh"
  },
  "events": {
    "system": {
      "onStartup": {
        "config": {
          "script": "\tself.custom.originalTag \u003d self.params.fullTagPath"
        },
        "scope": "G",
        "type": "script"
      }
    }
  },
  "params": {
    "devEUI": null,
    "fullTagPath": "wh",
    "name": "value",
    "tagPathBase": "howdy",
    "tagProvider": "STCH"
  },
  "propConfig": {
    "custom.originalTag": {
      "persistent": true
    },
    "params.devEUI": {
      "paramDirection": "input",
      "persistent": true
    },
    "params.fullTagPath": {
      "paramDirection": "inout",
      "persistent": true
    },
    "params.name": {
      "paramDirection": "inout",
      "persistent": true
    },
    "params.tagPathBase": {
      "paramDirection": "input",
      "persistent": true
    },
    "params.tagProvider": {
      "paramDirection": "input",
      "persistent": true
    }
  },
  "props": {
    "defaultSize": {
      "height": 403
    }
  },
  "root": {
    "children": [
      {
        "meta": {
          "name": "Label"
        },
        "props": {
          "style": {
            "classes": "label",
            "textAlign": "center"
          },
          "text": "Edit Tag Path"
        },
        "type": "ia.display.label"
      },
      {
        "children": [
          {
            "meta": {
              "name": "Label"
            },
            "props": {
              "style": {
                "classes": "label"
              },
              "text": "Tag Provider"
            },
            "type": "ia.display.label"
          },
          {
            "events": {
              "system": {
                "onStartup": {
                  "config": {
                    "script": "\ttags\u003dsystem.tag.browse(filter\u003d{\"tagType\":\"Provider\"}).results\n\ta\u003d[]\n\tnotSyncable \u003d [\"SiteSync\", \"MQTT Engine\", \"MQTT Transmission\", \"System\"]\n\tfor result in tags:\n\t\ttagProvider \u003d str(result[\u0027fullPath\u0027]).replace(\"]\", \"\").replace(\"[\", \"\")\n\t\tif tagProvider in notSyncable:\n\t\t\tcontinue\n\t\telse:\n\t\t\tproviders\u003d{\"label\":tagProvider, \"value\":tagProvider}\n\t\t\ta.append(providers)\n\tself.props.options \u003d a"
                  },
                  "scope": "G",
                  "type": "script"
                }
              }
            },
            "meta": {
              "name": "Dropdown"
            },
            "propConfig": {
              "props.options[0].label": {
                "binding": {
                  "config": {
                    "path": "session.custom.defaultTagProvider"
                  },
                  "type": "property"
                }
              },
              "props.options[0].value": {
                "binding": {
                  "config": {
                    "path": "session.custom.defaultTagProvider"
                  },
                  "type": "property"
                }
              },
              "props.value": {
                "binding": {
                  "config": {
                    "bidirectional": true,
                    "path": "view.params.tagProvider"
                  },
                  "type": "property"
                }
              }
            },
            "props": {
              "options": [
                {},
                {
                  "label": "edge",
                  "value": "edge"
                },
                {
                  "label": "Sample_Tags",
                  "value": "Sample_Tags"
                }
              ]
            },
            "type": "ia.input.dropdown"
          }
        ],
        "meta": {
          "name": "tagProviderContainer"
        },
        "props": {
          "direction": "column"
        },
        "type": "ia.container.flex"
      },
      {
        "children": [
          {
            "meta": {
              "name": "Label"
            },
            "props": {
              "style": {
                "classes": "label"
              },
              "text": "Tag Path"
            },
            "type": "ia.display.label"
          },
          {
            "meta": {
              "name": "Dropdown"
            },
            "position": {
              "grow": 1
            },
            "propConfig": {
              "position.display": {
                "binding": {
                  "config": {
                    "path": "session.custom.normalizedTagPaths"
                  },
                  "type": "property"
                }
              },
              "props.options": {
                "binding": {
                  "config": {
                    "path": "session.custom.normalizedTagPaths"
                  },
                  "transforms": [
                    {
                      "code": "\tif value:\n\t\t## do call to get tag paths\n\t\ttagPaths \u003d []\n\t\tif len(tagPaths) \u003e 0:\n\t\t\tself.getSibling(\"Link\").position.display \u003d True\n\t\telse:\n\t\t\tself.getSibling(\"Link\").position.display \u003d False\n\t\treturn tagPaths\n\telse:\n\t\treturn []",
                      "type": "script"
                    }
                  ],
                  "type": "property"
                }
              },
              "props.value": {
                "binding": {
                  "config": {
                    "bidirectional": true,
                    "path": "view.params.tag.tagPathBase"
                  },
                  "type": "property"
                }
              }
            },
            "type": "ia.input.dropdown"
          },
          {
            "meta": {
              "name": "TextField"
            },
            "position": {
              "grow": 1,
              "shrink": 0
            },
            "propConfig": {
              "position.display": {
                "binding": {
                  "config": {
                    "path": "session.custom.normalizedTagPaths"
                  },
                  "transforms": [
                    {
                      "code": "\tif value:\n\t\treturn False\n\telse:\t\n\t\treturn True",
                      "type": "script"
                    }
                  ],
                  "type": "property"
                }
              },
              "props.text": {
                "binding": {
                  "config": {
                    "bidirectional": true,
                    "path": "view.params.tagPathBase"
                  },
                  "type": "property"
                }
              }
            },
            "type": "ia.input.text-field"
          },
          {
            "meta": {
              "name": "Link"
            },
            "position": {
              "display": false
            },
            "props": {
              "target": "self",
              "text": "It looks like there aren\u0027t any Normalized Tag Paths to show, click here to configure ",
              "url": "http://inductiveautomation.com"
            },
            "type": "ia.navigation.link"
          }
        ],
        "meta": {
          "name": "tagPathContainer"
        },
        "props": {
          "direction": "column"
        },
        "type": "ia.container.flex"
      },
      {
        "children": [
          {
            "events": {
              "dom": {
                "onClick": {
                  "config": {
                    "script": "\tsystem.perspective.closePopup(\"\")"
                  },
                  "scope": "G",
                  "type": "script"
                }
              }
            },
            "meta": {
              "name": "cancel"
            },
            "props": {
              "image": {
                "icon": {
                  "path": "material/not_interested"
                }
              },
              "style": {
                "classes": "diagnostics/buttons/error",
                "padding": 10
              },
              "text": "Cancel Changes"
            },
            "type": "ia.input.button"
          },
          {
            "events": {
              "dom": {
                "onClick": {
                  "config": {
                    "script": "\t\n\tsystem.perspective.print(\"Starting tag edits\")\n\tsystem.perspective.print(\"original tag: \" + self.view.custom.originalTag)\n\tsystem.perspective.print(\"New tag: \" + self.view.params.tagPathBase)\n\t\n\tdef reaplceifNull(tagProvider):\n\t\tif tagProvider \u003d\u003d None or len(tagProvider) \u003c 3:\n\t\t\treturn \u0027[default]\u0027\n\t\telse:\n\t\t\treturn  tagProvider\n\ttry:\n\t\tsaveResults \u003d device.tagOperations.editExistingTag(self.view.params.devEUI, \n\t\treaplceifNull(self.view.params.tagProvider), \n\t\tself.view.params.tagPathBase, \n\t\tself.view.params.name)\n\t\toriginal \u003dself.view.custom.originalTag  #device.tagOperations.assembleBasePath(self.view.custom.originalTag, self.view.params.name).replace(\u0027[]\u0027, \u0027[default]\u0027)\n\t\tself.view.params.fullTagPath \u003d reaplceifNull(self.view.params.tagProvider) + self.view.params.tagPathBase\n\t\tsystem.perspective.print(saveResults)\n\t\tsuccess \u003d utils.resultParser.isResultSuccess(saveResults)\n\t\tif success \u003d\u003d True:\n\t\t\t#self.view.params.fullTagPath \u003d self.session.custom.defaultTagProvider + self.parent.parent.getChild(\"tagPath\").props.params.tagPathBase \n\t\t\tmoveResults \u003d device.tagOperations.moveTag(original,\t\t\t\n\t\t\tself.view.params.fullTagPath)\n\t\t\tsystem.perspective.print(str(moveResults))\n\t\t\tupdateDevice \u003d {\"tagPathBase\":self.view.params.tagPathBase, \"fullTagPath\":self.view.params.fullTagPath}\n\t\t\tsystem.perspective.sendMessage(\"tagPathChanged\", updateDevice)\n\t\t\tif str(moveResults) !\u003d \"Good\":\n\t\t\t\tutils.messages.errors.showErrorMessage(\"Error occurred trying to move tags to new location: \" + self.view.params.fullTagPath + \"from old location:  \" + original + \" the decode path was updated but the tag was not moved. Move the tag to recieve updates.\" )\n\t\t\telse:\n\t\t\t\t\n\t\t\t\tsystem.perspective.closePopup(\"pathEdit\")\n\t\telse:\n\t\t\tutils.messages.errors.showErrorMessage(\"Error making change to tags: \" + utils.resultParser.getResultMessage(saveResults))\n\texcept Exception as e:\n\t\tutils.messages.errors.showErrorMessage(\"Error making change to tags: \" + str(e))"
                  },
                  "scope": "G",
                  "type": "script"
                }
              }
            },
            "meta": {
              "name": "submit"
            },
            "props": {
              "image": {
                "icon": {
                  "path": "material/save"
                }
              },
              "style": {
                "padding": 10
              },
              "text": "Update Tag Location"
            },
            "type": "ia.input.button"
          }
        ],
        "meta": {
          "name": "FlexContainer"
        },
        "props": {
          "justify": "space-around",
          "style": {
            "marginTop": "10%"
          }
        },
        "type": "ia.container.flex"
      }
    ],
    "custom": {
      "isNormalizedTagPath": "value"
    },
    "meta": {
      "name": "root"
    },
    "props": {
      "direction": "column",
      "justify": "space-between",
      "style": {
        "padding": "2%"
      }
    },
    "type": "ia.container.flex"
  }
}