{
  "custom": {},
  "params": {},
  "props": {
    "defaultSize": {
      "width": 975
    }
  },
  "root": {
    "children": [
      {
        "events": {
          "dom": {
            "onClick": {
              "config": {
                "page": "/LNS-configuration"
              },
              "scope": "C",
              "type": "nav"
            }
          }
        },
        "meta": {
          "name": "Button_4"
        },
        "position": {
          "breakpoints": [
            {
              "colIndex": 1,
              "name": "sm",
              "order": 0,
              "rowIndex": 1,
              "span": 10
            },
            {
              "colIndex": 4,
              "name": "md",
              "order": 0,
              "rowIndex": 1,
              "span": 4
            },
            {
              "colIndex": 4,
              "name": "lg",
              "order": 0,
              "rowIndex": 1,
              "span": 4
            }
          ],
          "height": 150
        },
        "props": {
          "style": {
            "backgroundColor": "#FFFFFF",
            "borderStyle": "outset",
            "borderWidth": 2,
            "color": "#0D5C63",
            "fontSize": 20
          },
          "text": "Connect to an LNS"
        },
        "type": "ia.input.button"
      },
      {
        "children": [
          {
            "meta": {
              "name": "welcomeSS12"
            },
            "position": {
              "basis": "370px"
            },
            "propConfig": {
              "props.source": {
                "binding": {
                  "config": {
                    "expression": "{session.props.gateway.address} + \"/res/hce/syncimages/welcomeSS12.png\""
                  },
                  "type": "expr"
                }
              }
            },
            "type": "ia.display.image"
          }
        ],
        "meta": {
          "name": "FlexContainer"
        },
        "position": {
          "breakpoints": [
            {
              "colIndex": 0,
              "name": "sm",
              "order": 1,
              "rowIndex": 0,
              "span": 12
            },
            {
              "colIndex": 0,
              "name": "md",
              "order": 1,
              "rowIndex": 0,
              "span": 12
            },
            {
              "colIndex": 0,
              "name": "lg",
              "order": 0,
              "rowIndex": 0,
              "span": 12
            }
          ],
          "height": 192
        },
        "props": {
          "alignItems": "baseline",
          "justify": "center",
          "style": {
            "backgroundColor": "#FFFFFF"
          }
        },
        "type": "ia.container.flex"
      },
      {
        "meta": {
          "name": "CoordinateContainer"
        },
        "position": {
          "breakpoints": [
            {
              "colIndex": 11,
              "name": "sm",
              "order": 1,
              "rowIndex": 1,
              "span": 1
            },
            {
              "colIndex": 5,
              "name": "md",
              "order": 0.5,
              "rowIndex": 0,
              "span": 1
            },
            {
              "colIndex": 5,
              "name": "lg",
              "order": -0.5,
              "rowIndex": 0,
              "span": 1
            }
          ],
          "height": 4
        },
        "type": "ia.container.coord"
      },
      {
        "events": {
          "dom": {
            "onClick": {
              "config": {
                "page": "/data-manager"
              },
              "scope": "C",
              "type": "nav"
            }
          }
        },
        "meta": {
          "name": "Button_6"
        },
        "position": {
          "breakpoints": [
            {
              "colIndex": 1,
              "name": "sm",
              "order": 0,
              "rowIndex": 3,
              "span": 10
            },
            {
              "colIndex": 4,
              "name": "md",
              "order": 0,
              "rowIndex": 3,
              "span": 4
            },
            {
              "colIndex": 4,
              "name": "lg",
              "order": 0,
              "rowIndex": 3,
              "span": 4
            }
          ],
          "height": 150
        },
        "propConfig": {
          "meta.visible": {
            "binding": {
              "config": {
                "path": "session.custom.enableDataPage"
              },
              "type": "property"
            }
          }
        },
        "props": {
          "image": {
            "source": "/system/images/datalaunchicon.png"
          },
          "style": {
            "backgroundColor": "#FFFFFF",
            "borderStyle": "outset",
            "borderWidth": 2,
            "color": "#0D5C63",
            "fontSize": 20
          },
          "text": "Manage Data"
        },
        "type": "ia.input.button"
      },
      {
        "events": {
          "dom": {
            "onClick": {
              "config": {
                "script": "\tif self.session.custom.enableDataPage:\n\t\tsystem.perspective.navigate(page\u003d\"/device-management\")\n\telse:\n\t\tsystem.perspective.navigate(page\u003d\"/mobileDeviceList\")"
              },
              "scope": "G",
              "type": "script"
            }
          }
        },
        "meta": {
          "name": "Button_7"
        },
        "position": {
          "breakpoints": [
            {
              "colIndex": 1,
              "name": "sm",
              "order": 0,
              "rowIndex": 2,
              "span": 10
            },
            {
              "colIndex": 4,
              "name": "md",
              "order": 0,
              "rowIndex": 2,
              "span": 4
            },
            {
              "colIndex": 4,
              "name": "lg",
              "order": 0,
              "rowIndex": 2,
              "span": 4
            }
          ],
          "height": 150
        },
        "props": {
          "style": {
            "backgroundColor": "#FFFFFF",
            "borderStyle": "outset",
            "borderWidth": 2,
            "color": "#0D5C63",
            "fontSize": 20
          },
          "text": "Add or Manage Devices"
        },
        "type": "ia.input.button"
      },
      {
        "meta": {
          "name": "BreakpointContainer"
        },
        "position": {
          "breakpoints": [
            {
              "colIndex": 1,
              "name": "sm",
              "order": 0,
              "rowIndex": 4,
              "span": 10
            },
            {
              "colIndex": 0,
              "name": "md",
              "order": 1,
              "rowIndex": 4,
              "span": 10
            },
            {
              "colIndex": 1,
              "name": "lg",
              "order": 0,
              "rowIndex": 4,
              "span": 10
            }
          ],
          "height": 136
        },
        "type": "ia.container.breakpt"
      }
    ],
    "meta": {
      "name": "root"
    },
    "props": {
      "gutters": {
        "horizontal": 35
      },
      "style": {
        "backgroundColor": "#FFFFFF"
      }
    },
    "type": "ia.container.column"
  }
}