{
  "custom": {},
  "params": {
    "rowData": {
      "event": "tagName",
      "message": "description1",
      "timestamp": 1718638480
    }
  },
  "propConfig": {
    "params.rowData": {
      "paramDirection": "input",
      "persistent": true
    }
  },
  "props": {
    "defaultSize": {
      "height": 39
    }
  },
  "root": {
    "children": [
      {
        "meta": {
          "name": "Label"
        },
        "propConfig": {
          "props.text": {
            "binding": {
              "config": {
                "path": "view.params.rowData.message"
              },
              "transforms": [
                {
                  "code": "\ttry:\n\t\timport json\n\t\tvalue \u003d json.loads(value)\n\t\tif \"DevEUI_uplink\" in value.keys():\n\t\t\treturn value[\u0027DevEUI_uplink\u0027][\u0027Time\u0027]\n\t\telse:\n\t\t\ttry:\n\t\t\t\treturn value[\u0027time\u0027]\n\t\t\texcept:\n\t\t\t\treturn self.view.params.rowData.timestamp\n\texcept Exception as e:\n\t\tsystem.perspective.print(e)\n\t\treturn \"Error computing time since timestamp {0}\".format(value)",
                  "type": "script"
                }
              ],
              "type": "property"
            }
          }
        },
        "type": "ia.display.label"
      }
    ],
    "meta": {
      "name": "root"
    },
    "props": {
      "direction": "column"
    },
    "type": "ia.container.flex"
  }
}