{
  "custom": {},
  "params": {
    "dashName": "",
    "tagPath": ""
  },
  "propConfig": {
    "params.dashName": {
      "paramDirection": "input",
      "persistent": true
    },
    "params.tagPath": {
      "paramDirection": "input",
      "persistent": true
    }
  },
  "props": {},
  "root": {
    "children": [
      {
        "children": [
          {
            "meta": {
              "name": "EmbeddedView_0"
            },
            "position": {
              "shrink": 0
            },
            "propConfig": {
              "props.params.tagPath": {
                "binding": {
                  "config": {
                    "path": "view.params.tagPath"
                  },
                  "transforms": [
                    {
                      "code": "\treturn value + \"/metaData/valueToDisplay\"",
                      "type": "script"
                    }
                  ],
                  "type": "property"
                }
              }
            },
            "props": {
              "path": "Devices/Details/values/displayRow"
            },
            "type": "ia.display.view"
          },
          {
            "meta": {
              "name": "EmbeddedView"
            },
            "position": {
              "grow": 1
            },
            "propConfig": {
              "props.params.tagPath": {
                "binding": {
                  "config": {
                    "path": "view.params.tagPath"
                  },
                  "type": "property"
                }
              }
            },
            "props": {
              "path": "Devices/Details/values/allValues"
            },
            "type": "ia.display.view"
          }
        ],
        "meta": {
          "name": "currentValues"
        },
        "position": {
          "tabIndex": 1
        },
        "props": {
          "direction": "column",
          "justify": "space-around"
        },
        "type": "ia.container.flex"
      },
      {
        "meta": {
          "name": "EmbeddedView"
        },
        "propConfig": {
          "props.params.chartType": {
            "binding": {
              "config": {
                "path": "view.params.dashName"
              },
              "type": "property"
            }
          },
          "props.params.tagPath": {
            "binding": {
              "config": {
                "path": "view.params.tagPath"
              },
              "type": "property"
            }
          }
        },
        "props": {
          "path": "Devices/Details/values/DashManager"
        },
        "type": "ia.display.view"
      }
    ],
    "meta": {
      "name": "root"
    },
    "props": {
      "currentTabIndex": 1,
      "tabs": [
        "Dashboard",
        "Values"
      ]
    },
    "type": "ia.container.tab"
  }
}