{
  "custom": {
    "device": {
      "description": "value",
      "devEUI": "90ab96fffee1ae1b",
      "deviceName": "testetsttes",
      "deviceType": "value",
      "deviceTypeID": 1,
      "fullTagPath": "[default]hotdropTest1",
      "latitude": 0,
      "longitude": 0,
      "tagName": "testetsttes",
      "tagPathBase": "",
      "tagProvider": "default"
    },
    "metaData": {},
    "originalDevice": {
      "description": "value",
      "devEUI": "90ab96fffee1ae1b",
      "deviceName": "testetsttes",
      "deviceType": "value",
      "deviceTypeID": 1,
      "fullTagPath": "[default]hotdropTest1",
      "latitude": 0,
      "longitude": 0,
      "tagName": "testetsttes",
      "tagPathBase": "",
      "tagProvider": "default"
    }
  },
  "events": {
    "system": {
      "onStartup": {
        "config": {
          "script": "\t##make original copy\n\tself.custom.originalDevice \u003d self.params.device"
        },
        "scope": "G",
        "type": "script"
      }
    }
  },
  "params": {
    "device": {
      "description": "value",
      "devEUI": "90ab96fffee1ae1b",
      "deviceName": "testetsttes",
      "deviceType": "value",
      "deviceTypeID": 1,
      "fullTagPath": "[default]hotdropTest1",
      "latitude": 0,
      "longitude": 0,
      "tagName": "testetsttes",
      "tagPathBase": "",
      "tagProvider": "default"
    }
  },
  "propConfig": {
    "custom.device": {
      "binding": {
        "config": {
          "bidirectional": true,
          "path": "view.params.device"
        },
        "type": "property"
      },
      "persistent": true
    },
    "custom.metaData": {
      "binding": {
        "config": {
          "fallbackDelay": 2.5,
          "mode": "indirect",
          "references": {
            "fullTagPath": "{view.custom.device.fullTagPath}"
          },
          "tagPath": "{fullTagPath}/metaData/customAttributes"
        },
        "transforms": [
          {
            "code": "\tif quality.badOrError:\n\t\treturn {}\n\n\treturn value",
            "type": "script"
          }
        ],
        "type": "tag"
      },
      "persistent": true
    },
    "params.device": {
      "paramDirection": "input",
      "persistent": true
    }
  },
  "props": {
    "defaultSize": {
      "height": 700
    }
  },
  "root": {
    "children": [
      {
        "meta": {
          "name": "deviceName"
        },
        "position": {
          "breakpoints": [
            {
              "colIndex": 0,
              "name": "sm",
              "order": 0,
              "rowIndex": 0,
              "span": 12
            },
            {
              "colIndex": 0,
              "name": "md",
              "order": 0,
              "rowIndex": 0,
              "span": 12
            },
            {
              "colIndex": 0,
              "name": "lg",
              "order": 0,
              "rowIndex": 0,
              "span": 12
            }
          ],
          "height": 60
        },
        "propConfig": {
          "props.params.componentValue": {
            "binding": {
              "config": {
                "bidirectional": true,
                "path": "view.custom.device.deviceName"
              },
              "type": "property"
            }
          },
          "props.params.isEditing": {
            "binding": {
              "config": {
                "bidirectional": true,
                "path": "parent.custom.isEditing"
              },
              "type": "property"
            }
          }
        },
        "props": {
          "params": {
            "labelText": "Name:"
          },
          "path": "Devices/Details/components/editableLabel"
        },
        "type": "ia.display.view"
      },
      {
        "meta": {
          "name": "deviceCreated"
        },
        "position": {
          "breakpoints": [
            {
              "colIndex": 0,
              "name": "sm",
              "order": 1,
              "rowIndex": 4,
              "span": 12
            },
            {
              "colIndex": 0,
              "name": "md",
              "order": 0.5,
              "rowIndex": 5,
              "span": 12
            },
            {
              "colIndex": 0,
              "name": "lg",
              "order": 0.5,
              "rowIndex": 5,
              "span": 12
            }
          ],
          "height": 60
        },
        "propConfig": {
          "props.params.componentValue": {
            "binding": {
              "config": {
                "fallbackDelay": 2.5,
                "mode": "indirect",
                "references": {
                  "fullTagPath": "{view.custom.device.fullTagPath}"
                },
                "tagPath": "{fullTagPath}/metaData/deviceCreatedDate"
              },
              "transforms": [
                {
                  "code": "\tif quality.badOrError:\n\t\treturn \"Tag not found, created date unknown\"\n\telse:\n\t\treturn value",
                  "type": "script"
                }
              ],
              "type": "tag"
            }
          }
        },
        "props": {
          "params": {
            "isEditing": false,
            "labelText": "Created Date:"
          },
          "path": "Devices/Details/components/editableLabel"
        },
        "type": "ia.display.view"
      },
      {
        "meta": {
          "name": "devEUI"
        },
        "position": {
          "breakpoints": [
            {
              "colIndex": 0,
              "name": "sm",
              "order": 0.5,
              "rowIndex": 1,
              "span": 12
            },
            {
              "colIndex": 0,
              "name": "md",
              "order": 0,
              "rowIndex": 1,
              "span": 12
            },
            {
              "colIndex": 0,
              "name": "lg",
              "order": 0,
              "rowIndex": 1,
              "span": 12
            }
          ],
          "height": 60
        },
        "propConfig": {
          "props.params.componentValue": {
            "binding": {
              "config": {
                "path": "view.custom.device.devEUI"
              },
              "type": "property"
            }
          }
        },
        "props": {
          "params": {
            "isEditing": false,
            "labelText": "DevEUI:"
          },
          "path": "Devices/Details/components/editableLabel"
        },
        "type": "ia.display.view"
      },
      {
        "meta": {
          "name": "description"
        },
        "position": {
          "breakpoints": [
            {
              "colIndex": 0,
              "name": "sm",
              "order": 2,
              "rowIndex": 1,
              "span": 12
            },
            {
              "colIndex": 0,
              "name": "md",
              "order": 0,
              "rowIndex": 4,
              "span": 12
            },
            {
              "colIndex": 0,
              "name": "lg",
              "order": 0,
              "rowIndex": 3,
              "span": 12
            }
          ],
          "height": 60
        },
        "propConfig": {
          "props.params.componentValue": {
            "binding": {
              "config": {
                "bidirectional": true,
                "path": "view.custom.device.description"
              },
              "type": "property"
            }
          },
          "props.params.isEditing": {
            "binding": {
              "config": {
                "bidirectional": true,
                "path": "parent.custom.isEditing"
              },
              "type": "property"
            }
          }
        },
        "props": {
          "params": {
            "labelText": "Description:"
          },
          "path": "Devices/Details/components/editableLabel"
        },
        "type": "ia.display.view"
      },
      {
        "children": [
          {
            "meta": {
              "name": "tagPath"
            },
            "position": {
              "grow": 1,
              "shrink": 0
            },
            "propConfig": {
              "props.params.componentValue": {
                "binding": {
                  "config": {
                    "path": "view.custom.device.fullTagPath"
                  },
                  "previewEnabled": false,
                  "type": "property"
                }
              }
            },
            "props": {
              "params": {
                "isEditing": false,
                "labelText": "Tag Path:"
              },
              "path": "Devices/Details/components/editableLabel"
            },
            "type": "ia.display.view"
          },
          {
            "events": {
              "dom": {
                "onClick": {
                  "config": {
                    "draggable": true,
                    "id": "pathEdit",
                    "modal": false,
                    "overlayDismiss": false,
                    "position": {
                      "relativeLocation": "center"
                    },
                    "positionType": "relative",
                    "resizable": true,
                    "showCloseIcon": true,
                    "type": "open",
                    "viewParams": {
                      "devEUI": "{view.custom.device.devEUI}",
                      "fullTagPath": "{view.custom.device.fullTagPath}",
                      "name": "{view.custom.device.deviceName}",
                      "tagPathBase": "{view.custom.device.tagPathBase}",
                      "tagProvider": "{view.custom.device.tagProvider}"
                    },
                    "viewPath": "TagPaths/components/tagPathEdit",
                    "viewportBound": true
                  },
                  "scope": "C",
                  "type": "popup"
                }
              }
            },
            "meta": {
              "name": "Icon",
              "tooltip": {
                "enabled": true,
                "text": "edit tag location"
              }
            },
            "position": {
              "basis": "30px",
              "display": false
            },
            "props": {
              "path": "material/edit"
            },
            "type": "ia.display.icon"
          }
        ],
        "meta": {
          "name": "tagpathEsdit"
        },
        "position": {
          "breakpoints": [
            {
              "colIndex": 0,
              "name": "sm",
              "order": 1,
              "rowIndex": 2,
              "span": 12
            },
            {
              "colIndex": 0,
              "name": "md",
              "order": 0,
              "rowIndex": 3,
              "span": 12
            },
            {
              "colIndex": 0,
              "name": "lg",
              "order": 0,
              "rowIndex": 4,
              "span": 12
            }
          ],
          "height": 60
        },
        "type": "ia.container.flex"
      },
      {
        "events": {
          "dom": {
            "onDoubleClick": {
              "config": {
                "newTab": true,
                "page": "/device-profile/{view.params.device.deviceTypeID}"
              },
              "scope": "C",
              "type": "nav"
            }
          }
        },
        "meta": {
          "name": "SensorType",
          "tooltip": {
            "enabled": true,
            "text": "Double click to view device profile"
          }
        },
        "position": {
          "breakpoints": [
            {
              "colIndex": 0,
              "name": "sm",
              "order": 1,
              "rowIndex": 1,
              "span": 12
            },
            {
              "colIndex": 0,
              "name": "md",
              "order": 0,
              "rowIndex": 2,
              "span": 12
            },
            {
              "colIndex": 0,
              "name": "lg",
              "order": 0,
              "rowIndex": 2,
              "span": 12
            }
          ],
          "height": 60
        },
        "propConfig": {
          "props.params.componentValue": {
            "binding": {
              "config": {
                "path": "view.custom.device.deviceType"
              },
              "type": "property"
            }
          }
        },
        "props": {
          "params": {
            "isEditing": false,
            "labelText": "Sensor Type:"
          },
          "path": "Devices/Details/components/editableLabel"
        },
        "type": "ia.display.view"
      },
      {
        "meta": {
          "name": "metaDAta"
        },
        "position": {
          "breakpoints": [
            {
              "colIndex": 0,
              "name": "sm",
              "order": 0,
              "rowIndex": 3,
              "span": 12
            },
            {
              "colIndex": 0,
              "name": "md",
              "order": 1,
              "rowIndex": 5,
              "span": 12
            },
            {
              "colIndex": 0,
              "name": "lg",
              "order": 1,
              "rowIndex": 5,
              "span": 12
            }
          ],
          "height": "auto"
        },
        "propConfig": {
          "props.params.isEditing": {
            "binding": {
              "config": {
                "path": "parent.custom.isEditing"
              },
              "type": "property"
            }
          },
          "props.params.metaData": {
            "binding": {
              "config": {
                "path": "view.custom.metaData"
              },
              "type": "property"
            }
          }
        },
        "props": {
          "params": {
            "devEUI": "value"
          },
          "path": "Devices/Details/metaData/metaData"
        },
        "type": "ia.display.view"
      }
    ],
    "custom": {
      "isEditing": false
    },
    "meta": {
      "name": "root"
    },
    "scripts": {
      "customMethods": [],
      "extensionFunctions": null,
      "messageHandlers": [
        {
          "messageType": "toggleEdit",
          "pageScope": true,
          "script": "\t# implement your handler here\n\tself.custom.isEditing \u003d payload[\u0027isEditing\u0027]",
          "sessionScope": false,
          "viewScope": false
        },
        {
          "messageType": "saveForm",
          "pageScope": true,
          "script": "\t# implement your handler here\n\ttry:\n\t\tformattedRequest \u003d device.updateDevice.formatUpdateDeviceRequest(self.view.custom.device.devEUI, self.view.custom.device.deviceName, self.view.custom.device.description)\n\t\tresponse \u003d device.updateDevice.updateDevice(formattedRequest)\n\t\tcurrentPath \u003d device.tagOperations.assembleFullPath(self.view.params.device.tagProvider, self.view.params.device.tagPathBase, self.view.custom.device.deviceName)\n\n\t\t\t\t\n\t\t\n\t\tsystem.perspective.sendMessage(\"getMetaData\", {\"devEUI\":self.view.custom.device.devEUI, \"fullTagPath\":self.view.custom.device.fullTagPath})\n\t\tdevice.tagOperations.updateDescriptionTag(self.view.custom.device.fullTagPath, self.view.custom.device.description)\n\t\t\n\t\t#system.perspective.print(\"starting tag path eval\")\n\t\tif currentPath !\u003d self.view.params.device.fullTagPath:\n\t\t\t##then re-name tag\n\t\t\trenameResults \u003d device.tagOperations.renameTag(self.view.params.device.fullTagPath, self.view.custom.device.deviceName)\n\t\t\tsystem.perspective.print(renameResults)\n\t\t\tupdateDB \u003d device.tagOperations.saveTagPathForDevice(self.view.params.device.devEUI, self.view.params.device.tagProvider, self.view.params.device.tagPathBase, self.view.custom.device.deviceName)\n\t\t\tsystem.perspective.sendMessage(\"tagPathChanged\", payload\u003d{\"fullTagPath\":currentPath, \"tagPathBase\":self.view.params.device.tagPathBase})\n\t\t\tself.view.custom.device.fullTagPath \u003d currentPath\n\t\t\tcreatePITemplate.createInstance(currentPath,  self.view.custom.device.deviceName)\n\t\t#system.perspective.print(\"completed tagrename\")\n\t\tself.view.params.device \u003d self.view.custom.device\n\t\tsystem.perspective.sendMessage(\"toggleEdit\", payload\u003d{\"isEditing\":False})\n\texcept Exception as e:\n\t\tsystem.perspective.print(e)\n\t\tutils.messages.errors(\"Error saving {0}\".format(str(e)))",
          "sessionScope": false,
          "viewScope": false
        }
      ]
    },
    "type": "ia.container.column"
  }
}