{
  "custom": {},
  "params": {
    "appID": 1
  },
  "propConfig": {
    "params.appID": {
      "paramDirection": "input",
      "persistent": true
    }
  },
  "props": {
    "defaultSize": {
      "height": 1433,
      "width": 1472
    },
    "text": "(Status: Connected)"
  },
  "root": {
    "children": [
      {
        "children": [
          {
            "meta": {
              "name": "MQTTConnection"
            },
            "propConfig": {
              "props.params.appID": {
                "binding": {
                  "config": {
                    "path": "/root.custom.connectionID"
                  },
                  "type": "property"
                }
              },
              "props.params.path": {
                "binding": {
                  "config": {
                    "path": "/root.custom.path"
                  },
                  "type": "property"
                }
              }
            },
            "props": {
              "path": "Connections/components/mqttConnection"
            },
            "type": "ia.display.view"
          },
          {
            "meta": {
              "name": "LNSConnection"
            },
            "position": {
              "tabIndex": 1
            },
            "propConfig": {
              "props.params.appID": {
                "binding": {
                  "config": {
                    "path": "/root.custom.connectionID"
                  },
                  "type": "property"
                }
              }
            },
            "props": {
              "path": "Connections/components/joinConnection"
            },
            "type": "ia.display.view"
          },
          {
            "children": [
              {
                "children": [
                  {
                    "children": [
                      {
                        "meta": {
                          "name": "Label"
                        },
                        "position": {
                          "basis": "32px"
                        },
                        "props": {
                          "style": {
                            "classes": "forms/configHeading"
                          },
                          "text": "App Name"
                        },
                        "type": "ia.display.label"
                      },
                      {
                        "meta": {
                          "name": "TextField"
                        },
                        "propConfig": {
                          "props.text": {
                            "binding": {
                              "config": {
                                "bidirectional": true,
                                "path": "...../FlexContainer.custom.app.tenantName"
                              },
                              "type": "property"
                            }
                          }
                        },
                        "props": {
                          "style": {
                            "margin": "2%",
                            "padding": "3%"
                          }
                        },
                        "type": "ia.input.text-field"
                      }
                    ],
                    "meta": {
                      "name": "FlexContainer"
                    },
                    "position": {
                      "basis": "200px",
                      "grow": 1
                    },
                    "props": {
                      "direction": "column",
                      "style": {
                        "borderStyle": "none"
                      }
                    },
                    "type": "ia.container.flex"
                  }
                ],
                "meta": {
                  "name": "FlexContainer"
                },
                "type": "ia.container.flex"
              },
              {
                "children": [
                  {
                    "events": {
                      "dom": {
                        "onClick": {
                          "config": {
                            "draggable": true,
                            "id": "M1JvJrR0",
                            "modal": false,
                            "overlayDismiss": false,
                            "resizable": true,
                            "showCloseIcon": true,
                            "type": "open",
                            "viewParams": {
                              "tenantID": "{view.params.appID}",
                              "tenantName": "{/root/TabContainer/FlexContainer.custom.app.tenantName}"
                            },
                            "viewPath": "Confirmations/deleteApplication",
                            "viewportBound": false
                          },
                          "scope": "C",
                          "type": "popup"
                        }
                      }
                    },
                    "meta": {
                      "name": "delete"
                    },
                    "props": {
                      "image": {
                        "icon": {
                          "path": "material/delete_forever"
                        }
                      },
                      "style": {
                        "borderBottomLeftRadius": "12px",
                        "borderBottomRightRadius": "12px",
                        "borderStyle": "none",
                        "borderTopLeftRadius": "12px",
                        "borderTopRightRadius": "12px",
                        "classes": "diagnostics/buttons/error"
                      },
                      "text": "Delete Application"
                    },
                    "type": "ia.input.button"
                  },
                  {
                    "events": {
                      "dom": {
                        "onClick": {
                          "config": {
                            "script": "\ttry:\n\t\timport json\n\t\tj \u003d json.dumps({\"id\":self.view.params.appID,\"tenantName\":self.parent.parent.parent.getChild(\"FlexContainer\").custom.app.tenantName,\"authGroups\":\"\",\"primaryRegion\":\"US915\",\"isApplication\":1,\"notes\":\"\", \"ownerTenantID\":-1})\n\t\t\n\t\tres \u003d system.sitesync.updateTenant(j)\n\t\tsystem.perspective.print(res)\n\t\tutils.messages.success.showSuccess(\"Updated\")\n\t\t#self.parent.custom.refreshApps +\u003d 1\n\texcept Exception as e:\n\t\tsystem.perspective.print(e)"
                          },
                          "scope": "G",
                          "type": "script"
                        }
                      }
                    },
                    "meta": {
                      "name": "save"
                    },
                    "props": {
                      "image": {
                        "icon": {
                          "path": "material/save"
                        }
                      },
                      "style": {
                        "borderBottomLeftRadius": "12px",
                        "borderBottomRightRadius": "12px",
                        "borderStyle": "none",
                        "borderTopLeftRadius": "12px",
                        "borderTopRightRadius": "12px",
                        "classes": "diagnostics/buttons/good",
                        "marginLeft": "5%"
                      },
                      "text": "Save Changes"
                    },
                    "type": "ia.input.button"
                  }
                ],
                "meta": {
                  "name": "FlexContainer_0"
                },
                "position": {
                  "basis": "64px"
                },
                "props": {
                  "justify": "flex-end"
                },
                "type": "ia.container.flex"
              }
            ],
            "meta": {
              "name": "FlexContainer"
            },
            "position": {
              "tabIndex": 2
            },
            "propConfig": {
              "custom.app": {
                "binding": {
                  "config": {
                    "path": "view.params.appID"
                  },
                  "transforms": [
                    {
                      "code": "\ttry:\n\t\tapp \u003d system.sitesync.getTenant(str(value))\n\t\timport json \n\t\ta \u003d json.loads(app)\n\t\treturn a\n\texcept Exception as e:\n\t\tsystem.perspective.print(str(e))\n\t\treturn \"Error getting app name\"",
                      "type": "script"
                    }
                  ],
                  "type": "property"
                }
              }
            },
            "props": {
              "direction": "column",
              "justify": "space-evenly",
              "style": {
                "margin": "1%"
              }
            },
            "type": "ia.container.flex"
          }
        ],
        "meta": {
          "name": "TabContainer"
        },
        "position": {
          "breakpoints": [
            {
              "colIndex": 0,
              "name": "sm",
              "order": 1,
              "rowIndex": 2,
              "span": 12
            },
            {
              "colIndex": 1,
              "name": "md",
              "order": 1,
              "rowIndex": 2,
              "span": 10
            },
            {
              "colIndex": 1,
              "name": "lg",
              "order": 1,
              "rowIndex": 2,
              "span": 10
            }
          ],
          "height": "auto"
        },
        "propConfig": {
          "props.currentTabIndex": {
            "binding": {
              "config": {
                "path": "parent.custom.tab"
              },
              "type": "property"
            }
          }
        },
        "props": {
          "contentStyle": {
            "backgroundColor": "#FFFFFF"
          },
          "menuStyle": {
            "backgroundColor": "#FFFFFF"
          },
          "menuType": "modern",
          "style": {
            "marginTop": 0
          },
          "tabs": [
            "MQTT",
            "NWS",
            "About"
          ]
        },
        "type": "ia.container.tab"
      },
      {
        "children": [
          {
            "meta": {
              "name": "Label"
            },
            "position": {
              "grow": 1
            },
            "propConfig": {
              "props.text": {
                "binding": {
                  "config": {
                    "path": ".../TabContainer/FlexContainer.custom.app.tenantName"
                  },
                  "transforms": [
                    {
                      "code": "\treturn \"Connection - {0}\".format(value)",
                      "type": "script"
                    }
                  ],
                  "type": "property"
                }
              }
            },
            "props": {
              "style": {
                "classes": "forms/configHeading",
                "marginLeft": "3%"
              }
            },
            "type": "ia.display.label"
          },
          {
            "events": {
              "dom": {
                "onClick": {
                  "config": {
                    "script": "\tdocsURL \u003d \"https://sitesyncdevs.github.io/lorawan-module/network-server/#{0}\"\n\ttab \u003d \"\"\n\tif self.view.getChild(\"root\").custom.selectedNWS \u003d\u003d \"CHIRPSTACK\":\n\t\ttab \u003d \"chirpstack\"\n\telif self.view.getChild(\"root\").custom.selectedNWS \u003d\u003d \"THINGPARK\":\n\t\ttab \u003d \"thingpark\"\n\telif self.view.getChild(\"root\").custom.selectedNWS \u003d\u003d \"TTN\":\n\t\ttab \u003d \"the-things-network\"\n\telif self.view.getChild(\"root\").custom.selectedNWS \u003d\u003d \"MULTITECH-CONDUIT\":\n\t\ttab \u003d \"multitech-conduit\"\n\telif self.view.getChild(\"root\").custom.selectedNWS \u003d\u003d \"LORIOT\":\n\t\ttab \u003d \"loriot\"\n\t\t\n\tsystem.perspective.navigate( url \u003d docsURL.format(tab), newTab\u003dTrue)"
                  },
                  "scope": "G",
                  "type": "script"
                }
              }
            },
            "meta": {
              "name": "Icon",
              "tooltip": {
                "enabled": true,
                "text": "Settings to connect to LoRaWAN network server to sync devices, and MQTT broker to consume data. Click for more info."
              }
            },
            "position": {
              "basis": "30px"
            },
            "props": {
              "path": "material/info"
            },
            "type": "ia.display.icon"
          }
        ],
        "meta": {
          "name": "about"
        },
        "position": {
          "breakpoints": [
            {
              "colIndex": 2,
              "name": "sm",
              "order": 1,
              "rowIndex": 0,
              "span": 12
            },
            {
              "colIndex": 2,
              "name": "md",
              "order": 1,
              "rowIndex": 0,
              "span": 12
            },
            {
              "colIndex": 2,
              "name": "lg",
              "order": 0,
              "rowIndex": 0,
              "span": 12
            }
          ],
          "height": "auto"
        },
        "type": "ia.container.flex"
      }
    ],
    "custom": {
      "selectedNWS": "LORIOT",
      "tab": 0
    },
    "meta": {
      "name": "root"
    },
    "propConfig": {
      "custom.connectionID": {
        "binding": {
          "config": {
            "path": "view.params.appID"
          },
          "type": "property"
        }
      },
      "custom.path": {
        "binding": {
          "config": {
            "path": "this.custom.connectionID"
          },
          "transforms": [
            {
              "code": "\treturn \"[SiteSync]SiteSyncConnections/{0}\".format(value)",
              "type": "script"
            }
          ],
          "type": "property"
        }
      }
    },
    "props": {
      "breakpoints": [
        {
          "minWidth": 100,
          "name": "sm"
        },
        {
          "minWidth": 720,
          "name": "md"
        },
        {
          "minWidth": 1100,
          "name": "lg"
        }
      ],
      "gutters": {
        "horizontal": 0,
        "vertical": 0
      },
      "style": {
        "backgroundColor": "#FFFFFF",
        "classes": "pageFormat/rootPadding"
      }
    },
    "scripts": {
      "customMethods": [],
      "extensionFunctions": null,
      "messageHandlers": [
        {
          "messageType": "NWSType",
          "pageScope": true,
          "script": "\t# implement your handler here\n\tself.custom.selectedNWS \u003d payload[\u0027NWS\u0027]",
          "sessionScope": false,
          "viewScope": false
        }
      ]
    },
    "type": "ia.container.column"
  }
}