{
  "custom": {
    "currentLoRaVersion": "value",
    "currentRegion": "value",
    "currentRevision": "value",
    "regions": [],
    "revisions": [
      {
        "label": "PHY_V1_0_1",
        "value": "PHY_V1_0_1"
      },
      {
        "label": "RP002_V1_0_1",
        "value": "RP002_V1_0_1"
      }
    ],
    "versions": []
  },
  "params": {
    "LoRaRevision": "PHY_V1_0_1",
    "LoRaVersion": "MAC_V1_0_1",
    "channel": 2,
    "deviceClass": "C",
    "displayVersions": true,
    "region": "US915"
  },
  "propConfig": {
    "custom.currentLoRaVersion": {
      "persistent": true
    },
    "custom.currentRegion": {
      "persistent": true
    },
    "custom.currentRevision": {
      "persistent": true
    },
    "custom.regions": {
      "persistent": true
    },
    "custom.revisions": {
      "binding": {
        "config": {
          "path": "view.params.LoRaVersion"
        },
        "transforms": [
          {
            "code": "\treturn decoders.LoRaSpecs.getLoRaRevisions(self.params.region, self.params.LoRaVersion)",
            "type": "script"
          }
        ],
        "type": "property"
      },
      "persistent": true
    },
    "custom.versions": {
      "persistent": true
    },
    "params.LoRaRevision": {
      "paramDirection": "inout",
      "persistent": true
    },
    "params.LoRaVersion": {
      "paramDirection": "inout",
      "persistent": true
    },
    "params.channel": {
      "paramDirection": "inout",
      "persistent": true
    },
    "params.deviceClass": {
      "paramDirection": "inout",
      "persistent": true
    },
    "params.displayVersions": {
      "paramDirection": "input",
      "persistent": true
    },
    "params.region": {
      "paramDirection": "inout",
      "persistent": true
    }
  },
  "props": {},
  "root": {
    "children": [
      {
        "children": [
          {
            "meta": {
              "name": "Label"
            },
            "position": {
              "basis": "50px"
            },
            "props": {
              "style": {
                "classes": "forms/configHeading"
              },
              "text": "Region"
            },
            "type": "ia.display.label"
          },
          {
            "events": {
              "system": {
                "onStartup": {
                  "config": {
                    "script": "\toptions \u003d decoders.LoRaSpecs.getRegions()\n\tself.props.options \u003d options"
                  },
                  "scope": "G",
                  "type": "script"
                }
              }
            },
            "meta": {
              "name": "Dropdown"
            },
            "propConfig": {
              "props.value": {
                "binding": {
                  "config": {
                    "bidirectional": true,
                    "path": "view.params.region"
                  },
                  "type": "property"
                }
              }
            },
            "props": {
              "options": [
                {
                  "label": "AS923",
                  "value": "AS923"
                },
                {
                  "label": "AU915",
                  "value": "AU915"
                },
                {
                  "label": "CN470",
                  "value": "CN470"
                },
                {
                  "label": "KR920",
                  "value": "KR920"
                },
                {
                  "label": "RU864",
                  "value": "RU864"
                },
                {
                  "label": "EU868",
                  "value": "EU868"
                },
                {
                  "label": "US915",
                  "value": "US915"
                },
                {
                  "label": "IN865",
                  "value": "IN865"
                }
              ]
            },
            "type": "ia.input.dropdown"
          }
        ],
        "meta": {
          "name": "region"
        },
        "props": {
          "direction": "column"
        },
        "type": "ia.container.flex"
      },
      {
        "children": [
          {
            "meta": {
              "name": "Label"
            },
            "position": {
              "basis": "50px"
            },
            "props": {
              "style": {
                "classes": "forms/configHeading"
              },
              "text": "LoRa Version"
            },
            "type": "ia.display.label"
          },
          {
            "events": {
              "system": {
                "onStartup": {
                  "config": {
                    "script": "\toptions \u003d decoders.LoRaSpecs.getLoRaVersions()\n\tself.props.options \u003d options"
                  },
                  "scope": "G",
                  "type": "script"
                }
              }
            },
            "meta": {
              "name": "Dropdown"
            },
            "propConfig": {
              "props.value": {
                "binding": {
                  "config": {
                    "bidirectional": true,
                    "path": "view.params.LoRaVersion"
                  },
                  "type": "property"
                }
              }
            },
            "props": {
              "options": [
                {
                  "label": "Unknown",
                  "value": "MAC_UNKNOWN"
                },
                {
                  "label": "LoRa Version 1.0.0",
                  "value": "MAC_V1_0"
                },
                {
                  "label": "LoRa Version 1.0.1",
                  "value": "MAC_V1_0_1"
                },
                {
                  "label": "LoRa Version 1.0.2",
                  "value": "MAC_V1_0_2"
                },
                {
                  "label": "LoRa Version 1.1",
                  "value": "MAC_V1_1"
                },
                {
                  "label": "LoRa Version 1.0.3",
                  "value": "MAC_V1_0_3"
                },
                {
                  "label": "LoRa Version 1.0.4",
                  "value": "MAC_V1_0_4"
                }
              ]
            },
            "type": "ia.input.dropdown"
          }
        ],
        "meta": {
          "name": "lVersion\n"
        },
        "propConfig": {
          "meta.visible": {
            "binding": {
              "config": {
                "path": "view.params.displayVersions"
              },
              "type": "property"
            }
          }
        },
        "props": {
          "direction": "column"
        },
        "type": "ia.container.flex"
      },
      {
        "children": [
          {
            "meta": {
              "name": "Label"
            },
            "position": {
              "basis": "50px"
            },
            "props": {
              "style": {
                "classes": "forms/configHeading"
              },
              "text": "LoRa Revision"
            },
            "type": "ia.display.label"
          },
          {
            "meta": {
              "name": "Dropdown"
            },
            "propConfig": {
              "props.options": {
                "binding": {
                  "config": {
                    "path": "view.custom.revisions"
                  },
                  "type": "property"
                }
              },
              "props.value": {
                "binding": {
                  "config": {
                    "bidirectional": true,
                    "path": "view.params.LoRaRevision"
                  },
                  "type": "property"
                }
              }
            },
            "type": "ia.input.dropdown"
          }
        ],
        "meta": {
          "name": "lrevision"
        },
        "propConfig": {
          "meta.visible": {
            "binding": {
              "config": {
                "path": "view.params.displayVersions"
              },
              "type": "property"
            }
          }
        },
        "props": {
          "direction": "column"
        },
        "type": "ia.container.flex"
      },
      {
        "children": [
          {
            "meta": {
              "name": "Label"
            },
            "position": {
              "basis": "50px"
            },
            "props": {
              "style": {
                "classes": "forms/configHeading"
              },
              "text": "Device Class"
            },
            "type": "ia.display.label"
          },
          {
            "events": {
              "system": {
                "onStartup": {
                  "config": {
                    "script": "\toptions \u003d decoders.LoRaSpecs.getLoRaClass()\n\tself.props.options \u003d options"
                  },
                  "scope": "G",
                  "type": "script"
                }
              }
            },
            "meta": {
              "name": "Dropdown"
            },
            "propConfig": {
              "props.value": {
                "binding": {
                  "config": {
                    "bidirectional": true,
                    "path": "view.params.deviceClass"
                  },
                  "type": "property"
                }
              }
            },
            "props": {
              "options": [
                {
                  "label": "A",
                  "value": "A"
                },
                {
                  "label": "B",
                  "value": "B"
                },
                {
                  "label": "C",
                  "value": "C"
                }
              ]
            },
            "type": "ia.input.dropdown"
          }
        ],
        "meta": {
          "name": "classes"
        },
        "propConfig": {
          "meta.visible": {
            "binding": {
              "config": {
                "path": "view.params.displayVersions"
              },
              "type": "property"
            }
          }
        },
        "props": {
          "direction": "column"
        },
        "type": "ia.container.flex"
      },
      {
        "children": [
          {
            "meta": {
              "name": "Label"
            },
            "position": {
              "basis": "50px"
            },
            "props": {
              "style": {
                "classes": "forms/configHeading"
              },
              "text": "Channel"
            },
            "type": "ia.display.label"
          },
          {
            "meta": {
              "name": "NumericEntryField"
            },
            "position": {
              "basis": "32px"
            },
            "propConfig": {
              "props.value": {
                "binding": {
                  "config": {
                    "bidirectional": true,
                    "path": "view.params.channel"
                  },
                  "type": "property"
                }
              }
            },
            "type": "ia.input.numeric-entry-field"
          }
        ],
        "meta": {
          "name": "channel"
        },
        "propConfig": {
          "meta.visible": {
            "binding": {
              "config": {
                "path": "view.params.displayVersions"
              },
              "type": "property"
            }
          }
        },
        "props": {
          "direction": "column"
        },
        "type": "ia.container.flex"
      }
    ],
    "custom": {
      "loraRevisions": [],
      "loraVersion": null,
      "selectedRegion": "US915"
    },
    "meta": {
      "name": "root"
    },
    "props": {
      "direction": "column"
    },
    "type": "ia.container.flex"
  }
}