{
  "custom": {
    "joinAPI": {
      "apiToken": "",
      "applicationID": "TWA_100000163.1071.AS",
      "defaultDeviceProfileID": "",
      "id": 2,
      "password": "ImSbeN4ZCO14aLYHRaKq30imns91LlFU",
      "serverType": "THINGPARK",
      "serverUrl": "https://thingparkenterprise.us.actility.com",
      "tenantID": 3,
      "userName": "sub-100000163/SiteSync"
    }
  },
  "params": {
    "appID": 3
  },
  "propConfig": {
    "custom.joinAPI": {
      "binding": {
        "config": {
          "path": "view.params.appID"
        },
        "transforms": [
          {
            "code": "\tdefaultSettings \u003d {\u0027defaultDeviceProfileID\u0027: \u0027\u0027, \u0027userName\u0027: \u0027\u0027, \u0027password\u0027: \u0027\u0027, \u0027apiToken\u0027: \u0027\u0027, \u0027serverUrl\u0027: \u0027\u0027, \u0027serverType\u0027: \u0027CHIRPSTACK\u0027, \u0027tenantID\u0027: self.params.appID,  \u0027applicationID\u0027: \u0027\u0027, \"id\":0}\t\t\n\ttry:\n\t\tjoinAPI \u003d connections.networkserver.loadNetworkSettings(int(value))\n\t\tif joinAPI !\u003d {}:\n\t\t\treturn joinAPI\n\t\telse:\n\t\t\t\n\t\t\treturn defaultSettings\n\texcept:\n\t\treturn defaultSettings\n",
            "type": "script"
          }
        ],
        "type": "property"
      },
      "persistent": true
    },
    "params.appID": {
      "paramDirection": "input",
      "persistent": true
    }
  },
  "props": {
    "defaultSize": {
      "height": 684
    },
    "text": "(Status: Connected)"
  },
  "root": {
    "children": [
      {
        "children": [
          {
            "meta": {
              "name": "Label_Header_JoinServer"
            },
            "position": {
              "basis": "40px"
            },
            "props": {
              "style": {
                "color": "#0d5c63",
                "fontSize": 20,
                "fontWeight": "bolder"
              },
              "text": "LoRaWAN Network Server Settings"
            },
            "type": "ia.display.label"
          },
          {
            "meta": {
              "name": "Label_joinserverType"
            },
            "position": {
              "basis": "40px"
            },
            "props": {
              "style": {
                "classes": "labels/bold-label"
              },
              "text": "LoRaWAN Network Server Type"
            },
            "type": "ia.display.label"
          },
          {
            "meta": {
              "name": "Dropdown_joinserverType"
            },
            "position": {
              "basis": "40px"
            },
            "propConfig": {
              "props.value": {
                "binding": {
                  "config": {
                    "bidirectional": true,
                    "path": "view.custom.joinAPI.serverType"
                  },
                  "type": "property"
                },
                "onChange": {
                  "enabled": null,
                  "script": "\tsystem.perspective.sendMessage(\"NWSType\", payload\u003d{\"NWS\":currentValue.value})"
                }
              }
            },
            "props": {
              "options": [
                {
                  "label": "Loriot",
                  "value": "LORIOT"
                },
                {
                  "label": "Chirpstack",
                  "value": "CHIRPSTACK"
                },
                {
                  "label": "Multitech Conduit",
                  "value": "MULTITECH_CONDUIT"
                },
                {
                  "label": "ThingPark",
                  "value": "THINGPARK"
                },
                {
                  "label": "The Things Stack - TTS",
                  "value": "TTN"
                }
              ],
              "placeholder": {
                "text": "--SELECT TYPE--"
              },
              "style": {
                "backgroundColor": "#FFFFFF",
                "borderColor": "#AAAAAA"
              }
            },
            "type": "ia.input.dropdown"
          },
          {
            "meta": {
              "name": "Label_joinserverAddress",
              "tooltip": {
                "enabled": true,
                "text": "URL or IP Address of LoRaWAN Network Server"
              }
            },
            "position": {
              "basis": "40px"
            },
            "props": {
              "style": {
                "classes": "labels/bold-label",
                "marginTop": 10
              },
              "text": "Network Server Address"
            },
            "type": "ia.display.label"
          },
          {
            "meta": {
              "name": "TextField_joinserverAddress"
            },
            "position": {
              "basis": "40px"
            },
            "propConfig": {
              "props.text": {
                "binding": {
                  "config": {
                    "bidirectional": true,
                    "path": "view.custom.joinAPI.serverUrl"
                  },
                  "type": "property"
                }
              }
            },
            "props": {
              "style": {
                "backgroundColor": "#FFFFFF",
                "borderColor": "#AAAAAA"
              }
            },
            "type": "ia.input.text-field"
          },
          {
            "meta": {
              "name": "Label_applicationID",
              "tooltip": {
                "enabled": true,
                "text": "App to Manage LoRa devices in"
              }
            },
            "position": {
              "basis": "40px"
            },
            "props": {
              "style": {
                "classes": "labels/bold-label",
                "marginTop": 10
              },
              "text": "Application ID"
            },
            "type": "ia.display.label"
          },
          {
            "meta": {
              "name": "TextField_applicationID"
            },
            "position": {
              "basis": "40px"
            },
            "propConfig": {
              "props.text": {
                "binding": {
                  "config": {
                    "bidirectional": true,
                    "path": "view.custom.joinAPI.applicationID"
                  },
                  "type": "property"
                }
              }
            },
            "props": {
              "style": {
                "backgroundColor": "#FFFFFF",
                "borderColor": "#AAAAAA"
              }
            },
            "type": "ia.input.text-field"
          },
          {
            "meta": {
              "name": "Label_deviceProfileID",
              "tooltip": {
                "enabled": true,
                "text": "The default device profile to use if one is not assigned"
              }
            },
            "position": {
              "basis": "40px"
            },
            "propConfig": {
              "position.display": {
                "binding": {
                  "config": {
                    "path": "view.custom.joinAPI.serverType"
                  },
                  "transforms": [
                    {
                      "code": "\treturn connections.networkserver.showAppropriateOptions(value, \"DEVICEPROFILE\")",
                      "type": "script"
                    }
                  ],
                  "type": "property"
                }
              }
            },
            "props": {
              "style": {
                "classes": "labels/bold-label",
                "marginTop": 10
              },
              "text": "Default Device Profile ID"
            },
            "type": "ia.display.label"
          },
          {
            "meta": {
              "name": "TextField_deviceProfileID"
            },
            "position": {
              "basis": "40px"
            },
            "propConfig": {
              "position.display": {
                "binding": {
                  "config": {
                    "path": "view.custom.joinAPI.serverType"
                  },
                  "transforms": [
                    {
                      "code": "\treturn connections.networkserver.showAppropriateOptions(value, \"DEVICEPROFILE\")",
                      "type": "script"
                    }
                  ],
                  "type": "property"
                }
              },
              "props.text": {
                "binding": {
                  "config": {
                    "bidirectional": true,
                    "path": "view.custom.joinAPI.defaultDeviceProfileID"
                  },
                  "type": "property"
                }
              }
            },
            "props": {
              "style": {
                "backgroundColor": "#FFFFFF",
                "borderColor": "#AAAAAA"
              }
            },
            "type": "ia.input.text-field"
          },
          {
            "meta": {
              "name": "Label_Header_APIAuthentication"
            },
            "position": {
              "basis": "40px"
            },
            "props": {
              "style": {
                "color": "#0d5c63",
                "fontSize": 20,
                "fontWeight": "bolder",
                "marginTop": 10
              },
              "text": "API Authentication"
            },
            "type": "ia.display.label"
          },
          {
            "meta": {
              "name": "Label_joinserverUsername"
            },
            "position": {
              "shrink": 0
            },
            "propConfig": {
              "position.display": {
                "binding": {
                  "config": {
                    "path": "view.custom.joinAPI.serverType"
                  },
                  "transforms": [
                    {
                      "code": "\treturn connections.networkserver.showAppropriateOptions(value, \"OAUTH\")\n",
                      "type": "script"
                    }
                  ],
                  "type": "property"
                }
              }
            },
            "props": {
              "style": {
                "classes": "labels/bold-label",
                "marginTop": 10
              },
              "text": "Username"
            },
            "type": "ia.display.label"
          },
          {
            "meta": {
              "name": "TextField_joinserverUsername"
            },
            "position": {
              "basis": "40px"
            },
            "propConfig": {
              "position.display": {
                "binding": {
                  "config": {
                    "path": "view.custom.joinAPI.serverType"
                  },
                  "transforms": [
                    {
                      "code": "\t\n\treturn connections.networkserver.showAppropriateOptions(value, \"OAUTH\")\n\t",
                      "type": "script"
                    }
                  ],
                  "type": "property"
                }
              },
              "props.text": {
                "binding": {
                  "config": {
                    "bidirectional": true,
                    "path": "view.custom.joinAPI.userName"
                  },
                  "type": "property"
                }
              }
            },
            "props": {
              "style": {
                "backgroundColor": "#FFFFFF",
                "borderColor": "#AAAAAA"
              }
            },
            "type": "ia.input.text-field"
          },
          {
            "children": [
              {
                "meta": {
                  "name": "Label_joinserverPassword"
                },
                "position": {
                  "shrink": 0
                },
                "props": {
                  "style": {
                    "classes": "labels/bold-label"
                  },
                  "text": "Password"
                },
                "type": "ia.display.label"
              },
              {
                "meta": {
                  "name": "Label_2",
                  "visible": false
                },
                "propConfig": {
                  "props.style.color": {
                    "persistent": true
                  },
                  "props.text": {
                    "persistent": true
                  }
                },
                "props": {
                  "style": {
                    "color": "#5C9996",
                    "cursor": "pointer",
                    "fontSize": 15,
                    "fontWeight": "500",
                    "textDecoration": "underline"
                  },
                  "text": "Change Password?"
                },
                "type": "ia.display.label"
              }
            ],
            "meta": {
              "name": "FlexContainer"
            },
            "position": {
              "basis": "40px"
            },
            "propConfig": {
              "position.display": {
                "binding": {
                  "config": {
                    "path": "view.custom.joinAPI.serverType"
                  },
                  "transforms": [
                    {
                      "code": "\treturn connections.networkserver.showAppropriateOptions(value, \"OAUTH\")\n\t",
                      "type": "script"
                    }
                  ],
                  "type": "property"
                }
              }
            },
            "props": {
              "style": {
                "marginTop": 10
              }
            },
            "type": "ia.container.flex"
          },
          {
            "events": {
              "system": {
                "onStartup": {
                  "config": {
                    "script": "\tself.props.text \u003d \"\""
                  },
                  "scope": "G",
                  "type": "script"
                }
              }
            },
            "meta": {
              "name": "PasswordField_joinserverPassword"
            },
            "position": {
              "basis": "40px"
            },
            "propConfig": {
              "position.display": {
                "binding": {
                  "config": {
                    "path": "view.custom.joinAPI.serverType"
                  },
                  "transforms": [
                    {
                      "code": "\treturn connections.networkserver.showAppropriateOptions(value, \"OAUTH\")\n",
                      "type": "script"
                    }
                  ],
                  "type": "property"
                }
              },
              "props.text": {
                "binding": {
                  "config": {
                    "bidirectional": true,
                    "path": "view.custom.joinAPI.password"
                  },
                  "type": "property"
                }
              }
            },
            "type": "ia.input.password-field"
          },
          {
            "meta": {
              "name": "Label_apiToken"
            },
            "position": {
              "basis": "40px"
            },
            "propConfig": {
              "position.display": {
                "binding": {
                  "config": {
                    "path": "view.custom.joinAPI.serverType"
                  },
                  "transforms": [
                    {
                      "code": "\treturn connections.networkserver.showAppropriateOptions(value, \"TOKEN\")\n",
                      "type": "script"
                    }
                  ],
                  "type": "property"
                }
              }
            },
            "props": {
              "style": {
                "classes": "labels/bold-label"
              },
              "text": "API Token"
            },
            "type": "ia.display.label"
          },
          {
            "meta": {
              "name": "TextArea_apiToken"
            },
            "position": {
              "basis": "80px"
            },
            "propConfig": {
              "position.display": {
                "binding": {
                  "config": {
                    "path": "view.custom.joinAPI.serverType"
                  },
                  "transforms": [
                    {
                      "code": "\treturn connections.networkserver.showAppropriateOptions(value, \"TOKEN\")",
                      "type": "script"
                    }
                  ],
                  "type": "property"
                }
              },
              "props.text": {
                "binding": {
                  "config": {
                    "bidirectional": true,
                    "path": "view.custom.joinAPI.apiToken"
                  },
                  "type": "property"
                }
              }
            },
            "props": {
              "resize": "vertical",
              "style": {
                "backgroundColor": "#FFFFFF",
                "borderColor": "#AAAAAA"
              }
            },
            "type": "ia.input.text-area"
          },
          {
            "children": [
              {
                "custom": {
                  "mqttLoopCheck": 0
                },
                "events": {
                  "dom": {
                    "onClick": {
                      "config": {
                        "script": "\tsystem.perspective.print(\"Starting save\")\n\ttry:\n\t\tutils.messages.waiting.showLoading()\n\t\tresults \u003d connections.networkserver.saveNetworkSettings(self.view.params.appID, \n\t\tself.view.custom.joinAPI.serverType, \n\t\tself.view.custom.joinAPI.userName, self.view.custom.joinAPI.password, \n\t\tself.view.custom.joinAPI.apiToken, \n\t\tself.view.custom.joinAPI.serverUrl, \n\t\tself.view.custom.joinAPI.id, \n\t\tself.view.custom.joinAPI.applicationID, \n\t\tself.view.custom.joinAPI.defaultDeviceProfileID)\n\t\tutils.messages.waiting.hideLoading()\n\t\tsystem.perspective.print(results)\n\t\tif utils.resultParser.isResultSuccess(results):\n\t\t\tutils.messages.success.showSuccess(\"Saved connection settings\")\n\t\telse:\n\t\t\terrorMessage \u003d \"Error saving settings: \" + utils.resultParser.getResultMessage(results)\n\t\t\tutils.messages.errors.showErrorMessage(errorMessage)\n\t\t\n\texcept Exception as e:\n\t\tsystem.perspective.print(\"Error saving network settings: \" + str(e))\n\t\tutils.messages.waiting.hideLoading()\n\t\tutils.messages.errors.showErrorMessage(\"Error saving network settings: \" + str(e))\n\n\t\n\tself.props.enabled \u003d True\n"
                      },
                      "scope": "G",
                      "type": "script"
                    }
                  }
                },
                "meta": {
                  "name": "Button_save"
                },
                "position": {
                  "basis": "296px"
                },
                "props": {
                  "style": {
                    "backgroundColor": "#0D5C63",
                    "fontSize": 16
                  },
                  "text": "Save Settings"
                },
                "type": "ia.input.button"
              },
              {
                "events": {
                  "dom": {
                    "onClick": {
                      "config": {
                        "script": "\tresults \u003d connections.networkserver.testAPI(int(self.view.params.appID))\n\ttry:\n\t\tif \u0027messageType\u0027 in  results.keys():\n\t\t\tif results[\u0027messageType\u0027].upper() \u003d\u003d \"SUCCESS\":\n\t\t\t\tutils.messages.success.showSuccess(results[\u0027message\u0027])\n\t\t\telse:\n\t\t\t\tutils.messages.errors.showErrorMessage(results[\u0027message\u0027])\n\texcept  Exception as e:\n\t\tutils.messages.errors.showErrorMessage(\"Error testing API connection: \" + str(e))"
                      },
                      "scope": "G",
                      "type": "script"
                    }
                  }
                },
                "meta": {
                  "name": "Button_test"
                },
                "position": {
                  "basis": "296px"
                },
                "props": {
                  "style": {
                    "fontSize": 16
                  },
                  "text": "Test API Connection"
                },
                "type": "ia.input.button"
              }
            ],
            "meta": {
              "name": "FlexContainer_0"
            },
            "position": {
              "basis": "40px"
            },
            "props": {
              "justify": "space-around",
              "style": {
                "marginTop": 20
              }
            },
            "type": "ia.container.flex"
          }
        ],
        "meta": {
          "name": "NWSSettings"
        },
        "position": {
          "breakpoints": [
            {
              "colIndex": 0,
              "name": "sm",
              "order": 1,
              "rowIndex": 0,
              "span": 12
            },
            {
              "colIndex": 0,
              "name": "md",
              "order": 1,
              "rowIndex": 0,
              "span": 12
            },
            {
              "colIndex": 0,
              "name": "lg",
              "order": 1,
              "rowIndex": 0,
              "span": 12
            }
          ],
          "height": "auto",
          "tabIndex": 1
        },
        "props": {
          "direction": "column",
          "justify": "space-evenly",
          "style": {
            "marginBottom": 10,
            "marginLeft": 10,
            "marginRight": 10,
            "marginTop": 10
          }
        },
        "type": "ia.container.flex"
      }
    ],
    "custom": {
      "appName": "Error getting app name"
    },
    "meta": {
      "name": "root"
    },
    "props": {
      "breakpoints": [
        {
          "minWidth": 100,
          "name": "sm"
        },
        {
          "minWidth": 400,
          "name": "md"
        },
        {
          "minWidth": 800,
          "name": "lg"
        }
      ],
      "gutters": {
        "horizontal": 0,
        "vertical": 0
      },
      "style": {
        "backgroundColor": "#FFFFFF"
      }
    },
    "type": "ia.container.column"
  }
}