{
  "custom": {
    "manufacturerDevices": [],
    "manufacturers": "[{\"Id\":\"abeeway\",\"name\":\"Abeeway\"},{\"Id\":\"acrios\",\"name\":\"Acrios\"},{\"Id\":\"adeunisrf\",\"name\":\"Adeunis\"},{\"Id\":\"advantech\",\"name\":\"Advantech\"},{\"Id\":\"agrime\",\"name\":\"Agrime\"},{\"Id\":\"alpha-omega-technology\",\"name\":\"Alpha-Omega Technology\"},{\"Id\":\"aquascope\",\"name\":\"Aquascope\"},{\"Id\":\"arad\",\"name\":\"Arad\"},{\"Id\":\"arduino\",\"name\":\"Arduino\"},{\"Id\":\"atim\",\"name\":\"Atim\"},{\"Id\":\"axioma\",\"name\":\"Axioma\"},{\"Id\":\"b-meters\",\"name\":\"B-meters\"},{\"Id\":\"baumer\",\"name\":\"Baumer\"},{\"Id\":\"baylan\",\"name\":\"Baylan\"},{\"Id\":\"beiselen\",\"name\":\"Beiselen\"},{\"Id\":\"bosch\",\"name\":\"Bosch\"},{\"Id\":\"browan\",\"name\":\"Browan\"},{\"Id\":\"cicicom\",\"name\":\"Cicicom\"},{\"Id\":\"cisco\",\"name\":\"Cisco\"},{\"Id\":\"comtac\",\"name\":\"Comtac\"},{\"Id\":\"decentlab\",\"name\":\"DecentLab\"},{\"Id\":\"develiot\",\"name\":\"Develiot\"},{\"Id\":\"dezem\",\"name\":\"Dezem\"},{\"Id\":\"diehl\",\"name\":\"DIEHL Metering\"},{\"Id\":\"digital_matter\",\"name\":\"Digital Matter\"},{\"Id\":\"dingtek\",\"name\":\"Dingtek\"},{\"Id\":\"dragino\",\"name\":\"Dragino\"},{\"Id\":\"eastron\",\"name\":\"Eastron\"},{\"Id\":\"ellenex\",\"name\":\"Ellenex\"},{\"Id\":\"elsys\",\"name\":\"Elsys\"},{\"Id\":\"elvaco\",\"name\":\"Elvaco\"},{\"Id\":\"embit\",\"name\":\"Embit\"},{\"Id\":\"emu\",\"name\":\"Emu\"},{\"Id\":\"enless-wireless\",\"name\":\"Enless-wireless\"},{\"Id\":\"enthutech\",\"name\":\"Enthutech\"},{\"Id\":\"espeasy\",\"name\":\"Espeasy\"},{\"Id\":\"eurecam\",\"name\":\"Eurecam\"},{\"Id\":\"ewattch\",\"name\":\"EWATTCH\"},{\"Id\":\"finsecur\",\"name\":\"Finsecur\"},{\"Id\":\"flashnet\",\"name\":\"Flashnet\"},{\"Id\":\"fonda\",\"name\":\"Fonda Tech\"},{\"Id\":\"foxconn\",\"name\":\"Foxconn\"},{\"Id\":\"fullup\",\"name\":\"FullUp sprl\"},{\"Id\":\"g2misura\",\"name\":\"G2misuratori It\"},{\"Id\":\"generic\",\"name\":\"Generic\"},{\"Id\":\"glamos\",\"name\":\"Glamos\"},{\"Id\":\"glbsat\",\"name\":\"GlobalSat\"},{\"Id\":\"gwf\",\"name\":\"GWF AG\"},{\"Id\":\"heltec\",\"name\":\"Heltec\"},{\"Id\":\"honey-w\",\"name\":\"Honeywell\"},{\"Id\":\"imbuildings\",\"name\":\"Imbuildings\"},{\"Id\":\"imst\",\"name\":\"Imst\"},{\"Id\":\"innotas\",\"name\":\"Innotas\"},{\"Id\":\"invirtus\",\"name\":\"inVirtus Technologies\"},{\"Id\":\"iot-fact\",\"name\":\"IoT Factory\"},{\"Id\":\"iot4eu\",\"name\":\"Iot4eu\"},{\"Id\":\"iothings\",\"name\":\"Iothings\"},{\"Id\":\"iotsens\",\"name\":\"Iotsens\"},{\"Id\":\"itron\",\"name\":\"Itron\"},{\"Id\":\"izinto\",\"name\":\"Izinto\"},{\"Id\":\"jeng-iot\",\"name\":\"Jeng-iot\"},{\"Id\":\"jri\",\"name\":\"JRI\"},{\"Id\":\"kamstrup\",\"name\":\"Kamstrup\"},{\"Id\":\"keller\",\"name\":\"Keller\"},{\"Id\":\"kuleuven-dramco\",\"name\":\"Kuleuven-dramco\"},{\"Id\":\"laiier\",\"name\":\"LAIIER\"},{\"Id\":\"laird\",\"name\":\"Laird\"},{\"Id\":\"langyang\",\"name\":\"LangYang\"},{\"Id\":\"lansitec\",\"name\":\"Lansitec\"},{\"Id\":\"libelium\",\"name\":\"Libelium Comunicaciones Distribuidas\"},{\"Id\":\"lbearth\",\"name\":\"Liebearth\"},{\"Id\":\"life_plus\",\"name\":\"Life Plus\"},{\"Id\":\"lobaro\",\"name\":\"Lobaro GmbH\"},{\"Id\":\"lumel\",\"name\":\"Lumel\"},{\"Id\":\"mdlna\",\"name\":\"Maddalena\"},{\"Id\":\"mcci\",\"name\":\"Mcci\"},{\"Id\":\"mcf88\",\"name\":\"Mcf88\"},{\"Id\":\"mclimate\",\"name\":\"Mclimate\"},{\"Id\":\"merryiot\",\"name\":\"MerryIot\"},{\"Id\":\"micropelt\",\"name\":\"Micropelt\"},{\"Id\":\"midatronics\",\"name\":\"Midatronics\"},{\"Id\":\"msight\",\"name\":\"Milesight-iot\"},{\"Id\":\"moirelabs\",\"name\":\"Moirelabs\"},{\"Id\":\"moko\",\"name\":\"Moko Technology\"},{\"Id\":\"move-x\",\"name\":\"Move-x\"},{\"Id\":\"multitech\",\"name\":\"Multitech\"},{\"Id\":\"mutelcor\",\"name\":\"Mutelcor\"},{\"Id\":\"netvox\",\"name\":\"Netvox\"},{\"Id\":\"nexelec\",\"name\":\"Nexelec\"},{\"Id\":\"watteco/nke\",\"name\":\"NKE-Watteco\"},{\"Id\":\"noah\",\"name\":\"Noah\"},{\"Id\":\"nasys\",\"name\":\"Nordic Automation Systems\"},{\"Id\":\"nwave\",\"name\":\"Nwave\"},{\"Id\":\"onethinx\",\"name\":\"Onethinx\"},{\"Id\":\"origoelec\",\"name\":\"Origoelec\"},{\"Id\":\"parametric\",\"name\":\"Parametric\"},{\"Id\":\"pf\",\"name\":\"PEPPERL+FUCHS\"},{\"Id\":\"plenom\",\"name\":\"Plenom\"},{\"Id\":\"pmx\",\"name\":\"PMX Systems\"},{\"Id\":\"pnicorp\",\"name\":\"PNI Sensor Corporation\"},{\"Id\":\"polysen\",\"name\":\"Polysense\"},{\"Id\":\"pyrescom\",\"name\":\"PYRESCOM\"},{\"Id\":\"quandify\",\"name\":\"Quandify\"},{\"Id\":\"rakwireless\",\"name\":\"Rakwireless\"},{\"Id\":\"rouxcel\",\"name\":\"ROUXCEL TECHNOLOGY\"},{\"Id\":\"ruixinghengfang-network\",\"name\":\"Ruixinghengfang-network\"},{\"Id\":\"semtech\",\"name\":\"Semtech\"},{\"Id\":\"sensaio\",\"name\":\"Sensa.io - Edge Technologies\"},{\"Id\":\"sensative\",\"name\":\"Sensative\"},{\"Id\":\"sensecap\",\"name\":\"Sensecap\"},{\"Id\":\"sensedge\",\"name\":\"Sensedge\"},{\"Id\":\"senlab\",\"name\":\"Sensing Labs\"},{\"Id\":\"sezo\",\"name\":\"Sezo\"},{\"Id\":\"skiply\",\"name\":\"Skiply\"},{\"Id\":\"slscorp\",\"name\":\"Slscorp\"},{\"Id\":\"smart-parks\",\"name\":\"Smart-parks\"},{\"Id\":\"socomec\",\"name\":\"Socomec\"},{\"Id\":\"solvera\",\"name\":\"Solvera Lynx\"},{\"Id\":\"sting\",\"name\":\"Sting\"},{\"Id\":\"stmicroelectronics\",\"name\":\"STMicroelectronics\"},{\"Id\":\"strega\",\"name\":\"Strega\"},{\"Id\":\"swisscom\",\"name\":\"Swisscom\"},{\"Id\":\"talkpool\",\"name\":\"Talkpool\"},{\"Id\":\"tektelic\",\"name\":\"Tektelic\"},{\"Id\":\"tekzitel\",\"name\":\"Tekzitel\"},{\"Id\":\"teneo-iot\",\"name\":\"Teneo-iot\"},{\"Id\":\"terabee\",\"name\":\"Terabee\"},{\"Id\":\"the-box-development\",\"name\":\"The-box-development\"},{\"Id\":\"the-things-industries\",\"name\":\"The-things-industries\"},{\"Id\":\"the-things-network\",\"name\":\"The-things-network\"},{\"Id\":\"the-things-products\",\"name\":\"The-things-products\"},{\"Id\":\"thrmkn\",\"name\":\"Thermokon Sensor Technology\"},{\"Id\":\"thingsofficer\",\"name\":\"Thingsofficer\"},{\"Id\":\"tinovi\",\"name\":\"Tinovi\"},{\"Id\":\"tpl-sys\",\"name\":\"TPL Systemes\"},{\"Id\":\"turbo_tech\",\"name\":\"Turbo Technologies Corporation\"},{\"Id\":\"twave_tech\",\"name\":\"Twave Technologie\"},{\"Id\":\"twtg\",\"name\":\"TWTG\"},{\"Id\":\"uradmonitor\",\"name\":\"Uradmonitor\"},{\"Id\":\"volley_boast\",\"name\":\"Volley Boast LLC\"},{\"Id\":\"vutility\",\"name\":\"Vutility\"},{\"Id\":\"watteco\",\"name\":\"Watteco\"},{\"Id\":\"wellness\",\"name\":\"Wellness TechGroup\"},{\"Id\":\"xignal\",\"name\":\"Xignal\"},{\"Id\":\"yobiiq\",\"name\":\"YOBIIQ\"},{\"Id\":\"yokogawa\",\"name\":\"Yokogawa\"},{\"Id\":\"yosensi\",\"name\":\"Yosensi\"},{\"Id\":\"zenner\",\"name\":\"Zenner\"}]",
    "selectedManufacturer": "",
    "selectedManufacturerDevices": [
      {
        "ID": "ABEE/DEABE203-162US.1.0.2b_FCC_Rx2-SF12",
        "commercialName": "Industrial Tracker",
        "defaultISMBand": "US902-915 (US915)",
        "vendorName": "Abeeway"
      },
      {
        "ID": "ABEE/Badge-1.0.2b-FCC",
        "commercialName": "Smart Badge",
        "defaultISMBand": "US902-915 (US915)",
        "vendorName": "Abeeway"
      },
      {
        "ID": "ABEE/GEULEA.1.0.2b_FCC",
        "commercialName": "Abeeway Geolocation Module - class A",
        "defaultISMBand": "US902-915 (US915)",
        "vendorName": "Abeeway"
      },
      {
        "ID": "ABEE/GEULEC.1.0.2b_FCC",
        "commercialName": "Abeeway Geolocation Module - class C",
        "defaultISMBand": "US902-915 (US915)",
        "vendorName": "Abeeway"
      },
      {
        "ID": "ABEE/DEABE001-159US.1.0.2b_FCC_Rx2-SF12",
        "commercialName": "Micro Tracker",
        "defaultISMBand": "US902-915 (US915)",
        "vendorName": "Abeeway"
      },
      {
        "ID": "ABEE/DEABE206-178US.1.0.2b_FCC_Rx2-SF12",
        "commercialName": "Compact Tracker",
        "defaultISMBand": "US902-915 (US915)",
        "vendorName": "Abeeway"
      }
    ]
  },
  "events": {
    "system": {
      "onStartup": {
        "config": {
          "script": "\timport json\n\ttenantId \u003d self.params.tenantId\n\t\n\trawManufacturers \u003d system.sitesync.getActilityManufacturers(int(tenantId))\n\tself.custom.manufacturers \u003d json.loads(rawManufacturers)\n\tself.getChild(\"root\").custom.showResults \u003d False"
        },
        "enabled": false,
        "scope": "G",
        "type": "script"
      }
    }
  },
  "params": {
    "region": "us915",
    "tenantId": 13
  },
  "propConfig": {
    "custom.manufacturerDevices": {
      "persistent": true
    },
    "custom.manufacturers": {
      "binding": {
        "config": {
          "path": "session.custom.tenantID"
        },
        "transforms": [
          {
            "code": "\titems \u003d []\n\ttry:\n\t\ttenantID \u003d enterprise.tenant.getDefaultApp()\t\n\t\treturn system.sitesync.getActilityManufacturers(tenantID)\n\texcept:\n\t\treturn items",
            "type": "script"
          }
        ],
        "type": "property"
      },
      "persistent": true
    },
    "custom.selectedManufacturer": {
      "binding": {
        "config": {
          "path": "/root/Dropdown.props.value"
        },
        "type": "property"
      },
      "persistent": true
    },
    "custom.selectedManufacturerDevices": {
      "persistent": true
    },
    "params.region": {
      "paramDirection": "input",
      "persistent": true
    },
    "params.tenantId": {
      "paramDirection": "input",
      "persistent": true
    }
  },
  "props": {
    "defaultSize": {
      "height": 1027,
      "width": 665
    }
  },
  "root": {
    "children": [
      {
        "meta": {
          "name": "Label_1"
        },
        "position": {
          "basis": "32px",
          "shrink": 0
        },
        "props": {
          "style": {
            "classes": "forms/configHeading"
          },
          "text": "Search for Actility Device Profiles"
        },
        "type": "ia.display.label"
      },
      {
        "events": {
          "dom": {
            "onSelect": {
              "config": {
                "script": "\tvendor \u003d self.view.custom.selectedManufacturer\n\ttenantId \u003d int(self.view.params.tenantId)\n\tregion \u003d \"us915\"\n\t\n\tdevices \u003d system.sitesync.getDeviceProfilesActility(region, vendor, tenantId)\n\tsystem.perspective.print(devices)\n\tself.view.custom.selectedManufacturerDevices \u003d devices"
              },
              "enabled": false,
              "scope": "G",
              "type": "script"
            }
          }
        },
        "meta": {
          "name": "Dropdown"
        },
        "position": {
          "basis": "36px"
        },
        "propConfig": {
          "props.options": {
            "binding": {
              "config": {
                "path": "view.custom.manufacturers"
              },
              "transforms": [
                {
                  "code": "\timport json\n\tjsonIn \u003d json.loads(value)\n\t\n\toptions \u003d []\n\tfor i in jsonIn:\n\t\toptions.append({\u0027value\u0027:i[\u0027Id\u0027], \u0027label\u0027:i[\u0027name\u0027]})\n\treturn options",
                  "type": "script"
                }
              ],
              "type": "property"
            }
          }
        },
        "props": {
          "placeholder": {
            "text": "Select Vendor..."
          }
        },
        "type": "ia.input.dropdown"
      },
      {
        "meta": {
          "name": "Label_0",
          "visible": false
        },
        "position": {
          "basis": "32px",
          "display": false,
          "shrink": 0
        },
        "propConfig": {
          "props.text": {
            "binding": {
              "config": {
                "path": "view.custom.selectedManufacturer"
              },
              "type": "property"
            }
          }
        },
        "type": "ia.display.label"
      },
      {
        "children": [
          {
            "meta": {
              "name": "Label"
            },
            "position": {
              "basis": "50px"
            },
            "props": {
              "style": {
                "classes": "forms/configHeading",
                "fontSize": 15
              },
              "text": "Region"
            },
            "type": "ia.display.label"
          },
          {
            "events": {
              "system": {
                "onStartup": {
                  "config": {
                    "script": "\toptions \u003d decoders.LoRaSpecs.getRegions()\n\tself.props.options \u003d options"
                  },
                  "scope": "G",
                  "type": "script"
                }
              }
            },
            "meta": {
              "name": "Dropdown"
            },
            "propConfig": {
              "props.value": {
                "binding": {
                  "config": {
                    "bidirectional": true,
                    "path": "/root.custom.region"
                  },
                  "type": "property"
                }
              }
            },
            "props": {
              "options": [
                {
                  "label": "AS923",
                  "value": "AS923"
                },
                {
                  "label": "AU915",
                  "value": "AU915"
                },
                {
                  "label": "CN470",
                  "value": "CN470"
                },
                {
                  "label": "KR920",
                  "value": "KR920"
                },
                {
                  "label": "RU864",
                  "value": "RU864"
                },
                {
                  "label": "EU868",
                  "value": "EU868"
                },
                {
                  "label": "US915",
                  "value": "US915"
                },
                {
                  "label": "IN865",
                  "value": "IN865"
                }
              ]
            },
            "type": "ia.input.dropdown"
          }
        ],
        "meta": {
          "name": "region"
        },
        "props": {
          "direction": "column"
        },
        "type": "ia.container.flex"
      },
      {
        "children": [
          {
            "meta": {
              "name": "Label_3"
            },
            "position": {
              "basis": "25px"
            },
            "props": {
              "style": {
                "classes": "label",
                "fontSize": 15
              },
              "text": "Application"
            },
            "type": "ia.display.label"
          },
          {
            "events": {
              "system": {
                "onStartup": {
                  "config": {
                    "script": "\tapps \u003d system.sitesync.listApplications()\n\tapplications \u003d []\n\tif apps !\u003d None:\n\t\timport json\n\t\tapps \u003d json.loads(apps)\n\t\tfor a in apps:\n\t\t\top \u003d utils.dropdowns.formatDropdownOption(a[\u0027tenantName\u0027], a[\u0027id\u0027])\n\t\t\tapplications.append(op)\n\t\t\t\n\tself.props.options \u003d applications"
                  },
                  "scope": "G",
                  "type": "script"
                }
              }
            },
            "meta": {
              "name": "Dropdown"
            },
            "position": {
              "grow": 1
            },
            "props": {
              "options": [
                {
                  "label": "Actility",
                  "value": 4
                },
                {
                  "label": "aopo3",
                  "value": 6
                }
              ],
              "style": {
                "marginBottom": "3%"
              }
            },
            "type": "ia.input.dropdown"
          }
        ],
        "meta": {
          "name": "appSelector"
        },
        "position": {
          "display": false
        },
        "props": {
          "direction": "column"
        },
        "type": "ia.container.flex"
      },
      {
        "events": {
          "dom": {
            "onClick": {
              "config": {
                "script": "\tvendor \u003d self.view.custom.selectedManufacturer\n\ttenantId \u003d enterprise.tenant.getDefaultApp()\n\tregion \u003d self.parent.custom.region\n\tif region \u003d\u003d None:\n\t\tregion \u003d \u0027us915\u0027\n\telse:\n\t\tregion \u003d region.lower()\n\tsystem.perspective.print(region)\n\tsystem.perspective.print(vendor)\n\tutils.messages.waiting.showLoading()\n\ttry:\n\t\timport json\n\t\tdevices \u003d system.sitesync.getDeviceProfilesActility(region, vendor, tenantId)\n\t\tsystem.perspective.print(devices)\n\t\t\n\t\tself.view.custom.selectedManufacturerDevices \u003d json.loads(devices)\n\t\tutils.messages.waiting.hideLoading()\n\t\tself.parent.custom.showResults \u003d True\n\texcept Exception as e:\n\t\tutils.messages.waiting.hideLoading()\n\t\tsystem.perspective.print(e)\n\t\tutils.messages.errors.showErrorMessage(\"Error searching: \" + str(e))"
              },
              "scope": "G",
              "type": "script"
            }
          }
        },
        "meta": {
          "name": "Button"
        },
        "position": {
          "basis": "34px",
          "shrink": 0
        },
        "props": {
          "image": {
            "icon": {
              "path": "material/search"
            }
          },
          "style": {
            "marginLeft": "2%",
            "marginRight": "2%",
            "marginTop": "5%",
            "padding": "4%"
          },
          "text": "Search for Device Profiles"
        },
        "type": "ia.input.button"
      },
      {
        "children": [
          {
            "meta": {
              "name": "Table"
            },
            "position": {
              "grow": 1,
              "shrink": 0
            },
            "propConfig": {
              "props.data": {
                "binding": {
                  "config": {
                    "path": "view.custom.selectedManufacturerDevices"
                  },
                  "type": "property"
                }
              }
            },
            "type": "ia.display.table"
          },
          {
            "children": [
              {
                "meta": {
                  "name": "Label_1"
                },
                "props": {
                  "style": {
                    "classes": "forms/configHeading",
                    "marginRight": "1%",
                    "padding": "2%"
                  },
                  "text": "Selected Device Profile:"
                },
                "type": "ia.display.label"
              },
              {
                "meta": {
                  "name": "Label_0"
                },
                "position": {
                  "grow": 1,
                  "shrink": 0
                },
                "propConfig": {
                  "props.text": {
                    "binding": {
                      "config": {
                        "path": "..../resultContainer.custom.selectedID"
                      },
                      "transforms": [
                        {
                          "code": "\tif quality.badOrError:\n\t\treturn \"\"\n\treturn value",
                          "type": "script"
                        }
                      ],
                      "type": "property"
                    }
                  }
                },
                "type": "ia.display.label"
              }
            ],
            "meta": {
              "name": "FlexContainer"
            },
            "position": {
              "basis": "65px"
            },
            "props": {
              "direction": "column",
              "justify": "space-around",
              "style": {
                "marginBottom": "3%",
                "marginTop": "3%",
                "overflow": "hidden"
              }
            },
            "type": "ia.container.flex"
          },
          {
            "events": {
              "dom": {
                "onClick": [
                  {
                    "config": {
                      "script": "\tsystem.perspective.sendMessage(\"actilityDeviceProfile\", {\"profileID\":self.parent.custom.selectedID})"
                    },
                    "scope": "G",
                    "type": "script"
                  },
                  {
                    "config": {
                      "id": "ThingParkTool",
                      "type": "close"
                    },
                    "scope": "C",
                    "type": "dock"
                  }
                ]
              }
            },
            "meta": {
              "name": "Button_0"
            },
            "position": {
              "basis": "34px",
              "shrink": 0
            },
            "props": {
              "image": {
                "icon": {
                  "path": "material/check_circle"
                }
              },
              "style": {
                "marginLeft": "2%",
                "marginRight": "2%",
                "padding": "4%"
              },
              "text": "Use Selected Device Profile"
            },
            "type": "ia.input.button"
          }
        ],
        "meta": {
          "name": "resultContainer"
        },
        "position": {
          "grow": 1,
          "shrink": 0
        },
        "propConfig": {
          "custom.selectedID": {
            "binding": {
              "config": {
                "path": "./Table.props.selection.data[0].ID"
              },
              "type": "property"
            }
          },
          "position.display": {
            "binding": {
              "config": {
                "path": "parent.custom.showResults"
              },
              "type": "property"
            }
          }
        },
        "props": {
          "direction": "column",
          "justify": "space-around",
          "style": {
            "marginTop": "5%",
            "overflow": "hidden"
          }
        },
        "type": "ia.container.flex"
      }
    ],
    "custom": {
      "manufacturers": [
        {
          "Id": "abeeway",
          "name": "Abeeway"
        },
        {
          "Id": "acrios",
          "name": "Acrios"
        },
        {
          "Id": "adeunisrf",
          "name": "Adeunis"
        },
        {
          "Id": "advantech",
          "name": "Advantech"
        },
        {
          "Id": "agrime",
          "name": "Agrime"
        },
        {
          "Id": "alpha-omega-technology",
          "name": "Alpha-Omega Technology"
        },
        {
          "Id": "aquascope",
          "name": "Aquascope"
        },
        {
          "Id": "arduino",
          "name": "Arduino"
        },
        {
          "Id": "atim",
          "name": "Atim"
        },
        {
          "Id": "axioma",
          "name": "Axioma"
        },
        {
          "Id": "b-meters",
          "name": "B-meters"
        },
        {
          "Id": "baumer",
          "name": "Baumer"
        },
        {
          "Id": "baylan",
          "name": "Baylan"
        },
        {
          "Id": "beiselen",
          "name": "Beiselen"
        },
        {
          "Id": "bosch",
          "name": "Bosch"
        },
        {
          "Id": "browan",
          "name": "Browan"
        },
        {
          "Id": "cicicom",
          "name": "Cicicom"
        },
        {
          "Id": "cisco",
          "name": "Cisco"
        },
        {
          "Id": "comtac",
          "name": "Comtac"
        },
        {
          "Id": "decentlab",
          "name": "DecentLab"
        },
        {
          "Id": "develiot",
          "name": "Develiot"
        },
        {
          "Id": "dezem",
          "name": "Dezem"
        },
        {
          "Id": "diehl",
          "name": "DIEHL Metering"
        },
        {
          "Id": "digital_matter",
          "name": "Digital Matter"
        },
        {
          "Id": "dingtek",
          "name": "Dingtek"
        },
        {
          "Id": "dragino",
          "name": "Dragino"
        },
        {
          "Id": "eastron",
          "name": "Eastron"
        },
        {
          "Id": "ellenex",
          "name": "Ellenex"
        },
        {
          "Id": "elsys",
          "name": "Elsys"
        },
        {
          "Id": "elvaco",
          "name": "Elvaco"
        },
        {
          "Id": "embit",
          "name": "Embit"
        },
        {
          "Id": "emu",
          "name": "Emu"
        },
        {
          "Id": "enless-wireless",
          "name": "Enless-wireless"
        },
        {
          "Id": "enthutech",
          "name": "Enthutech"
        },
        {
          "Id": "espeasy",
          "name": "Espeasy"
        },
        {
          "Id": "finsecur",
          "name": "Finsecur"
        },
        {
          "Id": "flashnet",
          "name": "Flashnet"
        },
        {
          "Id": "fonda",
          "name": "Fonda Tech"
        },
        {
          "Id": "foxconn",
          "name": "Foxconn"
        },
        {
          "Id": "fullup",
          "name": "FullUp sprl"
        },
        {
          "Id": "g2misura",
          "name": "G2misuratori It"
        },
        {
          "Id": "generic",
          "name": "Generic"
        },
        {
          "Id": "glbsat",
          "name": "GlobalSat"
        },
        {
          "Id": "gwf",
          "name": "GWF AG"
        },
        {
          "Id": "heltec",
          "name": "Heltec"
        },
        {
          "Id": "honey-w",
          "name": "Honeywell"
        },
        {
          "Id": "imbuildings",
          "name": "Imbuildings"
        },
        {
          "Id": "imst",
          "name": "Imst"
        },
        {
          "Id": "innotas",
          "name": "Innotas"
        },
        {
          "Id": "invirtus",
          "name": "inVirtus Technologies"
        },
        {
          "Id": "iot-fact",
          "name": "IoT Factory"
        },
        {
          "Id": "iot4eu",
          "name": "Iot4eu"
        },
        {
          "Id": "iothings",
          "name": "Iothings"
        },
        {
          "Id": "iotsens",
          "name": "Iotsens"
        },
        {
          "Id": "itron",
          "name": "Itron"
        },
        {
          "Id": "izinto",
          "name": "Izinto"
        },
        {
          "Id": "jeng-iot",
          "name": "Jeng-iot"
        },
        {
          "Id": "jri",
          "name": "JRI"
        },
        {
          "Id": "keller",
          "name": "Keller"
        },
        {
          "Id": "kuleuven-dramco",
          "name": "Kuleuven-dramco"
        },
        {
          "Id": "laiier",
          "name": "LAIIER"
        },
        {
          "Id": "laird",
          "name": "Laird"
        },
        {
          "Id": "langyang",
          "name": "LangYang"
        },
        {
          "Id": "lansitec",
          "name": "Lansitec"
        },
        {
          "Id": "libelium",
          "name": "Libelium Comunicaciones Distribuidas"
        },
        {
          "Id": "lbearth",
          "name": "Liebearth"
        },
        {
          "Id": "life_plus",
          "name": "Life Plus"
        },
        {
          "Id": "lumel",
          "name": "Lumel"
        },
        {
          "Id": "mdlna",
          "name": "Maddalena"
        },
        {
          "Id": "mcci",
          "name": "Mcci"
        },
        {
          "Id": "mcf88",
          "name": "Mcf88"
        },
        {
          "Id": "mclimate",
          "name": "Mclimate"
        },
        {
          "Id": "merryiot",
          "name": "MerryIot"
        },
        {
          "Id": "micropelt",
          "name": "Micropelt"
        },
        {
          "Id": "midatronics",
          "name": "Midatronics"
        },
        {
          "Id": "msight",
          "name": "Milesight-iot"
        },
        {
          "Id": "moirelabs",
          "name": "Moirelabs"
        },
        {
          "Id": "moko",
          "name": "Moko Technology"
        },
        {
          "Id": "move-x",
          "name": "Move-x"
        },
        {
          "Id": "multitech",
          "name": "Multitech"
        },
        {
          "Id": "mutelcor",
          "name": "Mutelcor"
        },
        {
          "Id": "netvox",
          "name": "Netvox"
        },
        {
          "Id": "nexelec",
          "name": "Nexelec"
        },
        {
          "Id": "watteco/nke",
          "name": "NKE-Watteco"
        },
        {
          "Id": "noah",
          "name": "Noah"
        },
        {
          "Id": "nasys",
          "name": "Nordic Automation Systems"
        },
        {
          "Id": "nwave",
          "name": "Nwave"
        },
        {
          "Id": "onethinx",
          "name": "Onethinx"
        },
        {
          "Id": "origoelec",
          "name": "Origoelec"
        },
        {
          "Id": "parametric",
          "name": "Parametric"
        },
        {
          "Id": "pf",
          "name": "PEPPERL+FUCHS"
        },
        {
          "Id": "plenom",
          "name": "Plenom"
        },
        {
          "Id": "pmx",
          "name": "PMX Systems"
        },
        {
          "Id": "pnicorp",
          "name": "PNI Sensor Corporation"
        },
        {
          "Id": "polysen",
          "name": "Polysense"
        },
        {
          "Id": "pyrescom",
          "name": "PYRESCOM"
        },
        {
          "Id": "quandify",
          "name": "Quandify"
        },
        {
          "Id": "rakwireless",
          "name": "Rakwireless"
        },
        {
          "Id": "rouxcel",
          "name": "ROUXCEL TECHNOLOGY"
        },
        {
          "Id": "ruixinghengfang-network",
          "name": "Ruixinghengfang-network"
        },
        {
          "Id": "semtech",
          "name": "Semtech"
        },
        {
          "Id": "sensaio",
          "name": "Sensa.io - Edge Technologies"
        },
        {
          "Id": "sensative",
          "name": "Sensative"
        },
        {
          "Id": "sensecap",
          "name": "Sensecap"
        },
        {
          "Id": "sensedge",
          "name": "Sensedge"
        },
        {
          "Id": "senlab",
          "name": "Sensing Labs"
        },
        {
          "Id": "sezo",
          "name": "Sezo"
        },
        {
          "Id": "skiply",
          "name": "Skiply"
        },
        {
          "Id": "slscorp",
          "name": "Slscorp"
        },
        {
          "Id": "smart-parks",
          "name": "Smart-parks"
        },
        {
          "Id": "socomec",
          "name": "Socomec"
        },
        {
          "Id": "solvera",
          "name": "Solvera Lynx"
        },
        {
          "Id": "sting",
          "name": "Sting"
        },
        {
          "Id": "stmicroelectronics",
          "name": "STMicroelectronics"
        },
        {
          "Id": "strega",
          "name": "Strega"
        },
        {
          "Id": "swisscom",
          "name": "Swisscom"
        },
        {
          "Id": "talkpool",
          "name": "Talkpool"
        },
        {
          "Id": "tektelic",
          "name": "Tektelic"
        },
        {
          "Id": "tekzitel",
          "name": "Tekzitel"
        },
        {
          "Id": "teneo-iot",
          "name": "Teneo-iot"
        },
        {
          "Id": "terabee",
          "name": "Terabee"
        },
        {
          "Id": "the-box-development",
          "name": "The-box-development"
        },
        {
          "Id": "the-things-industries",
          "name": "The-things-industries"
        },
        {
          "Id": "the-things-network",
          "name": "The-things-network"
        },
        {
          "Id": "the-things-products",
          "name": "The-things-products"
        },
        {
          "Id": "thingsofficer",
          "name": "Thingsofficer"
        },
        {
          "Id": "tinovi",
          "name": "Tinovi"
        },
        {
          "Id": "tpl-sys",
          "name": "TPL Systemes"
        },
        {
          "Id": "turbo_tech",
          "name": "Turbo Technologies Corporation"
        },
        {
          "Id": "twave_tech",
          "name": "Twave Technologie"
        },
        {
          "Id": "twtg",
          "name": "TWTG"
        },
        {
          "Id": "uradmonitor",
          "name": "Uradmonitor"
        },
        {
          "Id": "volley_boast",
          "name": "Volley Boast LLC"
        },
        {
          "Id": "vutility",
          "name": "Vutility"
        },
        {
          "Id": "watteco",
          "name": "Watteco"
        },
        {
          "Id": "wellness",
          "name": "Wellness TechGroup"
        },
        {
          "Id": "xignal",
          "name": "Xignal"
        },
        {
          "Id": "yokogawa",
          "name": "Yokogawa"
        },
        {
          "Id": "yosensi",
          "name": "Yosensi"
        },
        {
          "Id": "zenner",
          "name": "Zenner"
        }
      ],
      "region": "us915",
      "showResults": false
    },
    "events": {
      "system": {
        "onStartup": {
          "config": {
            "script": "\timport json\n\ttenantId \u003d self.view.params.tenantId\n\t\n\trawManufacturers \u003d system.sitesync.getActilityManufacturers(int(tenantId))\n\tself.custom.manufacturers \u003d json.loads(rawManufacturers)"
          },
          "scope": "G",
          "type": "script"
        }
      }
    },
    "meta": {
      "name": "root"
    },
    "props": {
      "alignContent": "space-around",
      "direction": "column",
      "style": {
        "margin": "3%"
      }
    },
    "type": "ia.container.flex"
  }
}