{
  "custom": {},
  "params": {
    "labelText": "Name",
    "textValue": "ESE"
  },
  "propConfig": {
    "params.labelText": {
      "paramDirection": "input",
      "persistent": true
    },
    "params.textValue": {
      "paramDirection": "inout",
      "persistent": true
    }
  },
  "props": {
    "defaultSize": {
      "height": 232
    }
  },
  "root": {
    "children": [
      {
        "meta": {
          "name": "Label"
        },
        "propConfig": {
          "props.text": {
            "binding": {
              "config": {
                "path": "view.params.labelText"
              },
              "type": "property"
            }
          }
        },
        "props": {
          "style": {
            "classes": "forms/configHeading"
          }
        },
        "type": "ia.display.label"
      },
      {
        "meta": {
          "name": "TextArea"
        },
        "position": {
          "basis": "160px"
        },
        "propConfig": {
          "props.text": {
            "binding": {
              "config": {
                "bidirectional": true,
                "path": "view.params.textValue"
              },
              "type": "property"
            }
          }
        },
        "type": "ia.input.text-area"
      }
    ],
    "meta": {
      "name": "root"
    },
    "props": {
      "direction": "column"
    },
    "type": "ia.container.flex"
  }
}