{
  "custom": {},
  "params": {
    "isAdmin": false,
    "removeRole": false,
    "roleName": "tech"
  },
  "propConfig": {
    "params.isAdmin": {
      "paramDirection": "inout",
      "persistent": true
    },
    "params.removeRole": {
      "paramDirection": "inout",
      "persistent": true
    },
    "params.roleName": {
      "paramDirection": "inout",
      "persistent": true
    }
  },
  "props": {
    "defaultSize": {
      "height": 73
    }
  },
  "root": {
    "children": [
      {
        "meta": {
          "name": "TextField"
        },
        "position": {
          "breakpoints": [
            {
              "colIndex": 1,
              "name": "sm",
              "order": 0,
              "rowIndex": 0,
              "span": 5
            },
            {
              "colIndex": 1,
              "name": "md",
              "order": 0,
              "rowIndex": 0,
              "span": 5
            },
            {
              "colIndex": 1,
              "name": "lg",
              "order": 0,
              "rowIndex": 0,
              "span": 4
            }
          ],
          "height": 60
        },
        "propConfig": {
          "props.text": {
            "binding": {
              "config": {
                "bidirectional": true,
                "path": "view.params.roleName"
              },
              "type": "property"
            }
          }
        },
        "props": {
          "placeholder": "Mapped role name"
        },
        "type": "ia.input.text-field"
      },
      {
        "meta": {
          "name": "Checkbox",
          "tooltip": {
            "enabled": true,
            "text": "User can delete or modify devices"
          },
          "visible": false
        },
        "position": {
          "breakpoints": [
            {
              "colIndex": 6,
              "name": "sm",
              "order": 1,
              "rowIndex": 0,
              "span": 3
            },
            {
              "colIndex": 6,
              "name": "md",
              "order": 1,
              "rowIndex": 0,
              "span": 3
            },
            {
              "colIndex": 6,
              "name": "lg",
              "order": 1,
              "rowIndex": 0,
              "span": 3
            }
          ],
          "height": 60
        },
        "propConfig": {
          "props.selected": {
            "binding": {
              "config": {
                "bidirectional": true,
                "path": "view.params.isAdmin"
              },
              "type": "property"
            }
          }
        },
        "props": {
          "text": "Can make changes"
        },
        "type": "ia.input.checkbox"
      },
      {
        "events": {
          "dom": {
            "onClick": {
              "config": {
                "script": "\tself.view.params.removeRole \u003d False\n\t\n\tsystem.perspective.sendMessage(\"removeRole\", {\"roleName\":self.view.params.roleName})"
              },
              "scope": "G",
              "type": "script"
            }
          }
        },
        "meta": {
          "name": "Icon",
          "tooltip": {
            "enabled": true,
            "text": "Click to remove role"
          }
        },
        "position": {
          "breakpoints": [
            {
              "colIndex": 10,
              "name": "sm",
              "order": 2,
              "rowIndex": 0,
              "span": 1
            },
            {
              "colIndex": 10,
              "name": "md",
              "order": 2,
              "rowIndex": 0,
              "span": 1
            },
            {
              "colIndex": 11,
              "name": "lg",
              "order": 2,
              "rowIndex": 0,
              "span": 1
            }
          ],
          "height": 60
        },
        "props": {
          "path": "material/indeterminate_check_box"
        },
        "type": "ia.display.icon"
      }
    ],
    "meta": {
      "name": "root"
    },
    "type": "ia.container.column"
  }
}