{
  "custom": {
    "currentTenant": {
      "authGroups": "",
      "id": 11,
      "isApplication": 0,
      "isVisible": 0,
      "notes": "",
      "ownerTenantID": 0,
      "primaryRegion": "US915",
      "tenantName": "SiteSyncRootTenant"
    },
    "originalTenant": null,
    "tenants": []
  },
  "params": {
    "tenantID": 11
  },
  "propConfig": {
    "custom.currentTenant": {
      "persistent": true
    },
    "custom.originalTenant": {
      "binding": {
        "config": {
          "path": "view.params.tenantID"
        },
        "transforms": [
          {
            "code": "\ttenant \u003d system.sitesync.getTenant(str(value))\n\tif tenant !\u003d None:\n\t\timport json\n\t\ttenant \u003d json.loads(tenant)\n\t\tif \u0027notes\u0027 not in tenant.keys():\n\t\t\ttenant[\u0027notes\u0027] \u003d \u0027\u0027\n\t\t\n\t\tself.custom.currentTenant \u003d tenant\n\t\t\n\t\n\t\t\n\t\treturn tenant\n\telse:\n\t\tnewTenant \u003d {\"name\":None, \"id\":value, \"notes\":None,}\n\t\tself.custom.currentTenant \u003d newTenant\n\t\treturn newTenant",
            "type": "script"
          }
        ],
        "type": "property"
      },
      "persistent": true
    },
    "custom.tenants": {
      "binding": {
        "config": {
          "path": "view.params.tenantID"
        },
        "transforms": [
          {
            "code": "\ttry:\n\t\timport json\n\t\tj \u003d system.sitesync.getTenantRoles(int(value))\n\t\tjj \u003d json.loads(j)\n\t\troles \u003d json.loads(jj)[\u0027roles\u0027]\n\t\tsystem.perspective.print(roles)\n\t\tinstances \u003d []\n\t\tfor r in roles:\n\t\t\titem \u003d json.loads(r)\n\t\t\tj \u003d {\n\t\t\t  \"instanceStyle\": {\n\t\t\t    \"classes\": \"\"\n\t\t\t  },\n\t\t\t  \"instancePosition\": {},\n\t\t\t  \"isAdmin\": item[\u0027isAdmin\u0027],\n\t\t\t  \"roleName\": item[\u0027role\u0027], \n\t\t\t  \"removeRole\":False\n\t\t\t}\n\t\t\tinstances.append(j)\n\t\tsystem.perspective.print(instances)\n\t\t\t\t\n\t\treturn instances\n\texcept Exception as e:\n\t\tsystem.perspective.print(e)\n\t\treturn []\n\t\t\t",
            "type": "script"
          }
        ],
        "type": "property"
      },
      "persistent": true
    },
    "params.tenantID": {
      "paramDirection": "input",
      "persistent": true
    }
  },
  "props": {},
  "root": {
    "children": [
      {
        "meta": {
          "name": "textEntry"
        },
        "position": {
          "basis": "71px"
        },
        "propConfig": {
          "props.params.textValue": {
            "binding": {
              "config": {
                "bidirectional": true,
                "path": "view.custom.currentTenant.tenantName"
              },
              "type": "property"
            }
          }
        },
        "props": {
          "params": {
            "labelText": "Site Name"
          },
          "path": "tenants/components/textEntry"
        },
        "type": "ia.display.view"
      },
      {
        "meta": {
          "name": "longTextEntry"
        },
        "position": {
          "basis": "213px"
        },
        "propConfig": {
          "props.params.textValue": {
            "binding": {
              "config": {
                "bidirectional": true,
                "path": "view.custom.currentTenant.notes"
              },
              "type": "property"
            }
          }
        },
        "props": {
          "params": {
            "labelText": "Decription"
          },
          "path": "tenants/components/longTextEntry"
        },
        "type": "ia.display.view"
      },
      {
        "meta": {
          "name": "primaryRegion"
        },
        "propConfig": {
          "props.params.textValue": {
            "binding": {
              "config": {
                "bidirectional": true,
                "path": "view.custom.currentTenant.primaryRegion"
              },
              "type": "property"
            }
          }
        },
        "props": {
          "params": {
            "labelText": "LoRa Region"
          },
          "path": "tenants/components/primaryRegion"
        },
        "type": "ia.display.view"
      },
      {
        "children": [
          {
            "children": [
              {
                "meta": {
                  "name": "Label",
                  "tooltip": {
                    "enabled": true,
                    "text": "This role is mapped in Ignition roles under the authentication profiles"
                  }
                },
                "position": {
                  "grow": 1
                },
                "props": {
                  "style": {
                    "classes": "forms/configHeading"
                  },
                  "text": "Roles"
                },
                "type": "ia.display.label"
              }
            ],
            "meta": {
              "name": "FlexContainer"
            },
            "position": {
              "grow": 1
            },
            "props": {
              "alignContent": "flex-start",
              "alignItems": "flex-start"
            },
            "type": "ia.container.flex"
          },
          {
            "events": {
              "dom": {
                "onClick": {
                  "config": {
                    "script": "\tsystem.perspective.print(\"Adding new role\")\n\ttry:\n\t\t\n\t\n\t\tnewItem \u003d {\n\t\t  \"instanceStyle\": {\n\t\t    \"classes\": \"\"\n\t\t  },\n\t\t  \"instancePosition\": {},\n\t\t  \"removeRole\": False,\n\t\t  \"roleName\": None,\n\t\t  \"isAdmin\": False\n\t\t}\n\t\tself.view.custom.tenants.append(newItem)\n\t\tsystem.perspective.print(self.view.custom.tenants)\n\n\texcept Exception as e:\n\t\tsystem.perspective.print(str(e))"
                  },
                  "scope": "G",
                  "type": "script"
                }
              }
            },
            "meta": {
              "name": "Icon"
            },
            "position": {
              "basis": "30px"
            },
            "props": {
              "path": "material/add"
            },
            "type": "ia.display.icon"
          }
        ],
        "meta": {
          "name": "FlexContainer"
        },
        "props": {
          "alignItems": "flex-start"
        },
        "type": "ia.container.flex"
      },
      {
        "meta": {
          "name": "FlexRepeater"
        },
        "position": {
          "grow": 1,
          "shrink": 0
        },
        "propConfig": {
          "props.instances": {
            "binding": {
              "config": {
                "path": "view.custom.tenants"
              },
              "type": "property"
            }
          }
        },
        "props": {
          "direction": "column",
          "path": "tenants/components/role",
          "useDefaultViewHeight": false,
          "useDefaultViewWidth": false
        },
        "type": "ia.display.flex-repeater"
      },
      {
        "children": [
          {
            "events": {
              "dom": {
                "onClick": {
                  "config": {
                    "draggable": true,
                    "id": "M1JvJrR0",
                    "modal": false,
                    "overlayDismiss": false,
                    "resizable": true,
                    "showCloseIcon": true,
                    "type": "open",
                    "viewParams": {
                      "tenantID": "{view.params.tenantID}",
                      "tenantName": "{view.custom.currentTenant.tenantName}"
                    },
                    "viewPath": "Confirmations/deleteTenant",
                    "viewportBound": false
                  },
                  "scope": "C",
                  "type": "popup"
                }
              }
            },
            "meta": {
              "name": "delete"
            },
            "props": {
              "image": {
                "icon": {
                  "path": "material/delete_forever"
                }
              },
              "style": {
                "borderBottomLeftRadius": "12px",
                "borderBottomRightRadius": "12px",
                "borderStyle": "none",
                "borderTopLeftRadius": "12px",
                "borderTopRightRadius": "12px",
                "classes": "diagnostics/buttons/error"
              },
              "text": "Delete Site"
            },
            "type": "ia.input.button"
          },
          {
            "events": {
              "dom": {
                "onClick": {
                  "config": {
                    "script": "\tutils.messages.waiting.showLoading()\n\tself.props.enabled \u003d False\n\timport json\n\ttry:\n\t\troles \u003d []\n\t\n\t\t\n\t\t\n\t\tfor role in self.parent.parent.getChild(\"FlexRepeater\").props.instances:\n\t\t\t\n\t\t\t#role \u003d dict(role)\n\t\t\tsystem.perspective.print(role)\n\t\t\tr \u003d {}\n\t\t\tr[\u0027role\u0027] \u003d role[\u0027roleName\u0027]\n\t\t\tr[\u0027isAdmin\u0027] \u003d  role[\u0027isAdmin\u0027]\n\t\t\troles.append(json.dumps(r))\n\t\t\t\n\n\t\tutils.sitehandler.updateSiteRoles(int(self.view.params.tenantID), roles)\n\t\tsystem.perspective.print(\"Update site\")\n\t\tresult \u003d utils.sitehandler.updateSite(self.view.params.tenantID, self.view.custom.currentTenant.notes, self.view.custom.currentTenant.primaryRegion, self.view.custom.currentTenant.tenantName)\n\t\n\t\tutils.messages.waiting.hideLoading()\n\n\t\tif utils.resultParser.isResultSuccess(result):\n\t\t\tutils.messages.success.showSuccess(\"Updated\")\n\t\telse:\n\t\t\tutils.messages.errors.showErrorMessage(utils.resultParser.getResultMessage(result))\n\n\texcept Exception as e:\n\t\tsystem.perspective.print(str(e))\n\t\n\t\tutils.messages.errors.showErrorMessage(\"Error updating Site: \" + str(e) )\t\n\tfinally:\n\t\t\n\t\tself.props.enabled \u003d True\n\t\tutils.messages.waiting.hideLoading()\n\t\t\n"
                  },
                  "scope": "G",
                  "type": "script"
                }
              }
            },
            "meta": {
              "name": "save"
            },
            "props": {
              "image": {
                "icon": {
                  "path": "material/save"
                }
              },
              "style": {
                "borderBottomLeftRadius": "12px",
                "borderBottomRightRadius": "12px",
                "borderStyle": "none",
                "borderTopLeftRadius": "12px",
                "borderTopRightRadius": "12px",
                "classes": "diagnostics/buttons/good",
                "marginLeft": "5%"
              },
              "text": "Save Changes"
            },
            "type": "ia.input.button"
          }
        ],
        "meta": {
          "name": "actions"
        },
        "position": {
          "basis": "64px"
        },
        "props": {
          "justify": "flex-end"
        },
        "type": "ia.container.flex"
      }
    ],
    "meta": {
      "name": "root"
    },
    "props": {
      "direction": "column",
      "justify": "space-between",
      "style": {
        "margin": "2%"
      }
    },
    "type": "ia.container.flex"
  }
}