{
  "custom": {},
  "params": {
    "label": "value",
    "region": "value",
    "toolTip": "value",
    "udtPath": "value"
  },
  "propConfig": {
    "params.label": {
      "paramDirection": "input",
      "persistent": true
    },
    "params.region": {
      "paramDirection": "input",
      "persistent": true
    },
    "params.toolTip": {
      "paramDirection": "input",
      "persistent": true
    },
    "params.udtPath": {
      "paramDirection": "inout",
      "persistent": true
    }
  },
  "props": {
    "defaultSize": {
      "height": 68
    }
  },
  "root": {
    "children": [
      {
        "meta": {
          "name": "Label"
        },
        "position": {
          "breakpoints": [
            {
              "colIndex": 0,
              "name": "sm",
              "order": 0,
              "rowIndex": 0,
              "span": 4
            },
            {
              "colIndex": 0,
              "name": "md",
              "order": 0,
              "rowIndex": 0,
              "span": 4
            },
            {
              "colIndex": 0,
              "name": "lg",
              "order": 0,
              "rowIndex": 0,
              "span": 4
            }
          ],
          "height": 60
        },
        "propConfig": {
          "props.text": {
            "binding": {
              "config": {
                "path": "view.params.label"
              },
              "type": "property"
            }
          }
        },
        "props": {
          "style": {
            "classes": "forms/configHeading"
          }
        },
        "type": "ia.display.label"
      },
      {
        "events": {
          "dom": {
            "onClick": {
              "config": {
                "newTab": true,
                "url": "https://docs.sitesync.cloud"
              },
              "scope": "C",
              "type": "nav"
            }
          }
        },
        "meta": {
          "name": "Icon",
          "tooltip": {
            "enabled": true
          }
        },
        "position": {
          "breakpoints": [
            {
              "colIndex": 4,
              "name": "sm",
              "order": 1,
              "rowIndex": 0,
              "span": 1
            },
            {
              "colIndex": 4,
              "name": "md",
              "order": 1,
              "rowIndex": 0,
              "span": 1
            },
            {
              "colIndex": 4,
              "name": "lg",
              "order": 1,
              "rowIndex": 0,
              "span": 1
            }
          ],
          "height": 34
        },
        "propConfig": {
          "meta.tooltip.text": {
            "binding": {
              "config": {
                "path": "view.params.toolTip"
              },
              "type": "property"
            }
          }
        },
        "props": {
          "path": "material/info",
          "style": {
            "marginTop": "10%"
          }
        },
        "type": "ia.display.icon"
      },
      {
        "meta": {
          "name": "TextField"
        },
        "position": {
          "breakpoints": [
            {
              "colIndex": 5,
              "name": "sm",
              "order": 2,
              "rowIndex": 0,
              "span": 6
            },
            {
              "colIndex": 5,
              "name": "md",
              "order": 2,
              "rowIndex": 0,
              "span": 6
            },
            {
              "colIndex": 6,
              "name": "lg",
              "order": 3,
              "rowIndex": 0,
              "span": 6
            }
          ],
          "height": 60
        },
        "propConfig": {
          "props.text": {
            "binding": {
              "config": {
                "bidirectional": true,
                "path": "view.params.udtPath"
              },
              "type": "property"
            }
          }
        },
        "type": "ia.input.text-field"
      },
      {
        "events": {
          "dom": {
            "onClick": {
              "config": {
                "id": "ThingParkTool",
                "type": "toggle"
              },
              "preventDefault": true,
              "scope": "C",
              "type": "dock"
            }
          }
        },
        "meta": {
          "name": "Icon_0",
          "tooltip": {
            "enabled": true,
            "text": "Actility Device Profile Mapper"
          }
        },
        "position": {
          "breakpoints": [
            {
              "colIndex": 11,
              "name": "sm",
              "order": 3,
              "rowIndex": 0,
              "span": 1
            },
            {
              "colIndex": 11,
              "name": "md",
              "order": 3,
              "rowIndex": 0,
              "span": 1
            },
            {
              "colIndex": 5,
              "name": "lg",
              "order": 2,
              "rowIndex": 0,
              "span": 1
            }
          ],
          "height": 50
        },
        "props": {
          "path": "material/zoom_out_map",
          "style": {
            "marginTop": "10%"
          }
        },
        "type": "ia.display.icon"
      }
    ],
    "meta": {
      "name": "root"
    },
    "type": "ia.container.column"
  }
}