{
  "custom": {},
  "params": {},
  "props": {},
  "root": {
    "children": [
      {
        "children": [
          {
            "meta": {
              "name": "Label"
            },
            "props": {
              "style": {
                "classes": "forms/configHeading"
              },
              "text": "Sync Apps"
            },
            "type": "ia.display.label"
          },
          {
            "meta": {
              "name": "Label_0"
            },
            "props": {
              "style": {
                "fontSize": "small",
                "fontStyle": "italic"
              },
              "text": "This tool will find apps that are not in SiteSync, and sync them"
            },
            "type": "ia.display.label"
          },
          {
            "meta": {
              "name": "Button"
            },
            "props": {
              "text": "Search for Apps"
            },
            "type": "ia.input.button"
          }
        ],
        "meta": {
          "name": "FlexContainer"
        },
        "position": {
          "grow": 1,
          "shrink": 0
        },
        "props": {
          "direction": "column",
          "justify": "space-evenly"
        },
        "type": "ia.container.flex"
      },
      {
        "children": [
          {
            "children": [
              {
                "meta": {
                  "name": "Table"
                },
                "position": {
                  "grow": 1
                },
                "propConfig": {
                  "props.data": {
                    "binding": {
                      "config": {
                        "path": "..../data.custom.unSyncedApps"
                      },
                      "type": "property"
                    }
                  }
                },
                "props": {
                  "selection": {
                    "mode": "multiple interval"
                  }
                },
                "type": "ia.display.table"
              }
            ],
            "meta": {
              "name": "unsycned"
            },
            "propConfig": {
              "position.display": {
                "binding": {
                  "config": {
                    "path": "parent.custom.stage"
                  },
                  "transforms": [
                    {
                      "code": "\tif value \u003d\u003d \"select\":\n\t\treturn True\n\telse:\n\t\treturn False\n\t\t",
                      "type": "script"
                    }
                  ],
                  "type": "property"
                }
              }
            },
            "props": {
              "direction": "column"
            },
            "type": "ia.container.flex"
          },
          {
            "children": [
              {
                "meta": {
                  "name": "Progress"
                },
                "position": {
                  "basis": "200px"
                },
                "propConfig": {
                  "props.max": {
                    "binding": {
                      "config": {
                        "path": ".../unsycned/Table.props.selection.data"
                      },
                      "transforms": [
                        {
                          "code": "\treturn len(value)",
                          "type": "script"
                        }
                      ],
                      "type": "property"
                    }
                  },
                  "props.value": {
                    "binding": {
                      "config": {
                        "path": "..../data.custom.currentAppIndex"
                      },
                      "type": "property"
                    }
                  }
                },
                "type": "ia.display.progress"
              },
              {
                "meta": {
                  "name": "Label"
                },
                "position": {
                  "basis": "50px"
                },
                "props": {
                  "text": "Adding {app}"
                },
                "type": "ia.display.label"
              }
            ],
            "custom": {
              "appsSynced": 0
            },
            "meta": {
              "name": "processing"
            },
            "position": {
              "grow": 1,
              "shrink": 0
            },
            "propConfig": {
              "position.display": {
                "binding": {
                  "config": {
                    "path": "parent.custom.stage"
                  },
                  "transforms": [
                    {
                      "code": "\tif value \u003d\u003d \"processing\":\n\t\treturn True\n\telse:\n\t\treturn False",
                      "type": "script"
                    }
                  ],
                  "type": "property"
                }
              }
            },
            "props": {
              "direction": "column"
            },
            "type": "ia.container.flex"
          },
          {
            "children": [
              {
                "meta": {
                  "name": "Table"
                },
                "position": {
                  "grow": 1
                },
                "propConfig": {
                  "props.data": {
                    "binding": {
                      "config": {
                        "path": "..../data.custom.syncResults"
                      },
                      "type": "property"
                    }
                  }
                },
                "type": "ia.display.table"
              }
            ],
            "meta": {
              "name": "results_0"
            },
            "position": {
              "grow": 1,
              "shrink": 0
            },
            "propConfig": {
              "position.display": {
                "binding": {
                  "config": {
                    "path": "parent.custom.stage"
                  },
                  "transforms": [
                    {
                      "code": "\tif value \u003d\u003d \"results\":\n\t\treturn True\n\telse:\n\t\treturn False",
                      "type": "script"
                    }
                  ],
                  "type": "property"
                }
              }
            },
            "props": {
              "direction": "column"
            },
            "type": "ia.container.flex"
          }
        ],
        "custom": {
          "currentApp": "value",
          "currentAppIndex": 0,
          "selectedApps": [],
          "stage": "startup",
          "syncResults": [],
          "unSyncedApps": []
        },
        "meta": {
          "name": "data"
        },
        "position": {
          "grow": 1,
          "shrink": 0
        },
        "props": {
          "direction": "column"
        },
        "scripts": {
          "customMethods": [],
          "extensionFunctions": null,
          "messageHandlers": [
            {
              "messageType": "proccessor",
              "pageScope": true,
              "script": "\t# implement your handler here\n\tutils.messages.waiting.showLoading()\n\tif payload[\u0027stage\u0027] \u003d\u003d \"select\":\n\t\t##call app sync\n\t\tsystem.sitesync.addLog(\u0027String\u0027)\n\telif payload[\u0027stage\u0027] \u003d\u003d \"processing\":\n\t\tselected \u003d []\n\t\tresults \u003d []\n\t\trootTenant \u003d connections.networkserver.loadNetworkSettings(1)\n\t\tfor i in selected:\n\t\t\tstatus \u003d connections.networkserver.saveNetworkSettings(1, \"TTN\", \"\", \"\", \"Not set\", rootTenant[\u0027url\u0027], None, i, \u0027\u0027)\n\t\t\tif utils.resultParser.isResultSuccess(status):\n\t\t\t\tr \u003d {\"message\":\"Successfully added app {0} to SiteSync. API token and MQTT Credentials will need to be generated and added\".format(i), \"status\":\"success\"}\n\t\t\telse:\n\t\t\t\tr \u003d {\"message\":\"Error adding app {0} to SiteSync. {1}\".format(i, utils.resultParser.getResultMessage(status))}\n\t\t\tresults.append(r)\n\t\t\t##append to data for results\n\t\t\n\tself.custom.stage \u003d payload[\u0027stage\u0027]\n\tutils.messages.waiting.hideLoading()",
              "sessionScope": false,
              "viewScope": false
            },
            {
              "messageType": "getUnsycnedApps",
              "pageScope": true,
              "script": "\t# implement your handler here\n\tutils.messages.waiting.showLoading()\n\ttry:\n\t\timport json\n\t\ttenant \u003d system.sitesync.getPrimaryTenant()\n\t\tt \u003d json.loads(tenant)\n\t\tresults \u003d json.loads(system.sitesync.getAppSyncStatus(t))\n\t\tself.parent.custom.data \u003d results\n\t\tself.custom.stage \u003d \"select\"\n\texcept Exception as e:\n\t\tsystem.perspective.print(e)\n\t\tutils.messages.errors.showErrorMessage(e)\n\t\t\n\tutils.messages.waiting.hideLoading()",
              "sessionScope": false,
              "viewScope": false
            }
          ]
        },
        "type": "ia.container.flex"
      }
    ],
    "custom": {
      "data": "value"
    },
    "events": {
      "system": {
        "onStartup": {
          "config": {
            "script": "\tself.getChild(\"data\").custom.stage \u003d \"startup\""
          },
          "scope": "G",
          "type": "script"
        }
      }
    },
    "meta": {
      "name": "root"
    },
    "props": {
      "direction": "column",
      "justify": "space-evenly",
      "style": {
        "classes": "pageFormat/rootPadding",
        "padding": "2%"
      }
    },
    "type": "ia.container.flex"
  }
}