{
  "custom": {},
  "params": {
    "formattedDevices": [
      {
        "appEUI": "value",
        "appKey": "value",
        "devEUI": "value",
        "deviceType": "value",
        "name": "value",
        "status": "value"
      }
    ]
  },
  "propConfig": {
    "params.formattedDevices": {
      "paramDirection": "input",
      "persistent": true
    }
  },
  "props": {},
  "root": {
    "children": [
      {
        "children": [
          {
            "events": {
              "dom": {
                "onClick": {
                  "config": {
                    "script": "\ttry:\n\t\ttable \u003d self.parent.parent.getChild(\"Table\").props.data\n\t\theaders \u003d []\n\t\trows \u003d []\n\t\tfor r in table:\n\t\t\trow \u003d r.values()\n\t\t\trows.append(row)\n\t\theaders \u003d r.keys()\n\t\t\n\t\tcsv \u003d system.dataset.toDataSet(headers, rows)\n\t\tsystem.perspective.print(csv)\n\t\tdata \u003d system.dataset.toExcel(True, [csv])\n\t\tnow \u003d system.date.now()\n\t\tformattedDate \u003d system.date.format(now,\"MM-dd-yyyhmms\")\n\t\tfileName \u003d formattedDate + \"_bulkUploadResults.xlsx\"\n\t\tsystem.perspective.download(fileName,data)\n\texcept Exception as e:\n\t\tsystem.perspective.print(e)"
                  },
                  "scope": "G",
                  "type": "script"
                }
              }
            },
            "meta": {
              "name": "Icon"
            },
            "position": {
              "basis": "30px"
            },
            "props": {
              "path": "material/cloud_download"
            },
            "type": "ia.display.icon"
          },
          {
            "meta": {
              "name": "Label"
            },
            "props": {
              "text": "Download Results"
            },
            "type": "ia.display.label"
          }
        ],
        "meta": {
          "name": "FlexContainer_0"
        },
        "type": "ia.container.flex"
      },
      {
        "meta": {
          "name": "Table"
        },
        "position": {
          "basis": "400px"
        },
        "propConfig": {
          "props.data": {
            "binding": {
              "config": {
                "path": "view.params.formattedDevices"
              },
              "type": "property"
            }
          }
        },
        "type": "ia.display.table"
      },
      {
        "events": {
          "dom": {
            "onClick": {
              "config": {
                "page": "/devices"
              },
              "scope": "C",
              "type": "nav"
            }
          }
        },
        "meta": {
          "name": "Button"
        },
        "position": {
          "basis": "34px"
        },
        "props": {
          "text": "View Devices"
        },
        "type": "ia.input.button"
      }
    ],
    "custom": {
      "data": "value"
    },
    "meta": {
      "name": "root"
    },
    "props": {
      "direction": "column"
    },
    "scripts": {
      "customMethods": [],
      "extensionFunctions": null,
      "messageHandlers": [
        {
          "messageType": "setResults",
          "pageScope": true,
          "script": "\t# implement your handler here\n\tself.custom.data \u003d payload[\u0027results\u0027]",
          "sessionScope": false,
          "viewScope": false
        }
      ]
    },
    "type": "ia.container.flex"
  }
}