{
  "custom": {},
  "params": {
    "tag": {
      "fullTagPath": "[default]hotdropTest1",
      "tagPathBase": ""
    }
  },
  "propConfig": {
    "params.tag": {
      "paramDirection": "input",
      "persistent": true
    }
  },
  "props": {
    "defaultSize": {
      "height": 78
    }
  },
  "root": {
    "children": [
      {
        "meta": {
          "name": "Label"
        },
        "position": {
          "basis": "200px"
        },
        "props": {
          "style": {
            "classes": "label"
          },
          "text": "Tag Path:"
        },
        "type": "ia.display.label"
      },
      {
        "meta": {
          "name": "Label_0"
        },
        "propConfig": {
          "props.text": {
            "binding": {
              "config": {
                "path": "view.params.tag.fullTagPath"
              },
              "overlayOptOut": true,
              "type": "property"
            }
          }
        },
        "type": "ia.display.label"
      }
    ],
    "meta": {
      "name": "root"
    },
    "type": "ia.container.flex"
  }
}