{
  "custom": {},
  "params": {},
  "props": {},
  "root": {
    "type": "ia.container.flex",
    "meta": {
      "name": "Root"
    },
    "props": {
      "direction": "column",
      "gap": 12,
      "style": {
        "padding": 16,
        "backgroundColor": "#0b1220"
      }
    },
    "children": [
      {
        "type": "ia.container.flex",
        "meta": {
          "name": "HeaderRow"
        },
        "props": {
          "gap": 12,
          "wrap": "wrap"
        },
        "children": [
          {
            "type": "ia.display.label",
            "meta": {
              "name": "Header"
            },
            "props": {
              "text": "Connection Status",
              "style": {
                "color": "white",
                "fontSize": 22,
                "fontWeight": "700"
              }
            }
          },
          {
            "type": "ia.container.flex",
            "meta": {
              "name": "SinceInbound"
            },
            "props": {
              "style": {
                "backgroundColor": "#111827",
                "borderRadius": 10,
                "padding": 12
              }
            },
            "children": [
              {
                "type": "ia.display.label",
                "meta": {
                  "name": "Title"
                },
                "props": {
                  "text": "Time since last inbound",
                  "style": {
                    "color": "#e5e7eb",
                    "fontSize": 16,
                    "fontWeight": "600"
                  }
                }
              },
              {
                "type": "ia.display.label",
                "meta": {
                  "name": "Value"
                },
                "props": {
                  "text": {
                    "binding": {
                      "type": "tag",
                      "config": {
                        "path": "[default]Health/ThingPark_Inbound/LastInboundMs"
                      }
                    }
                  },
                  "style": {
                    "color": "#e5e7eb",
                    "fontSize": 18
                  }
                },
                "propConfig": {
                  "props.text": {
                    "transform": {
                      "type": "script",
                      "code": "ms=value or 0\nif not ms: return '\u2014'\nnow=system.date.toMillis(system.date.now())\ndelta=max(0, now-ms)\nsec=delta//1000\nm=sec//60\nh=m//60\ns=sec%60\nm=m%60\nif h>0: return '{}h {}m {}s ago'.format(h,m,s)\nif m>0: return '{}m {}s ago'.format(m,s)\nreturn '{}s ago'.format(s)\n"
                    }
                  }
                }
              }
            ]
          },
          {
            "type": "ia.input.button",
            "meta": {
              "name": "TestEmailBtn"
            },
            "props": {
              "text": "Send Test Email (simulate outage)",
              "style": {
                "marginTop": 8
              }
            },
            "events": {
              "component.onActionPerformed": [
                {
                  "scope": "S",
                  "type": "script",
                  "script": "base='[default]Health/MQTT_Broker/IsHealthy'\ntry:\n  system.tag.writeBlocking([base],[False])\n  def _restore():\n    import time\n    time.sleep(35)\n    system.tag.writeBlocking([base],[True])\n  system.util.invokeAsynchronous(_restore)\nexcept:\n  pass\n"
                }
              ]
            }
          }
        ]
      },
      {
        "type": "ia.container.flex",
        "meta": {
          "name": "Tiles"
        },
        "props": {
          "gap": 12,
          "wrap": "wrap"
        },
        "children": [
          {
            "type": "ia.container.flex",
            "meta": {
              "name": "tile_ThingPark_Inbound"
            },
            "position": {
              "basis": "320px",
              "shrink": 0
            },
            "props": {
              "direction": "column",
              "style": {
                "backgroundColor": {
                  "binding": {
                    "type": "tag",
                    "config": {
                      "path": "[default]Health/ThingPark_Inbound/IsHealthy"
                    }
                  },
                  "transform": {
                    "type": "script",
                    "code": "return '#16a34a' if value else '#dc2626'"
                  }
                },
                "borderRadius": 10,
                "padding": 12
              }
            },
            "children": [
              {
                "type": "ia.display.label",
                "meta": {
                  "name": "Title"
                },
                "props": {
                  "text": "ThingPark Inbound",
                  "style": {
                    "color": "white",
                    "fontSize": 16,
                    "fontWeight": "600"
                  }
                }
              },
              {
                "type": "ia.container.flex",
                "meta": {
                  "name": "Row"
                },
                "props": {
                  "gap": 12,
                  "wrap": "nowrap"
                },
                "children": [
                  {
                    "type": "ia.display.label",
                    "meta": {
                      "name": "State"
                    },
                    "props": {
                      "text": {
                        "binding": {
                          "type": "tag",
                          "config": {
                            "path": "[default]Health/ThingPark_Inbound/IsHealthy"
                          }
                        }
                      },
                      "style": {
                        "color": "white",
                        "fontSize": 14
                      }
                    },
                    "propConfig": {
                      "props.text": {
                        "transform": {
                          "type": "script",
                          "code": "return 'OK' if value else 'DOWN'"
                        }
                      }
                    }
                  },
                  {
                    "type": "ia.display.label",
                    "meta": {
                      "name": "Latency"
                    },
                    "props": {
                      "text": {
                        "binding": {
                          "type": "tag",
                          "config": {
                            "path": "[default]Health/ThingPark_Inbound/LatencyMs"
                          }
                        }
                      },
                      "style": {
                        "color": "white",
                        "fontSize": 14
                      }
                    },
                    "propConfig": {
                      "props.text": {
                        "transform": {
                          "type": "script",
                          "code": "return '{} ms'.format(int(value or 0))"
                        }
                      }
                    }
                  },
                  {
                    "type": "ia.display.label",
                    "meta": {
                      "name": "LastCheck"
                    },
                    "props": {
                      "text": {
                        "binding": {
                          "type": "tag",
                          "config": {
                            "path": "[default]Health/ThingPark_Inbound/LastCheck"
                          }
                        }
                      },
                      "style": {
                        "color": "white",
                        "fontSize": 14
                      }
                    },
                    "propConfig": {
                      "props.text": {
                        "transform": {
                          "type": "script",
                          "code": "return system.date.format(value, 'MM/dd HH:mm:ss') if value else ''"
                        }
                      }
                    }
                  }
                ]
              },
              {
                "type": "ia.display.label",
                "meta": {
                  "name": "Message"
                },
                "props": {
                  "text": {
                    "binding": {
                      "type": "tag",
                      "config": {
                        "path": "[default]Health/ThingPark_Inbound/Message"
                      }
                    }
                  },
                  "style": {
                    "color": "white",
                    "fontSize": 12,
                    "opacity": 0.9
                  }
                }
              },
              {
                "type": "ia.chart.xyChart",
                "meta": {
                  "name": "LatencySpark"
                },
                "position": {
                  "basis": "110px"
                },
                "props": {
                  "style": {
                    "height": 100,
                    "background": "transparent"
                  },
                  "legend": {
                    "enabled": false
                  },
                  "axes": [
                    {
                      "name": "t",
                      "position": "bottom",
                      "label": {
                        "enabled": false
                      },
                      "tick": {
                        "enabled": false
                      }
                    },
                    {
                      "name": "y",
                      "position": "left",
                      "label": {
                        "enabled": false
                      },
                      "tick": {
                        "enabled": false
                      },
                      "minimum": 0
                    }
                  ],
                  "series": [
                    {
                      "name": "Latency",
                      "xAxis": "t",
                      "yAxis": "y",
                      "data": {
                        "binding": {
                          "type": "tagHistory",
                          "config": {
                            "paths": [
                              {
                                "path": "[default]Health/ThingPark_Inbound/LatencyMs"
                              }
                            ],
                            "aggregationMode": "Average",
                            "interval": "1 minute",
                            "returnSize": 120,
                            "returnFormat": "table"
                          },
                          "transform": {
                            "type": "script",
                            "code": "out=[]\nif value and 'value' in value and 'timestamp' in value:\n  for i in range(len(value['value'])):\n    out.append({'t': value['timestamp'][i], 'y': float(value['value'][i] or 0)})\nreturn out"
                          }
                        }
                      },
                      "render": {
                        "type": "line"
                      },
                      "markers": {
                        "enabled": false
                      },
                      "stroke": {
                        "width": 2
                      }
                    }
                  ]
                }
              }
            ]
          },
          {
            "type": "ia.container.flex",
            "meta": {
              "name": "tile_MQTT_Broker"
            },
            "position": {
              "basis": "320px",
              "shrink": 0
            },
            "props": {
              "direction": "column",
              "style": {
                "backgroundColor": {
                  "binding": {
                    "type": "tag",
                    "config": {
                      "path": "[default]Health/MQTT_Broker/IsHealthy"
                    }
                  },
                  "transform": {
                    "type": "script",
                    "code": "return '#16a34a' if value else '#dc2626'"
                  }
                },
                "borderRadius": 10,
                "padding": 12
              }
            },
            "children": [
              {
                "type": "ia.display.label",
                "meta": {
                  "name": "Title"
                },
                "props": {
                  "text": "MQTT Broker",
                  "style": {
                    "color": "white",
                    "fontSize": 16,
                    "fontWeight": "600"
                  }
                }
              },
              {
                "type": "ia.container.flex",
                "meta": {
                  "name": "Row"
                },
                "props": {
                  "gap": 12,
                  "wrap": "nowrap"
                },
                "children": [
                  {
                    "type": "ia.display.label",
                    "meta": {
                      "name": "State"
                    },
                    "props": {
                      "text": {
                        "binding": {
                          "type": "tag",
                          "config": {
                            "path": "[default]Health/MQTT_Broker/IsHealthy"
                          }
                        }
                      },
                      "style": {
                        "color": "white",
                        "fontSize": 14
                      }
                    },
                    "propConfig": {
                      "props.text": {
                        "transform": {
                          "type": "script",
                          "code": "return 'OK' if value else 'DOWN'"
                        }
                      }
                    }
                  },
                  {
                    "type": "ia.display.label",
                    "meta": {
                      "name": "Latency"
                    },
                    "props": {
                      "text": {
                        "binding": {
                          "type": "tag",
                          "config": {
                            "path": "[default]Health/MQTT_Broker/LatencyMs"
                          }
                        }
                      },
                      "style": {
                        "color": "white",
                        "fontSize": 14
                      }
                    },
                    "propConfig": {
                      "props.text": {
                        "transform": {
                          "type": "script",
                          "code": "return '{} ms'.format(int(value or 0))"
                        }
                      }
                    }
                  },
                  {
                    "type": "ia.display.label",
                    "meta": {
                      "name": "LastCheck"
                    },
                    "props": {
                      "text": {
                        "binding": {
                          "type": "tag",
                          "config": {
                            "path": "[default]Health/MQTT_Broker/LastCheck"
                          }
                        }
                      },
                      "style": {
                        "color": "white",
                        "fontSize": 14
                      }
                    },
                    "propConfig": {
                      "props.text": {
                        "transform": {
                          "type": "script",
                          "code": "return system.date.format(value, 'MM/dd HH:mm:ss') if value else ''"
                        }
                      }
                    }
                  }
                ]
              },
              {
                "type": "ia.display.label",
                "meta": {
                  "name": "Message"
                },
                "props": {
                  "text": {
                    "binding": {
                      "type": "tag",
                      "config": {
                        "path": "[default]Health/MQTT_Broker/Message"
                      }
                    }
                  },
                  "style": {
                    "color": "white",
                    "fontSize": 12,
                    "opacity": 0.9
                  }
                }
              },
              {
                "type": "ia.chart.xyChart",
                "meta": {
                  "name": "LatencySpark"
                },
                "position": {
                  "basis": "110px"
                },
                "props": {
                  "style": {
                    "height": 100,
                    "background": "transparent"
                  },
                  "legend": {
                    "enabled": false
                  },
                  "axes": [
                    {
                      "name": "t",
                      "position": "bottom",
                      "label": {
                        "enabled": false
                      },
                      "tick": {
                        "enabled": false
                      }
                    },
                    {
                      "name": "y",
                      "position": "left",
                      "label": {
                        "enabled": false
                      },
                      "tick": {
                        "enabled": false
                      },
                      "minimum": 0
                    }
                  ],
                  "series": [
                    {
                      "name": "Latency",
                      "xAxis": "t",
                      "yAxis": "y",
                      "data": {
                        "binding": {
                          "type": "tagHistory",
                          "config": {
                            "paths": [
                              {
                                "path": "[default]Health/MQTT_Broker/LatencyMs"
                              }
                            ],
                            "aggregationMode": "Average",
                            "interval": "1 minute",
                            "returnSize": 120,
                            "returnFormat": "table"
                          },
                          "transform": {
                            "type": "script",
                            "code": "out=[]\nif value and 'value' in value and 'timestamp' in value:\n  for i in range(len(value['value'])):\n    out.append({'t': value['timestamp'][i], 'y': float(value['value'][i] or 0)})\nreturn out"
                          }
                        }
                      },
                      "render": {
                        "type": "line"
                      },
                      "markers": {
                        "enabled": false
                      },
                      "stroke": {
                        "width": 2
                      }
                    }
                  ]
                }
              }
            ]
          },
          {
            "type": "ia.container.flex",
            "meta": {
              "name": "tile_MQTT_Transmission"
            },
            "position": {
              "basis": "320px",
              "shrink": 0
            },
            "props": {
              "direction": "column",
              "style": {
                "backgroundColor": {
                  "binding": {
                    "type": "tag",
                    "config": {
                      "path": "[default]Health/MQTT_Transmission/IsHealthy"
                    }
                  },
                  "transform": {
                    "type": "script",
                    "code": "return '#16a34a' if value else '#dc2626'"
                  }
                },
                "borderRadius": 10,
                "padding": 12
              }
            },
            "children": [
              {
                "type": "ia.display.label",
                "meta": {
                  "name": "Title"
                },
                "props": {
                  "text": "MQTT Transmission",
                  "style": {
                    "color": "white",
                    "fontSize": 16,
                    "fontWeight": "600"
                  }
                }
              },
              {
                "type": "ia.container.flex",
                "meta": {
                  "name": "Row"
                },
                "props": {
                  "gap": 12,
                  "wrap": "nowrap"
                },
                "children": [
                  {
                    "type": "ia.display.label",
                    "meta": {
                      "name": "State"
                    },
                    "props": {
                      "text": {
                        "binding": {
                          "type": "tag",
                          "config": {
                            "path": "[default]Health/MQTT_Transmission/IsHealthy"
                          }
                        }
                      },
                      "style": {
                        "color": "white",
                        "fontSize": 14
                      }
                    },
                    "propConfig": {
                      "props.text": {
                        "transform": {
                          "type": "script",
                          "code": "return 'OK' if value else 'DOWN'"
                        }
                      }
                    }
                  },
                  {
                    "type": "ia.display.label",
                    "meta": {
                      "name": "Latency"
                    },
                    "props": {
                      "text": {
                        "binding": {
                          "type": "tag",
                          "config": {
                            "path": "[default]Health/MQTT_Transmission/LatencyMs"
                          }
                        }
                      },
                      "style": {
                        "color": "white",
                        "fontSize": 14
                      }
                    },
                    "propConfig": {
                      "props.text": {
                        "transform": {
                          "type": "script",
                          "code": "return '{} ms'.format(int(value or 0))"
                        }
                      }
                    }
                  },
                  {
                    "type": "ia.display.label",
                    "meta": {
                      "name": "LastCheck"
                    },
                    "props": {
                      "text": {
                        "binding": {
                          "type": "tag",
                          "config": {
                            "path": "[default]Health/MQTT_Transmission/LastCheck"
                          }
                        }
                      },
                      "style": {
                        "color": "white",
                        "fontSize": 14
                      }
                    },
                    "propConfig": {
                      "props.text": {
                        "transform": {
                          "type": "script",
                          "code": "return system.date.format(value, 'MM/dd HH:mm:ss') if value else ''"
                        }
                      }
                    }
                  }
                ]
              },
              {
                "type": "ia.display.label",
                "meta": {
                  "name": "Message"
                },
                "props": {
                  "text": {
                    "binding": {
                      "type": "tag",
                      "config": {
                        "path": "[default]Health/MQTT_Transmission/Message"
                      }
                    }
                  },
                  "style": {
                    "color": "white",
                    "fontSize": 12,
                    "opacity": 0.9
                  }
                }
              },
              {
                "type": "ia.chart.xyChart",
                "meta": {
                  "name": "LatencySpark"
                },
                "position": {
                  "basis": "110px"
                },
                "props": {
                  "style": {
                    "height": 100,
                    "background": "transparent"
                  },
                  "legend": {
                    "enabled": false
                  },
                  "axes": [
                    {
                      "name": "t",
                      "position": "bottom",
                      "label": {
                        "enabled": false
                      },
                      "tick": {
                        "enabled": false
                      }
                    },
                    {
                      "name": "y",
                      "position": "left",
                      "label": {
                        "enabled": false
                      },
                      "tick": {
                        "enabled": false
                      },
                      "minimum": 0
                    }
                  ],
                  "series": [
                    {
                      "name": "Latency",
                      "xAxis": "t",
                      "yAxis": "y",
                      "data": {
                        "binding": {
                          "type": "tagHistory",
                          "config": {
                            "paths": [
                              {
                                "path": "[default]Health/MQTT_Transmission/LatencyMs"
                              }
                            ],
                            "aggregationMode": "Average",
                            "interval": "1 minute",
                            "returnSize": 120,
                            "returnFormat": "table"
                          },
                          "transform": {
                            "type": "script",
                            "code": "out=[]\nif value and 'value' in value and 'timestamp' in value:\n  for i in range(len(value['value'])):\n    out.append({'t': value['timestamp'][i], 'y': float(value['value'][i] or 0)})\nreturn out"
                          }
                        }
                      },
                      "render": {
                        "type": "line"
                      },
                      "markers": {
                        "enabled": false
                      },
                      "stroke": {
                        "width": 2
                      }
                    }
                  ]
                }
              }
            ]
          },
          {
            "type": "ia.container.flex",
            "meta": {
              "name": "tile_SiteSync_API"
            },
            "position": {
              "basis": "320px",
              "shrink": 0
            },
            "props": {
              "direction": "column",
              "style": {
                "backgroundColor": {
                  "binding": {
                    "type": "tag",
                    "config": {
                      "path": "[default]Health/SiteSync_API/IsHealthy"
                    }
                  },
                  "transform": {
                    "type": "script",
                    "code": "return '#16a34a' if value else '#dc2626'"
                  }
                },
                "borderRadius": 10,
                "padding": 12
              }
            },
            "children": [
              {
                "type": "ia.display.label",
                "meta": {
                  "name": "Title"
                },
                "props": {
                  "text": "SiteSync API",
                  "style": {
                    "color": "white",
                    "fontSize": 16,
                    "fontWeight": "600"
                  }
                }
              },
              {
                "type": "ia.container.flex",
                "meta": {
                  "name": "Row"
                },
                "props": {
                  "gap": 12,
                  "wrap": "nowrap"
                },
                "children": [
                  {
                    "type": "ia.display.label",
                    "meta": {
                      "name": "State"
                    },
                    "props": {
                      "text": {
                        "binding": {
                          "type": "tag",
                          "config": {
                            "path": "[default]Health/SiteSync_API/IsHealthy"
                          }
                        }
                      },
                      "style": {
                        "color": "white",
                        "fontSize": 14
                      }
                    },
                    "propConfig": {
                      "props.text": {
                        "transform": {
                          "type": "script",
                          "code": "return 'OK' if value else 'DOWN'"
                        }
                      }
                    }
                  },
                  {
                    "type": "ia.display.label",
                    "meta": {
                      "name": "Latency"
                    },
                    "props": {
                      "text": {
                        "binding": {
                          "type": "tag",
                          "config": {
                            "path": "[default]Health/SiteSync_API/LatencyMs"
                          }
                        }
                      },
                      "style": {
                        "color": "white",
                        "fontSize": 14
                      }
                    },
                    "propConfig": {
                      "props.text": {
                        "transform": {
                          "type": "script",
                          "code": "return '{} ms'.format(int(value or 0))"
                        }
                      }
                    }
                  },
                  {
                    "type": "ia.display.label",
                    "meta": {
                      "name": "LastCheck"
                    },
                    "props": {
                      "text": {
                        "binding": {
                          "type": "tag",
                          "config": {
                            "path": "[default]Health/SiteSync_API/LastCheck"
                          }
                        }
                      },
                      "style": {
                        "color": "white",
                        "fontSize": 14
                      }
                    },
                    "propConfig": {
                      "props.text": {
                        "transform": {
                          "type": "script",
                          "code": "return system.date.format(value, 'MM/dd HH:mm:ss') if value else ''"
                        }
                      }
                    }
                  }
                ]
              },
              {
                "type": "ia.display.label",
                "meta": {
                  "name": "Message"
                },
                "props": {
                  "text": {
                    "binding": {
                      "type": "tag",
                      "config": {
                        "path": "[default]Health/SiteSync_API/Message"
                      }
                    }
                  },
                  "style": {
                    "color": "white",
                    "fontSize": 12,
                    "opacity": 0.9
                  }
                }
              },
              {
                "type": "ia.chart.xyChart",
                "meta": {
                  "name": "LatencySpark"
                },
                "position": {
                  "basis": "110px"
                },
                "props": {
                  "style": {
                    "height": 100,
                    "background": "transparent"
                  },
                  "legend": {
                    "enabled": false
                  },
                  "axes": [
                    {
                      "name": "t",
                      "position": "bottom",
                      "label": {
                        "enabled": false
                      },
                      "tick": {
                        "enabled": false
                      }
                    },
                    {
                      "name": "y",
                      "position": "left",
                      "label": {
                        "enabled": false
                      },
                      "tick": {
                        "enabled": false
                      },
                      "minimum": 0
                    }
                  ],
                  "series": [
                    {
                      "name": "Latency",
                      "xAxis": "t",
                      "yAxis": "y",
                      "data": {
                        "binding": {
                          "type": "tagHistory",
                          "config": {
                            "paths": [
                              {
                                "path": "[default]Health/SiteSync_API/LatencyMs"
                              }
                            ],
                            "aggregationMode": "Average",
                            "interval": "1 minute",
                            "returnSize": 120,
                            "returnFormat": "table"
                          },
                          "transform": {
                            "type": "script",
                            "code": "out=[]\nif value and 'value' in value and 'timestamp' in value:\n  for i in range(len(value['value'])):\n    out.append({'t': value['timestamp'][i], 'y': float(value['value'][i] or 0)})\nreturn out"
                          }
                        }
                      },
                      "render": {
                        "type": "line"
                      },
                      "markers": {
                        "enabled": false
                      },
                      "stroke": {
                        "width": 2
                      }
                    }
                  ]
                }
              }
            ]
          },
          {
            "type": "ia.container.flex",
            "meta": {
              "name": "tile_PI_Adapter"
            },
            "position": {
              "basis": "320px",
              "shrink": 0
            },
            "props": {
              "direction": "column",
              "style": {
                "backgroundColor": {
                  "binding": {
                    "type": "tag",
                    "config": {
                      "path": "[default]Health/PI_Adapter/IsHealthy"
                    }
                  },
                  "transform": {
                    "type": "script",
                    "code": "return '#16a34a' if value else '#dc2626'"
                  }
                },
                "borderRadius": 10,
                "padding": 12
              }
            },
            "children": [
              {
                "type": "ia.display.label",
                "meta": {
                  "name": "Title"
                },
                "props": {
                  "text": "PI Adapter",
                  "style": {
                    "color": "white",
                    "fontSize": 16,
                    "fontWeight": "600"
                  }
                }
              },
              {
                "type": "ia.container.flex",
                "meta": {
                  "name": "Row"
                },
                "props": {
                  "gap": 12,
                  "wrap": "nowrap"
                },
                "children": [
                  {
                    "type": "ia.display.label",
                    "meta": {
                      "name": "State"
                    },
                    "props": {
                      "text": {
                        "binding": {
                          "type": "tag",
                          "config": {
                            "path": "[default]Health/PI_Adapter/IsHealthy"
                          }
                        }
                      },
                      "style": {
                        "color": "white",
                        "fontSize": 14
                      }
                    },
                    "propConfig": {
                      "props.text": {
                        "transform": {
                          "type": "script",
                          "code": "return 'OK' if value else 'DOWN'"
                        }
                      }
                    }
                  },
                  {
                    "type": "ia.display.label",
                    "meta": {
                      "name": "Latency"
                    },
                    "props": {
                      "text": {
                        "binding": {
                          "type": "tag",
                          "config": {
                            "path": "[default]Health/PI_Adapter/LatencyMs"
                          }
                        }
                      },
                      "style": {
                        "color": "white",
                        "fontSize": 14
                      }
                    },
                    "propConfig": {
                      "props.text": {
                        "transform": {
                          "type": "script",
                          "code": "return '{} ms'.format(int(value or 0))"
                        }
                      }
                    }
                  },
                  {
                    "type": "ia.display.label",
                    "meta": {
                      "name": "LastCheck"
                    },
                    "props": {
                      "text": {
                        "binding": {
                          "type": "tag",
                          "config": {
                            "path": "[default]Health/PI_Adapter/LastCheck"
                          }
                        }
                      },
                      "style": {
                        "color": "white",
                        "fontSize": 14
                      }
                    },
                    "propConfig": {
                      "props.text": {
                        "transform": {
                          "type": "script",
                          "code": "return system.date.format(value, 'MM/dd HH:mm:ss') if value else ''"
                        }
                      }
                    }
                  }
                ]
              },
              {
                "type": "ia.display.label",
                "meta": {
                  "name": "Message"
                },
                "props": {
                  "text": {
                    "binding": {
                      "type": "tag",
                      "config": {
                        "path": "[default]Health/PI_Adapter/Message"
                      }
                    }
                  },
                  "style": {
                    "color": "white",
                    "fontSize": 12,
                    "opacity": 0.9
                  }
                }
              },
              {
                "type": "ia.chart.xyChart",
                "meta": {
                  "name": "LatencySpark"
                },
                "position": {
                  "basis": "110px"
                },
                "props": {
                  "style": {
                    "height": 100,
                    "background": "transparent"
                  },
                  "legend": {
                    "enabled": false
                  },
                  "axes": [
                    {
                      "name": "t",
                      "position": "bottom",
                      "label": {
                        "enabled": false
                      },
                      "tick": {
                        "enabled": false
                      }
                    },
                    {
                      "name": "y",
                      "position": "left",
                      "label": {
                        "enabled": false
                      },
                      "tick": {
                        "enabled": false
                      },
                      "minimum": 0
                    }
                  ],
                  "series": [
                    {
                      "name": "Latency",
                      "xAxis": "t",
                      "yAxis": "y",
                      "data": {
                        "binding": {
                          "type": "tagHistory",
                          "config": {
                            "paths": [
                              {
                                "path": "[default]Health/PI_Adapter/LatencyMs"
                              }
                            ],
                            "aggregationMode": "Average",
                            "interval": "1 minute",
                            "returnSize": 120,
                            "returnFormat": "table"
                          },
                          "transform": {
                            "type": "script",
                            "code": "out=[]\nif value and 'value' in value and 'timestamp' in value:\n  for i in range(len(value['value'])):\n    out.append({'t': value['timestamp'][i], 'y': float(value['value'][i] or 0)})\nreturn out"
                          }
                        }
                      },
                      "render": {
                        "type": "line"
                      },
                      "markers": {
                        "enabled": false
                      },
                      "stroke": {
                        "width": 2
                      }
                    }
                  ]
                }
              }
            ]
          },
          {
            "type": "ia.container.flex",
            "meta": {
              "name": "tile_GeoEvent"
            },
            "position": {
              "basis": "320px",
              "shrink": 0
            },
            "props": {
              "direction": "column",
              "style": {
                "backgroundColor": {
                  "binding": {
                    "type": "tag",
                    "config": {
                      "path": "[default]Health/GeoEvent/IsHealthy"
                    }
                  },
                  "transform": {
                    "type": "script",
                    "code": "return '#16a34a' if value else '#dc2626'"
                  }
                },
                "borderRadius": 10,
                "padding": 12
              }
            },
            "children": [
              {
                "type": "ia.display.label",
                "meta": {
                  "name": "Title"
                },
                "props": {
                  "text": "GeoEvent",
                  "style": {
                    "color": "white",
                    "fontSize": 16,
                    "fontWeight": "600"
                  }
                }
              },
              {
                "type": "ia.container.flex",
                "meta": {
                  "name": "Row"
                },
                "props": {
                  "gap": 12,
                  "wrap": "nowrap"
                },
                "children": [
                  {
                    "type": "ia.display.label",
                    "meta": {
                      "name": "State"
                    },
                    "props": {
                      "text": {
                        "binding": {
                          "type": "tag",
                          "config": {
                            "path": "[default]Health/GeoEvent/IsHealthy"
                          }
                        }
                      },
                      "style": {
                        "color": "white",
                        "fontSize": 14
                      }
                    },
                    "propConfig": {
                      "props.text": {
                        "transform": {
                          "type": "script",
                          "code": "return 'OK' if value else 'DOWN'"
                        }
                      }
                    }
                  },
                  {
                    "type": "ia.display.label",
                    "meta": {
                      "name": "Latency"
                    },
                    "props": {
                      "text": {
                        "binding": {
                          "type": "tag",
                          "config": {
                            "path": "[default]Health/GeoEvent/LatencyMs"
                          }
                        }
                      },
                      "style": {
                        "color": "white",
                        "fontSize": 14
                      }
                    },
                    "propConfig": {
                      "props.text": {
                        "transform": {
                          "type": "script",
                          "code": "return '{} ms'.format(int(value or 0))"
                        }
                      }
                    }
                  },
                  {
                    "type": "ia.display.label",
                    "meta": {
                      "name": "LastCheck"
                    },
                    "props": {
                      "text": {
                        "binding": {
                          "type": "tag",
                          "config": {
                            "path": "[default]Health/GeoEvent/LastCheck"
                          }
                        }
                      },
                      "style": {
                        "color": "white",
                        "fontSize": 14
                      }
                    },
                    "propConfig": {
                      "props.text": {
                        "transform": {
                          "type": "script",
                          "code": "return system.date.format(value, 'MM/dd HH:mm:ss') if value else ''"
                        }
                      }
                    }
                  }
                ]
              },
              {
                "type": "ia.display.label",
                "meta": {
                  "name": "Message"
                },
                "props": {
                  "text": {
                    "binding": {
                      "type": "tag",
                      "config": {
                        "path": "[default]Health/GeoEvent/Message"
                      }
                    }
                  },
                  "style": {
                    "color": "white",
                    "fontSize": 12,
                    "opacity": 0.9
                  }
                }
              },
              {
                "type": "ia.chart.xyChart",
                "meta": {
                  "name": "LatencySpark"
                },
                "position": {
                  "basis": "110px"
                },
                "props": {
                  "style": {
                    "height": 100,
                    "background": "transparent"
                  },
                  "legend": {
                    "enabled": false
                  },
                  "axes": [
                    {
                      "name": "t",
                      "position": "bottom",
                      "label": {
                        "enabled": false
                      },
                      "tick": {
                        "enabled": false
                      }
                    },
                    {
                      "name": "y",
                      "position": "left",
                      "label": {
                        "enabled": false
                      },
                      "tick": {
                        "enabled": false
                      },
                      "minimum": 0
                    }
                  ],
                  "series": [
                    {
                      "name": "Latency",
                      "xAxis": "t",
                      "yAxis": "y",
                      "data": {
                        "binding": {
                          "type": "tagHistory",
                          "config": {
                            "paths": [
                              {
                                "path": "[default]Health/GeoEvent/LatencyMs"
                              }
                            ],
                            "aggregationMode": "Average",
                            "interval": "1 minute",
                            "returnSize": 120,
                            "returnFormat": "table"
                          },
                          "transform": {
                            "type": "script",
                            "code": "out=[]\nif value and 'value' in value and 'timestamp' in value:\n  for i in range(len(value['value'])):\n    out.append({'t': value['timestamp'][i], 'y': float(value['value'][i] or 0)})\nreturn out"
                          }
                        }
                      },
                      "render": {
                        "type": "line"
                      },
                      "markers": {
                        "enabled": false
                      },
                      "stroke": {
                        "width": 2
                      }
                    }
                  ]
                }
              }
            ]
          },
          {
            "type": "ia.container.flex",
            "meta": {
              "name": "tile_Azure_Function"
            },
            "position": {
              "basis": "320px",
              "shrink": 0
            },
            "props": {
              "direction": "column",
              "style": {
                "backgroundColor": {
                  "binding": {
                    "type": "tag",
                    "config": {
                      "path": "[default]Health/Azure_Function/IsHealthy"
                    }
                  },
                  "transform": {
                    "type": "script",
                    "code": "return '#16a34a' if value else '#dc2626'"
                  }
                },
                "borderRadius": 10,
                "padding": 12
              }
            },
            "children": [
              {
                "type": "ia.display.label",
                "meta": {
                  "name": "Title"
                },
                "props": {
                  "text": "Azure Function",
                  "style": {
                    "color": "white",
                    "fontSize": 16,
                    "fontWeight": "600"
                  }
                }
              },
              {
                "type": "ia.container.flex",
                "meta": {
                  "name": "Row"
                },
                "props": {
                  "gap": 12,
                  "wrap": "nowrap"
                },
                "children": [
                  {
                    "type": "ia.display.label",
                    "meta": {
                      "name": "State"
                    },
                    "props": {
                      "text": {
                        "binding": {
                          "type": "tag",
                          "config": {
                            "path": "[default]Health/Azure_Function/IsHealthy"
                          }
                        }
                      },
                      "style": {
                        "color": "white",
                        "fontSize": 14
                      }
                    },
                    "propConfig": {
                      "props.text": {
                        "transform": {
                          "type": "script",
                          "code": "return 'OK' if value else 'DOWN'"
                        }
                      }
                    }
                  },
                  {
                    "type": "ia.display.label",
                    "meta": {
                      "name": "Latency"
                    },
                    "props": {
                      "text": {
                        "binding": {
                          "type": "tag",
                          "config": {
                            "path": "[default]Health/Azure_Function/LatencyMs"
                          }
                        }
                      },
                      "style": {
                        "color": "white",
                        "fontSize": 14
                      }
                    },
                    "propConfig": {
                      "props.text": {
                        "transform": {
                          "type": "script",
                          "code": "return '{} ms'.format(int(value or 0))"
                        }
                      }
                    }
                  },
                  {
                    "type": "ia.display.label",
                    "meta": {
                      "name": "LastCheck"
                    },
                    "props": {
                      "text": {
                        "binding": {
                          "type": "tag",
                          "config": {
                            "path": "[default]Health/Azure_Function/LastCheck"
                          }
                        }
                      },
                      "style": {
                        "color": "white",
                        "fontSize": 14
                      }
                    },
                    "propConfig": {
                      "props.text": {
                        "transform": {
                          "type": "script",
                          "code": "return system.date.format(value, 'MM/dd HH:mm:ss') if value else ''"
                        }
                      }
                    }
                  }
                ]
              },
              {
                "type": "ia.display.label",
                "meta": {
                  "name": "Message"
                },
                "props": {
                  "text": {
                    "binding": {
                      "type": "tag",
                      "config": {
                        "path": "[default]Health/Azure_Function/Message"
                      }
                    }
                  },
                  "style": {
                    "color": "white",
                    "fontSize": 12,
                    "opacity": 0.9
                  }
                }
              },
              {
                "type": "ia.chart.xyChart",
                "meta": {
                  "name": "LatencySpark"
                },
                "position": {
                  "basis": "110px"
                },
                "props": {
                  "style": {
                    "height": 100,
                    "background": "transparent"
                  },
                  "legend": {
                    "enabled": false
                  },
                  "axes": [
                    {
                      "name": "t",
                      "position": "bottom",
                      "label": {
                        "enabled": false
                      },
                      "tick": {
                        "enabled": false
                      }
                    },
                    {
                      "name": "y",
                      "position": "left",
                      "label": {
                        "enabled": false
                      },
                      "tick": {
                        "enabled": false
                      },
                      "minimum": 0
                    }
                  ],
                  "series": [
                    {
                      "name": "Latency",
                      "xAxis": "t",
                      "yAxis": "y",
                      "data": {
                        "binding": {
                          "type": "tagHistory",
                          "config": {
                            "paths": [
                              {
                                "path": "[default]Health/Azure_Function/LatencyMs"
                              }
                            ],
                            "aggregationMode": "Average",
                            "interval": "1 minute",
                            "returnSize": 120,
                            "returnFormat": "table"
                          },
                          "transform": {
                            "type": "script",
                            "code": "out=[]\nif value and 'value' in value and 'timestamp' in value:\n  for i in range(len(value['value'])):\n    out.append({'t': value['timestamp'][i], 'y': float(value['value'][i] or 0)})\nreturn out"
                          }
                        }
                      },
                      "render": {
                        "type": "line"
                      },
                      "markers": {
                        "enabled": false
                      },
                      "stroke": {
                        "width": 2
                      }
                    }
                  ]
                }
              }
            ]
          }
        ]
      },
      {
        "type": "ia.alarm-status-table",
        "meta": {
          "name": "AlarmStatus"
        },
        "props": {
          "style": {
            "marginTop": 16,
            "background": "#0b1220",
            "borderRadius": 10
          },
          "display": {
            "selection": "unacknowledgedActiveCleared",
            "priorityFilter": {
              "crit": true,
              "high": true,
              "med": true,
              "low": true,
              "diag": false
            }
          },
          "filters": {
            "sort": {
              "sortOrder": "desc",
              "sortKey": "eventTime"
            },
            "source": {
              "value": "/Health/"
            },
            "searchText": "ConnDown"
          }
        }
      }
    ]
  }
}