{
  "custom": {},
  "params": {},
  "props": {
    "defaultSize": {
      "height": 1433,
      "width": 1472
    },
    "text": "(Status: Connected)"
  },
  "root": {
    "children": [
      {
        "children": [
          {
            "meta": {
              "name": "MQTTConnection"
            },
            "propConfig": {
              "props.params.appID": {
                "binding": {
                  "config": {
                    "path": "/root.custom.connectionID"
                  },
                  "type": "property"
                }
              },
              "props.params.path": {
                "binding": {
                  "config": {
                    "path": "/root.custom.path"
                  },
                  "type": "property"
                }
              }
            },
            "props": {
              "path": "Connections/components/mqttConnection"
            },
            "type": "ia.display.view"
          },
          {
            "meta": {
              "name": "LNSConnection"
            },
            "position": {
              "tabIndex": 1
            },
            "propConfig": {
              "props.params.appID": {
                "binding": {
                  "config": {
                    "path": "/root.custom.connectionID"
                  },
                  "type": "property"
                }
              }
            },
            "props": {
              "path": "Connections/components/joinConnection"
            },
            "type": "ia.display.view"
          }
        ],
        "meta": {
          "name": "TabContainer"
        },
        "position": {
          "breakpoints": [
            {
              "colIndex": 0,
              "name": "sm",
              "order": 1,
              "rowIndex": 2,
              "span": 12
            },
            {
              "colIndex": 1,
              "name": "md",
              "order": 1,
              "rowIndex": 2,
              "span": 10
            },
            {
              "colIndex": 1,
              "name": "lg",
              "order": 1,
              "rowIndex": 2,
              "span": 10
            }
          ],
          "height": "auto"
        },
        "propConfig": {
          "props.currentTabIndex": {
            "binding": {
              "config": {
                "path": "parent.custom.tab"
              },
              "type": "property"
            }
          }
        },
        "props": {
          "contentStyle": {
            "backgroundColor": "#FFFFFF"
          },
          "menuStyle": {
            "backgroundColor": "#FFFFFF"
          },
          "menuType": "modern",
          "style": {
            "marginTop": 0
          },
          "tabs": [
            "MQTT",
            "NWS"
          ]
        },
        "type": "ia.container.tab"
      },
      {
        "children": [
          {
            "meta": {
              "name": "Label"
            },
            "position": {
              "grow": 1
            },
            "props": {
              "alignVertical": "top",
              "text": "Connections",
              "textStyle": {
                "color": "#0d5c63",
                "fontFamily": "Helvetica",
                "fontSize": "XX-Large",
                "fontWeight": "bold"
              }
            },
            "type": "ia.display.label"
          },
          {
            "events": {
              "dom": {
                "onClick": {
                  "config": {
                    "script": "\tdocsURL \u003d \"https://sitesyncdevs.github.io/lorawan-module/network-server/#{0}\"\n\ttab \u003d \"\"\n\tif self.view.getChild(\"root\").custom.selectedNWS \u003d\u003d \"CHIRPSTACK\":\n\t\ttab \u003d \"chirpstack\"\n\telif self.view.getChild(\"root\").custom.selectedNWS \u003d\u003d \"THINGPARK\":\n\t\ttab \u003d \"thingpark\"\n\telif self.view.getChild(\"root\").custom.selectedNWS \u003d\u003d \"TTN\":\n\t\ttab \u003d \"the-things-network\"\n\telif self.view.getChild(\"root\").custom.selectedNWS \u003d\u003d \"MULTITECH-CONDUIT\":\n\t\ttab \u003d \"multitech-conduit\"\n\telif self.view.getChild(\"root\").custom.selectedNWS \u003d\u003d \"LORIOT\":\n\t\ttab \u003d \"loriot\"\n\t\t\n\tsystem.perspective.navigate( url \u003d docsURL.format(tab), newTab\u003dTrue)"
                  },
                  "scope": "G",
                  "type": "script"
                }
              }
            },
            "meta": {
              "name": "Icon",
              "tooltip": {
                "enabled": true,
                "text": "Settings to connect to LoRaWAN network server to sync devices, and MQTT broker to consume data. Click for more info."
              }
            },
            "position": {
              "basis": "30px"
            },
            "props": {
              "path": "material/info"
            },
            "type": "ia.display.icon"
          }
        ],
        "meta": {
          "name": "about"
        },
        "position": {
          "breakpoints": [
            {
              "colIndex": 2,
              "name": "sm",
              "order": 1,
              "rowIndex": 0,
              "span": 12
            },
            {
              "colIndex": 2,
              "name": "md",
              "order": 1,
              "rowIndex": 0,
              "span": 12
            },
            {
              "colIndex": 2,
              "name": "lg",
              "order": 0,
              "rowIndex": 0,
              "span": 12
            }
          ],
          "height": "auto"
        },
        "type": "ia.container.flex"
      }
    ],
    "custom": {
      "selectedNWS": "THINGPARK",
      "tab": 0
    },
    "meta": {
      "name": "root"
    },
    "propConfig": {
      "custom.connectionID": {
        "binding": {
          "config": {
            "path": "session.custom.tenantID"
          },
          "type": "property"
        }
      },
      "custom.path": {
        "binding": {
          "config": {
            "path": "this.custom.connectionID"
          },
          "transforms": [
            {
              "code": "\treturn \"[SiteSync]SiteSyncConnections/{0}\".format(value)",
              "type": "script"
            }
          ],
          "type": "property"
        }
      }
    },
    "props": {
      "breakpoints": [
        {
          "minWidth": 100,
          "name": "sm"
        },
        {
          "minWidth": 720,
          "name": "md"
        },
        {
          "minWidth": 1100,
          "name": "lg"
        }
      ],
      "gutters": {
        "horizontal": 0,
        "vertical": 0
      },
      "style": {
        "backgroundColor": "#FFFFFF",
        "classes": "pageFormat/rootPadding"
      }
    },
    "scripts": {
      "customMethods": [],
      "extensionFunctions": null,
      "messageHandlers": [
        {
          "messageType": "NWSType",
          "pageScope": true,
          "script": "\t# implement your handler here\n\tself.custom.selectedNWS \u003d payload[\u0027NWS\u0027]",
          "sessionScope": false,
          "viewScope": false
        }
      ]
    },
    "type": "ia.container.column"
  }
}