{
  "custom": {
    "mqttSettings": {
      "active": "",
      "brokerAddress": "lab.sitesync.cloud",
      "brokerPort": "1883",
      "connectionName": "MQTT Connection",
      "connectionProtocol": "tcp://",
      "id": 1,
      "mqttTopics": [],
      "password": "lab-mqtt-password",
      "qos": 0,
      "tenantID": 1,
      "useAuthentication": true,
      "useTls": false,
      "userName": "lab"
    },
    "setTopic": null,
    "topic": "application/+/device/+/event/up"
  },
  "params": {
    "appID": 1,
    "path": "[SiteSync]SiteSyncConnections/1"
  },
  "propConfig": {
    "custom.mqttSettings": {
      "binding": {
        "config": {
          "path": "view.params.appID"
        },
        "transforms": [
          {
            "code": "\tmqtt \u003d connections.mqtt.getMqttSettings(int(value))\n\tif mqtt !\u003d None:\n\t\treturn mqtt\n\telse:\n\t\tdefaultSettings \u003d {\u0027brokerPort\u0027: \u00271883\u0027, u\u0027userName\u0027: \u0027\u0027, \u0027brokerAddress\u0027: \u0027\u0027, \u0027password\u0027: \u0027\u0027, \u0027qos\u0027: 0, \u0027connectionProtocol\u0027: \u0027tcp://\u0027, \u0027mqttTopics\u0027: [], \u0027useAuthentication\u0027: False, \u0027tenantID\u0027: self.session.custom.tenantID, \u0027id\u0027: int(value), \u0027connectionName\u0027: \u0027MQTT Connection\u0027, \u0027useTls\u0027: False}\n\t\treturn defaultSettings",
            "type": "script"
          }
        ],
        "type": "property"
      },
      "persistent": true
    },
    "custom.setTopic": {
      "binding": {
        "config": {
          "path": "view.custom.mqttSettings.mqttTopics"
        },
        "transforms": [
          {
            "code": "\tself.custom.topic \u003d connections.mqtt.getMqttTopics(self.custom.mqttSettings.id)",
            "type": "script"
          }
        ],
        "type": "property"
      },
      "persistent": true
    },
    "custom.topic": {
      "persistent": true
    },
    "params.appID": {
      "paramDirection": "input",
      "persistent": true
    },
    "params.path": {
      "paramDirection": "input",
      "persistent": true
    }
  },
  "props": {
    "defaultSize": {
      "height": 684
    },
    "text": "(Status: Connected)"
  },
  "root": {
    "children": [
      {
        "children": [
          {
            "children": [
              {
                "children": [
                  {
                    "meta": {
                      "name": "Label_Header_networkServer"
                    },
                    "position": {
                      "grow": 1,
                      "shrink": 0
                    },
                    "props": {
                      "style": {
                        "classes": "labels/dark-green-header"
                      },
                      "text": "MQTT Settings"
                    },
                    "type": "ia.display.label"
                  }
                ],
                "meta": {
                  "name": "FlexContainer"
                },
                "position": {
                  "grow": 1,
                  "shrink": 0
                },
                "props": {
                  "alignItems": "flex-start"
                },
                "type": "ia.container.flex"
              },
              {
                "meta": {
                  "name": "Label"
                },
                "position": {
                  "grow": 1,
                  "shrink": 0
                },
                "propConfig": {
                  "props.style.color": {
                    "binding": {
                      "config": {
                        "fallbackDelay": 2.5,
                        "mode": "indirect",
                        "references": {
                          "path": "{view.params.path}"
                        },
                        "tagPath": "{path}/connectionStatus"
                      },
                      "transforms": [
                        {
                          "code": "\tif value \u003d\u003d True:\n\t\treturn \"#5C9996\"\n\telse:\n\t\treturn \"#DE5B40\"",
                          "type": "script"
                        }
                      ],
                      "type": "tag"
                    },
                    "persistent": true
                  },
                  "props.text": {
                    "binding": {
                      "config": {
                        "fallbackDelay": 2.5,
                        "mode": "indirect",
                        "references": {
                          "path": "{view.params.path}"
                        },
                        "tagPath": "{path}/connectionMessage"
                      },
                      "transforms": [
                        {
                          "code": "\n\tif value \u003d\u003d None:\n\t\treturn \"Connection status not found\"\n\telse:\n\t\treturn value",
                          "type": "script"
                        }
                      ],
                      "type": "tag"
                    },
                    "persistent": true
                  }
                },
                "props": {
                  "style": {
                    "color": "#5C9996",
                    "fontSize": 15,
                    "fontWeight": "bolder"
                  },
                  "text": "Connected: true"
                },
                "type": "ia.display.label"
              }
            ],
            "meta": {
              "name": "mqttStatus"
            },
            "position": {
              "shrink": 0
            },
            "props": {
              "direction": "column",
              "justify": "space-between",
              "wrap": "wrap"
            },
            "type": "ia.container.flex"
          },
          {
            "meta": {
              "name": "Label_connectionName"
            },
            "position": {
              "basis": "40px"
            },
            "props": {
              "style": {
                "classes": "labels/bold-label"
              },
              "text": "Connection Name"
            },
            "type": "ia.display.label"
          },
          {
            "meta": {
              "name": "TextField_connectionName"
            },
            "position": {
              "basis": "40px"
            },
            "propConfig": {
              "props.text": {
                "binding": {
                  "config": {
                    "bidirectional": true,
                    "path": "view.custom.mqttSettings.connectionName"
                  },
                  "type": "property"
                }
              }
            },
            "props": {
              "style": {
                "backgroundColor": "#FFFFFF",
                "borderColor": "#AAAAAA"
              }
            },
            "type": "ia.input.text-field"
          },
          {
            "children": [
              {
                "meta": {
                  "name": "Label_ipAddress_0"
                },
                "position": {
                  "shrink": 0
                },
                "props": {
                  "style": {
                    "classes": "labels/bold-label"
                  },
                  "text": "Protocol"
                },
                "type": "ia.display.label"
              },
              {
                "meta": {
                  "name": "Checkbox_mqttAuthentication_0"
                },
                "propConfig": {
                  "props.selected": {
                    "binding": {
                      "config": {
                        "bidirectional": true,
                        "path": "view.custom.mqttSettings.useTls"
                      },
                      "type": "property"
                    },
                    "persistent": true
                  }
                },
                "props": {
                  "checkedIcon": {
                    "color": {
                      "disabled": "#5c9996",
                      "enabled": "#5c9996"
                    }
                  },
                  "indeterminateIcon": {
                    "color": {
                      "disabled": "#5c9996",
                      "enabled": "#5c9996"
                    }
                  },
                  "style": {
                    "alignItems": "center"
                  },
                  "text": "TLS Hostname Verification"
                },
                "type": "ia.input.checkbox"
              }
            ],
            "meta": {
              "name": "FlexContainer"
            },
            "position": {
              "basis": "40px"
            },
            "props": {
              "style": {
                "marginTop": 10
              }
            },
            "type": "ia.container.flex"
          },
          {
            "meta": {
              "name": "Dropdown"
            },
            "position": {
              "basis": "40px"
            },
            "propConfig": {
              "props.value": {
                "binding": {
                  "config": {
                    "bidirectional": true,
                    "path": "view.custom.mqttSettings.connectionProtocol"
                  },
                  "type": "property"
                }
              }
            },
            "props": {
              "options": [
                {
                  "label": "tcp://",
                  "value": "tcp://"
                },
                {
                  "label": "ssl://",
                  "value": "ssl://"
                }
              ],
              "placeholder": {
                "text": "--SELECT PROTOCOL--"
              }
            },
            "type": "ia.input.dropdown"
          },
          {
            "meta": {
              "name": "Label_ipAddress",
              "tooltip": {
                "enabled": true,
                "text": "url or IP of mqtt broker, like chariot-server:8883"
              }
            },
            "position": {
              "shrink": 0
            },
            "props": {
              "style": {
                "classes": "labels/bold-label",
                "marginTop": 10
              },
              "text": "Broker Address and Port"
            },
            "type": "ia.display.label"
          },
          {
            "children": [
              {
                "meta": {
                  "name": "TextField_ipAddress"
                },
                "position": {
                  "grow": 1,
                  "shrink": 0
                },
                "propConfig": {
                  "props.text": {
                    "binding": {
                      "config": {
                        "bidirectional": true,
                        "path": "view.custom.mqttSettings.brokerAddress"
                      },
                      "type": "property"
                    }
                  }
                },
                "props": {
                  "style": {
                    "backgroundColor": "#FFFFFF",
                    "borderColor": "#AAAAAA",
                    "marginRight": 5
                  }
                },
                "type": "ia.input.text-field"
              },
              {
                "meta": {
                  "name": "NumericEntryField"
                },
                "position": {
                  "grow": 1,
                  "shrink": 0
                },
                "propConfig": {
                  "props.value": {
                    "binding": {
                      "config": {
                        "bidirectional": true,
                        "path": "view.custom.mqttSettings.brokerPort"
                      },
                      "type": "property"
                    }
                  }
                },
                "props": {
                  "format": "none"
                },
                "type": "ia.input.numeric-entry-field"
              }
            ],
            "meta": {
              "name": "brokerDetails"
            },
            "position": {
              "basis": "40px",
              "shrink": 0
            },
            "type": "ia.container.flex"
          },
          {
            "meta": {
              "name": "Label_mqttTopic",
              "tooltip": {
                "enabled": true,
                "text": "MQTT Topic, refer to your Network Server\u0027s default output format"
              }
            },
            "position": {
              "basis": "40px"
            },
            "props": {
              "style": {
                "classes": "labels/bold-label",
                "marginTop": 10
              },
              "text": "MQTT Topic"
            },
            "type": "ia.display.label"
          },
          {
            "meta": {
              "name": "TextField_mqttTopic"
            },
            "position": {
              "basis": "40px"
            },
            "propConfig": {
              "props.text": {
                "binding": {
                  "config": {
                    "bidirectional": true,
                    "path": "view.custom.topic"
                  },
                  "type": "property"
                }
              }
            },
            "props": {
              "style": {
                "backgroundColor": "#FFFFFF",
                "borderColor": "#AAAAAA"
              }
            },
            "type": "ia.input.text-field"
          },
          {
            "meta": {
              "name": "Checkbox_mqttAuthentication"
            },
            "position": {
              "basis": "40px"
            },
            "propConfig": {
              "props.selected": {
                "binding": {
                  "config": {
                    "bidirectional": true,
                    "path": "view.custom.mqttSettings.useAuthentication"
                  },
                  "type": "property"
                }
              }
            },
            "props": {
              "checkedIcon": {
                "color": {
                  "disabled": "#5c9996",
                  "enabled": "#5c9996"
                }
              },
              "indeterminateIcon": {
                "color": {
                  "disabled": "#5c9996",
                  "enabled": "#5c9996"
                }
              },
              "style": {
                "alignItems": "center",
                "classes": "labels/bold-label",
                "marginTop": 10
              },
              "text": "MQTT Require Authentication"
            },
            "type": "ia.input.checkbox"
          },
          {
            "children": [
              {
                "meta": {
                  "name": "Label_mqttUsername"
                },
                "position": {
                  "grow": 1
                },
                "props": {
                  "style": {
                    "classes": "labels/bold-label",
                    "marginTop": 10
                  },
                  "text": "MQTT Username"
                },
                "type": "ia.display.label"
              },
              {
                "meta": {
                  "name": "TextField_mqttUsername"
                },
                "position": {
                  "basis": "40px"
                },
                "propConfig": {
                  "props.text": {
                    "binding": {
                      "config": {
                        "bidirectional": true,
                        "path": "view.custom.mqttSettings.userName"
                      },
                      "type": "property"
                    }
                  }
                },
                "props": {
                  "style": {
                    "backgroundColor": "#FFFFFF",
                    "borderColor": "#AAAAAA"
                  }
                },
                "type": "ia.input.text-field"
              },
              {
                "children": [
                  {
                    "meta": {
                      "name": "Label_mqttPassword"
                    },
                    "position": {
                      "shrink": 0
                    },
                    "props": {
                      "style": {
                        "classes": "labels/bold-label"
                      },
                      "text": "MQTT Password"
                    },
                    "type": "ia.display.label"
                  }
                ],
                "meta": {
                  "name": "FlexContainer_0"
                },
                "position": {
                  "basis": "40px"
                },
                "props": {
                  "style": {
                    "marginTop": 10
                  }
                },
                "type": "ia.container.flex"
              },
              {
                "events": {
                  "system": {
                    "onStartup": {
                      "config": {
                        "script": "\tself.props.text \u003d \"\""
                      },
                      "scope": "G",
                      "type": "script"
                    }
                  }
                },
                "meta": {
                  "name": "PasswordField_mqttPassword"
                },
                "position": {
                  "basis": "40px"
                },
                "propConfig": {
                  "props.text": {
                    "binding": {
                      "config": {
                        "bidirectional": true,
                        "path": "view.custom.mqttSettings.password"
                      },
                      "type": "property"
                    }
                  }
                },
                "type": "ia.input.password-field"
              }
            ],
            "meta": {
              "name": "mqttAuth"
            },
            "position": {
              "basis": "154px"
            },
            "propConfig": {
              "position.display": {
                "binding": {
                  "config": {
                    "path": "../Checkbox_mqttAuthentication.props.selected"
                  },
                  "type": "property"
                }
              }
            },
            "props": {
              "direction": "column"
            },
            "type": "ia.container.flex"
          },
          {
            "children": [
              {
                "events": {
                  "dom": {
                    "onClick": {
                      "config": {
                        "script": "\ttry:\n\t\t#self.props.enabled \u003d False\n\t\tutils.messages.waiting.showLoading()\n\t\ttry:\n\t\t\tsaveResults \u003d connections.mqtt.saveMqttSettings(self.view.custom.mqttSettings.brokerAddress,self.view.custom.mqttSettings.userName , self.view.custom.mqttSettings.password,\n\t\t\tself.view.params.appID, self.view.custom.mqttSettings.connectionName, self.view.custom.mqttSettings.useTls,self.view.custom.mqttSettings.connectionProtocol, self.view.custom.mqttSettings.id, \n\t\t\tstr(self.view.custom.mqttSettings.brokerPort), self.view.custom.mqttSettings.useAuthentication)\n\t\t\tsystem.perspective.print(saveResults)\n\t\t\t\n\t\t\tif utils.resultParser.isResultSuccess(saveResults):\n\t\t\t\ttopicSave \u003d connections.mqtt.saveMqttTopics(self.view.custom.topic,self.view.custom.mqttSettings.id)\n\t\t\n\t\t\t\t\n\t\t\t\tstarted \u003d connections.mqtt.startMQTTConnection(int(self.view.params.appID))\n\t\t\t\tutils.messages.waiting.hideLoading()\n\t\t\t\tutils.messages.success.showSuccess(utils.resultParser.getResultMessage(started))\n\t\t\t\tsystem.perspective.print(started)\n\t\t\telse:\n\t\t\t\tutils.messages.waiting.hideLoading()\n\t\t\t\tutils.messages.errors.showErrorMessage(utils.resultParser.getResultMessage(saveResults))\n\t\t\tself.props.enabled \u003d True\n\t\texcept Exception as e:\n\t\t\tsystem.perspective.print(\"Error saving settings: \" + str(e))\n\t\t\tutils.messages.waiting.hideLoading()\n\t\t\tutils.messages.errors.showErrorMessage(\"Error saving settings: \" + str(e))\n\t\t\t\n\t\tself.props.enabled \u003d True\n\texcept Exception as e:\n\t\tsystem.perspective.print(\"Error saving settings: \" + str(e))"
                      },
                      "scope": "G",
                      "type": "script"
                    }
                  }
                },
                "meta": {
                  "name": "connect"
                },
                "position": {
                  "basis": "296px"
                },
                "props": {
                  "image": {
                    "style": {
                      "fontSize": 16
                    }
                  },
                  "style": {
                    "fontSize": 16
                  },
                  "text": "Connect"
                },
                "type": "ia.input.button"
              },
              {
                "events": {
                  "dom": {
                    "onClick": {
                      "config": {
                        "script": "\tself.props.enabled \u003d False\n\tutils.messages.waiting.showLoading()\n\ttry:\n\t\tsaveResults \u003d connections.mqtt.stopMQTTConnection(int(self.view.params.appID))\n\t\t\n\t\tsystem.perspective.print(saveResults)\n\t\tutils.messages.waiting.hideLoading()\n\t\t\n\texcept Exception as e:\n\t\tsystem.perspective.print(\"Error stopping broker: \" + str(e))\n\t\t\n\t\tutils.messages.waiting.hideLoading()\n\tself.props.enabled \u003d True"
                      },
                      "scope": "G",
                      "type": "script"
                    }
                  }
                },
                "meta": {
                  "name": "Disconnect"
                },
                "position": {
                  "basis": "296px"
                },
                "props": {
                  "style": {
                    "backgroundColor": "#da6240",
                    "fontSize": 16
                  },
                  "text": "Disconnect"
                },
                "type": "ia.input.button"
              }
            ],
            "meta": {
              "name": "buttons"
            },
            "position": {
              "basis": "40px"
            },
            "props": {
              "justify": "space-around",
              "style": {
                "marginTop": 20
              }
            },
            "type": "ia.container.flex"
          }
        ],
        "meta": {
          "name": "brokerSettings"
        },
        "position": {
          "breakpoints": [
            {
              "colIndex": 0,
              "name": "sm",
              "order": 1,
              "rowIndex": 0,
              "span": 12
            },
            {
              "colIndex": 0,
              "name": "md",
              "order": 1,
              "rowIndex": 0,
              "span": 12
            },
            {
              "colIndex": 0,
              "name": "lg",
              "order": 1,
              "rowIndex": 0,
              "span": 12
            }
          ],
          "height": 666
        },
        "props": {
          "direction": "column",
          "justify": "space-evenly",
          "style": {
            "marginBottom": 10,
            "marginLeft": 10,
            "marginRight": 10,
            "marginTop": 10
          }
        },
        "type": "ia.container.flex"
      }
    ],
    "meta": {
      "name": "root"
    },
    "props": {
      "breakpoints": [
        {
          "minWidth": 100,
          "name": "sm"
        },
        {
          "minWidth": 400,
          "name": "md"
        },
        {
          "minWidth": 800,
          "name": "lg"
        }
      ],
      "gutters": {
        "horizontal": 0,
        "vertical": 0
      },
      "style": {
        "backgroundColor": "#FFFFFF"
      }
    },
    "type": "ia.container.column"
  }
}