{
  "custom": {
    "models": [
      {
        "LoRa_Version": "1.0.3",
        "channel": "2",
        "check_in_interval": 0,
        "decoder": null,
        "decoderID": 1,
        "device_class": "A",
        "device_type": "Pressure",
        "external_device_profile_id": "",
        "firmware_version": "v1",
        "hardware_version": "v1",
        "id": 1,
        "isStateful": 0,
        "loRaRevision": "",
        "loRaWANSpecs": null,
        "manufacturer": "TESolutions",
        "model_name": "TE-Pressure",
        "regional": "US915",
        "regionalParameters": "PHY_V1_0",
        "tenantID": 1,
        "udt": null,
        "udtID": 1
      },
      {
        "LoRa_Version": "1.0.3",
        "channel": "2",
        "check_in_interval": 0,
        "decoder": null,
        "decoderID": 91,
        "device_class": "A",
        "device_type": "Vibration",
        "external_device_profile_id": "",
        "firmware_version": "v1",
        "hardware_version": "v1",
        "id": 2,
        "isStateful": 0,
        "loRaRevision": "",
        "loRaWANSpecs": null,
        "manufacturer": "TESolutions",
        "model_name": "TE-Vibration",
        "regional": "US915",
        "regionalParameters": "PHY_V1_0",
        "tenantID": 1,
        "udt": null,
        "udtID": 92
      },
      {
        "LoRa_Version": "1.0.3",
        "channel": "2",
        "check_in_interval": 0,
        "decoder": null,
        "decoderID": 6,
        "device_class": "A",
        "device_type": "PRESSURE",
        "external_device_profile_id": "",
        "firmware_version": "v3",
        "hardware_version": "v1",
        "id": 3,
        "isStateful": 0,
        "loRaRevision": "",
        "loRaWANSpecs": null,
        "manufacturer": "TWTG",
        "model_name": "TWTGPressure ",
        "regional": "US915",
        "regionalParameters": "PHY_V1_0",
        "tenantID": 1,
        "udt": null,
        "udtID": 6
      },
      {
        "LoRa_Version": "1.0.3",
        "channel": "2",
        "check_in_interval": 0,
        "decoder": null,
        "decoderID": 7,
        "device_class": "A",
        "device_type": "VIBRATION",
        "external_device_profile_id": "twtg_eon-vb_RFGroup2_RP2-1.0.4_A",
        "firmware_version": "v3",
        "hardware_version": "v1",
        "id": 4,
        "isStateful": 0,
        "loRaRevision": "",
        "loRaWANSpecs": null,
        "manufacturer": "TWTG",
        "model_name": "TWTG-Vibration",
        "regional": "US915",
        "regionalParameters": "PHY_V1_0",
        "tenantID": 1,
        "udt": null,
        "udtID": 7
      },
      {
        "LoRa_Version": "1.0.3",
        "channel": "2",
        "check_in_interval": 0,
        "decoder": null,
        "decoderID": 8,
        "device_class": "A",
        "device_type": "TEMPERATURE",
        "external_device_profile_id": "twtg_eon-tt_2_RFGroup2_RP2-1.0.4_A",
        "firmware_version": "v4",
        "hardware_version": "v1",
        "id": 5,
        "isStateful": 0,
        "loRaRevision": "",
        "loRaWANSpecs": null,
        "manufacturer": "TWTG",
        "model_name": "TWTG-Temperature-Transmitter",
        "regional": "US915",
        "regionalParameters": "PHY_V1_0",
        "tenantID": 1,
        "udt": null,
        "udtID": 44
      },
      {
        "LoRa_Version": "1.0.3",
        "channel": "2",
        "check_in_interval": 0,
        "decoder": null,
        "decoderID": 3,
        "device_class": "A",
        "device_type": "TEMPERATURE",
        "external_device_profile_id": "DRAG/LHT65A.1.0.3a_FCC",
        "firmware_version": "v1",
        "hardware_version": "v1",
        "id": 6,
        "isStateful": 0,
        "loRaRevision": "",
        "loRaWANSpecs": null,
        "manufacturer": "Dragino",
        "model_name": "Dragino-Temperature-Humidity-LHT65N",
        "regional": "US915",
        "regionalParameters": "PHY_V1_0",
        "tenantID": 1,
        "udt": null,
        "udtID": 3
      },
      {
        "LoRa_Version": "1.0.3",
        "channel": "2",
        "check_in_interval": 0,
        "decoder": null,
        "decoderID": 10,
        "device_class": "A",
        "device_type": "CURRENT",
        "external_device_profile_id": "vutility_hotdrop-d_RFGroup2_1.0.2b_A",
        "firmware_version": "v1",
        "hardware_version": "v1",
        "id": 7,
        "isStateful": 0,
        "loRaRevision": "",
        "loRaWANSpecs": null,
        "manufacturer": "Vutility",
        "model_name": "Vutility-HotDrop-Direct",
        "regional": "US915",
        "regionalParameters": "PHY_V1_0",
        "tenantID": 1,
        "udt": null,
        "udtID": 9
      },
      {
        "LoRa_Version": "1.0.3",
        "channel": "2",
        "check_in_interval": 0,
        "decoder": null,
        "decoderID": 0,
        "device_class": "A",
        "device_type": "CURRENT",
        "external_device_profile_id": "",
        "firmware_version": "v1",
        "hardware_version": "v1",
        "id": 8,
        "isStateful": 0,
        "loRaRevision": "",
        "loRaWANSpecs": null,
        "manufacturer": "Dragino",
        "model_name": "cs01-lb",
        "regional": "US915",
        "regionalParameters": "PHY_V1_0",
        "tenantID": 1,
        "udt": null,
        "udtID": 0
      },
      {
        "LoRa_Version": "1.0.3",
        "channel": "2",
        "check_in_interval": 0,
        "decoder": null,
        "decoderID": 5,
        "device_class": "A",
        "device_type": "PULSE",
        "external_device_profile_id": "",
        "firmware_version": "v1",
        "hardware_version": "v1",
        "id": 9,
        "isStateful": 0,
        "loRaRevision": "",
        "loRaWANSpecs": null,
        "manufacturer": "Dragino",
        "model_name": "Dragino-DryContact-CPL03-LB/LS",
        "regional": "US915",
        "regionalParameters": "PHY_V1_0",
        "tenantID": 1,
        "udt": null,
        "udtID": 5
      },
      {
        "LoRa_Version": "1.0.3",
        "channel": "2",
        "check_in_interval": 0,
        "decoder": null,
        "decoderID": 11,
        "device_class": "A",
        "device_type": "CURRENT",
        "external_device_profile_id": "",
        "firmware_version": "v1",
        "hardware_version": "v1",
        "id": 10,
        "isStateful": 0,
        "loRaRevision": "",
        "loRaWANSpecs": null,
        "manufacturer": "Vutility",
        "model_name": "Vutility-PulseDrop-Direct",
        "regional": "US915",
        "regionalParameters": "PHY_V1_0",
        "tenantID": 1,
        "udt": null,
        "udtID": 10
      },
      {
        "LoRa_Version": "1.0.3",
        "channel": "2",
        "check_in_interval": 0,
        "decoder": null,
        "decoderID": 12,
        "device_class": "A",
        "device_type": "VOLTAGE",
        "external_device_profile_id": "",
        "firmware_version": "v1",
        "hardware_version": "v1",
        "id": 11,
        "isStateful": 0,
        "loRaRevision": "",
        "loRaWANSpecs": null,
        "manufacturer": "Vutility",
        "model_name": "Vutility-VoltDrop-Direct",
        "regional": "US915",
        "regionalParameters": "PHY_V1_0",
        "tenantID": 1,
        "udt": null,
        "udtID": 59
      },
      {
        "LoRa_Version": "1.0.3",
        "channel": "2",
        "check_in_interval": 0,
        "decoder": null,
        "decoderID": 13,
        "device_class": "A",
        "device_type": "PRESSURE",
        "external_device_profile_id": "",
        "firmware_version": "v1",
        "hardware_version": "v1",
        "id": 12,
        "isStateful": 0,
        "loRaRevision": "",
        "loRaWANSpecs": null,
        "manufacturer": "Ellenex",
        "model_name": "PDS2-L - Differential Pressure",
        "regional": "US915",
        "regionalParameters": "PHY_V1_0",
        "tenantID": 1,
        "udt": null,
        "udtID": 11
      },
      {
        "LoRa_Version": "1.0.3",
        "channel": "2",
        "check_in_interval": 0,
        "decoder": null,
        "decoderID": 14,
        "device_class": "A",
        "device_type": "LEVEL",
        "external_device_profile_id": "",
        "firmware_version": "v1",
        "hardware_version": "v1",
        "id": 13,
        "isStateful": 0,
        "loRaRevision": "",
        "loRaWANSpecs": null,
        "manufacturer": "Tekelek",
        "model_name": "Tekelek-Ultrasonic-Level-TEK888",
        "regional": "US915",
        "regionalParameters": "PHY_V1_0",
        "tenantID": 1,
        "udt": null,
        "udtID": 12
      },
      {
        "LoRa_Version": "1.0.3",
        "channel": "2",
        "check_in_interval": 0,
        "decoder": null,
        "decoderID": 16,
        "device_class": "A",
        "device_type": "VOLTAGE",
        "external_device_profile_id": "",
        "firmware_version": "v1",
        "hardware_version": "v1",
        "id": 14,
        "isStateful": 0,
        "loRaRevision": "",
        "loRaWANSpecs": null,
        "manufacturer": "RadioBridge",
        "model_name": "RadioBridgeVoltage",
        "regional": "US915",
        "regionalParameters": "PHY_V1_0",
        "tenantID": 1,
        "udt": null,
        "udtID": 14
      },
      {
        "LoRa_Version": "1.0.3",
        "channel": "2",
        "check_in_interval": 0,
        "decoder": null,
        "decoderID": 16,
        "device_class": "A",
        "device_type": "VOLTAGE",
        "external_device_profile_id": "",
        "firmware_version": "v1",
        "hardware_version": "v1",
        "id": 15,
        "isStateful": 0,
        "loRaRevision": "",
        "loRaWANSpecs": null,
        "manufacturer": "RadioBridge",
        "model_name": "RadioBridgeMoisture",
        "regional": "US915",
        "regionalParameters": "PHY_V1_0",
        "tenantID": 1,
        "udt": null,
        "udtID": 15
      },
      {
        "LoRa_Version": "1.0.3",
        "channel": "2",
        "check_in_interval": 0,
        "decoder": null,
        "decoderID": 16,
        "device_class": "A",
        "device_type": "VOLTAGE",
        "external_device_profile_id": "",
        "firmware_version": "v1",
        "hardware_version": "v1",
        "id": 16,
        "isStateful": 0,
        "loRaRevision": "",
        "loRaWANSpecs": null,
        "manufacturer": "RadioBridge",
        "model_name": "RadioBridgeTemperature",
        "regional": "US915",
        "regionalParameters": "PHY_V1_0",
        "tenantID": 1,
        "udt": null,
        "udtID": 16
      },
      {
        "LoRa_Version": "1.0.3",
        "channel": "2",
        "check_in_interval": 0,
        "decoder": null,
        "decoderID": 16,
        "device_class": "A",
        "device_type": "ANAOLG",
        "external_device_profile_id": "",
        "firmware_version": "v1",
        "hardware_version": "v1",
        "id": 17,
        "isStateful": 0,
        "loRaRevision": "",
        "loRaWANSpecs": null,
        "manufacturer": "RadioBridge",
        "model_name": "RadioBridge4-20ma",
        "regional": "US915",
        "regionalParameters": "PHY_V1_0",
        "tenantID": 1,
        "udt": null,
        "udtID": 17
      },
      {
        "LoRa_Version": "1.0.3",
        "channel": "2",
        "check_in_interval": 0,
        "decoder": null,
        "decoderID": 16,
        "device_class": "A",
        "device_type": "VOLTAGE",
        "external_device_profile_id": "",
        "firmware_version": "v1",
        "hardware_version": "v1",
        "id": 18,
        "isStateful": 0,
        "loRaRevision": "",
        "loRaWANSpecs": null,
        "manufacturer": "RadioBridge",
        "model_name": "RadioBridgeAccelerometer",
        "regional": "US915",
        "regionalParameters": "PHY_V1_0",
        "tenantID": 1,
        "udt": null,
        "udtID": 18
      },
      {
        "LoRa_Version": "1.0.3",
        "channel": "2",
        "check_in_interval": 0,
        "decoder": null,
        "decoderID": 16,
        "device_class": "A",
        "device_type": "LEVEL",
        "external_device_profile_id": "",
        "firmware_version": "v1",
        "hardware_version": "v1",
        "id": 19,
        "isStateful": 0,
        "loRaRevision": "",
        "loRaWANSpecs": null,
        "manufacturer": "RadioBridge",
        "model_name": "RadioBridgeLevel",
        "regional": "US915",
        "regionalParameters": "PHY_V1_0",
        "tenantID": 1,
        "udt": null,
        "udtID": 19
      },
      {
        "LoRa_Version": "1.0.3",
        "channel": "2",
        "check_in_interval": 0,
        "decoder": null,
        "decoderID": 16,
        "device_class": "A",
        "device_type": "CONTACT",
        "external_device_profile_id": "",
        "firmware_version": "v1",
        "hardware_version": "v1",
        "id": 20,
        "isStateful": 0,
        "loRaRevision": "",
        "loRaWANSpecs": null,
        "manufacturer": "RadioBridge",
        "model_name": "RadioBridgeContactSensor",
        "regional": "US915",
        "regionalParameters": "PHY_V1_0",
        "tenantID": 1,
        "udt": null,
        "udtID": 20
      },
      {
        "LoRa_Version": "1.0.3",
        "channel": "2",
        "check_in_interval": 0,
        "decoder": null,
        "decoderID": 17,
        "device_class": "A",
        "device_type": "VIBATION",
        "external_device_profile_id": "",
        "firmware_version": "v1",
        "hardware_version": "v1",
        "id": 21,
        "isStateful": 0,
        "loRaRevision": "",
        "loRaWANSpecs": null,
        "manufacturer": "RadioBridge",
        "model_name": "RadioBridgeVibration",
        "regional": "US915",
        "regionalParameters": "PHY_V1_0",
        "tenantID": 1,
        "udt": null,
        "udtID": 21
      },
      {
        "LoRa_Version": "1.0.3",
        "channel": "2",
        "check_in_interval": 0,
        "decoder": null,
        "decoderID": 16,
        "device_class": "A",
        "device_type": "VOLTAGE",
        "external_device_profile_id": "",
        "firmware_version": "v1",
        "hardware_version": "v1",
        "id": 22,
        "isStateful": 0,
        "loRaRevision": "",
        "loRaWANSpecs": null,
        "manufacturer": "RadioBridge",
        "model_name": "RadioBridgeHumidity",
        "regional": "US915",
        "regionalParameters": "PHY_V1_0",
        "tenantID": 1,
        "udt": null,
        "udtID": 22
      },
      {
        "LoRa_Version": "1.0.3",
        "channel": "2",
        "check_in_interval": 0,
        "decoder": null,
        "decoderID": 18,
        "device_class": "A",
        "device_type": "LOCATION",
        "external_device_profile_id": "DIGI/OYTERA.1.0.3a_FCC",
        "firmware_version": "v1",
        "hardware_version": "v1",
        "id": 23,
        "isStateful": 0,
        "loRaRevision": "",
        "loRaWANSpecs": null,
        "manufacturer": "DigitalMatter",
        "model_name": "DigitalMatter-OysterTracker",
        "regional": "US915",
        "regionalParameters": "PHY_V1_0",
        "tenantID": 1,
        "udt": null,
        "udtID": 23
      },
      {
        "LoRa_Version": "1.0.3",
        "channel": "2",
        "check_in_interval": 0,
        "decoder": null,
        "decoderID": 19,
        "device_class": "A",
        "device_type": "LOCATION",
        "external_device_profile_id": "",
        "firmware_version": "v1",
        "hardware_version": "v1",
        "id": 24,
        "isStateful": 0,
        "loRaRevision": "",
        "loRaWANSpecs": null,
        "manufacturer": "AbeewayTracker",
        "model_name": "Abeeway-Tracker",
        "regional": "US915",
        "regionalParameters": "PHY_V1_0",
        "tenantID": 1,
        "udt": null,
        "udtID": 24
      },
      {
        "LoRa_Version": "1.0.3",
        "channel": "2",
        "check_in_interval": 0,
        "decoder": null,
        "decoderID": 28,
        "device_class": "A",
        "device_type": "VALVEPOSITION",
        "external_device_profile_id": "",
        "firmware_version": "v1",
        "hardware_version": "v1",
        "id": 25,
        "isStateful": 0,
        "loRaRevision": "",
        "loRaWANSpecs": null,
        "manufacturer": "Aloxy",
        "model_name": "Aloxy-ValvePosition",
        "regional": "US915",
        "regionalParameters": "PHY_V1_0",
        "tenantID": 1,
        "udt": null,
        "udtID": 33
      },
      {
        "LoRa_Version": "1.0.3",
        "channel": "2",
        "check_in_interval": 0,
        "decoder": null,
        "decoderID": 15,
        "device_class": "A",
        "device_type": "LEVEL",
        "external_device_profile_id": "",
        "firmware_version": "v1",
        "hardware_version": "v1",
        "id": 26,
        "isStateful": 0,
        "loRaRevision": "",
        "loRaWANSpecs": null,
        "manufacturer": "RIOTWireless",
        "model_name": "RIOT-Ultrasonic-Level",
        "regional": "US915",
        "regionalParameters": "PHY_V1_0",
        "tenantID": 1,
        "udt": null,
        "udtID": 13
      },
      {
        "LoRa_Version": "1.0.3",
        "channel": "2",
        "check_in_interval": 0,
        "decoder": null,
        "decoderID": 20,
        "device_class": "A",
        "device_type": "PRESSURE",
        "external_device_profile_id": "",
        "firmware_version": "v1",
        "hardware_version": "v1",
        "id": 27,
        "isStateful": 0,
        "loRaRevision": "",
        "loRaWANSpecs": null,
        "manufacturer": "Bourdon",
        "model_name": "Bourdon-PressureGauge",
        "regional": "US915",
        "regionalParameters": "PHY_V1_0",
        "tenantID": 1,
        "udt": null,
        "udtID": 25
      },
      {
        "LoRa_Version": "1.0.3",
        "channel": "2",
        "check_in_interval": 0,
        "decoder": null,
        "decoderID": 9,
        "device_class": "A",
        "device_type": "TEMPERATURE",
        "external_device_profile_id": "twtg_neon-ts_RFGroup2_1.0.2B_A",
        "firmware_version": "v4",
        "hardware_version": "v1",
        "id": 28,
        "isStateful": 0,
        "loRaRevision": "",
        "loRaWANSpecs": null,
        "manufacturer": "TWTG",
        "model_name": "TWTG-Temperature-Contact",
        "regional": "US915",
        "regionalParameters": "PHY_V1_0",
        "tenantID": 1,
        "udt": null,
        "udtID": 8
      },
      {
        "LoRa_Version": "1.0.3",
        "channel": "2",
        "check_in_interval": 0,
        "decoder": null,
        "decoderID": 21,
        "device_class": "A",
        "device_type": "CORROSION",
        "external_device_profile_id": "",
        "firmware_version": "v1",
        "hardware_version": "v1",
        "id": 29,
        "isStateful": 0,
        "loRaRevision": "",
        "loRaWANSpecs": null,
        "manufacturer": "Sensor Networks",
        "model_name": "SensorNetworks-MicroPims-TnT",
        "regional": "US915",
        "regionalParameters": "PHY_V1_0",
        "tenantID": 1,
        "udt": null,
        "udtID": 26
      },
      {
        "LoRa_Version": "1.0.3",
        "channel": "2",
        "check_in_interval": 0,
        "decoder": null,
        "decoderID": 27,
        "device_class": "A",
        "device_type": "TEMPERATURE",
        "external_device_profile_id": "",
        "firmware_version": "v1",
        "hardware_version": "v1",
        "id": 30,
        "isStateful": 0,
        "loRaRevision": "",
        "loRaWANSpecs": null,
        "manufacturer": "Orbiwise",
        "model_name": "Orbiwise-Sampols",
        "regional": "US915",
        "regionalParameters": "PHY_V1_0",
        "tenantID": 1,
        "udt": null,
        "udtID": 32
      },
      {
        "LoRa_Version": "1.0.3",
        "channel": "2",
        "check_in_interval": 0,
        "decoder": null,
        "decoderID": 96,
        "device_class": "A",
        "device_type": "TEMPERATURE",
        "external_device_profile_id": "",
        "firmware_version": "v1",
        "hardware_version": "v1",
        "id": 31,
        "isStateful": 0,
        "loRaRevision": "",
        "loRaWANSpecs": null,
        "manufacturer": "Sensia",
        "model_name": "Sensia-Temperature",
        "regional": "US915",
        "regionalParameters": "PHY_V1_0",
        "tenantID": 1,
        "udt": null,
        "udtID": 98
      },
      {
        "LoRa_Version": "1.0.3",
        "channel": "2",
        "check_in_interval": 0,
        "decoder": null,
        "decoderID": 23,
        "device_class": "A",
        "device_type": "LEVEL",
        "external_device_profile_id": "",
        "firmware_version": "v1",
        "hardware_version": "v1",
        "id": 32,
        "isStateful": 0,
        "loRaRevision": "",
        "loRaWANSpecs": null,
        "manufacturer": "VEGA",
        "model_name": "Vega-Air",
        "regional": "US915",
        "regionalParameters": "PHY_V1_0",
        "tenantID": 1,
        "udt": null,
        "udtID": 28
      },
      {
        "LoRa_Version": "1.0.3",
        "channel": "2",
        "check_in_interval": 0,
        "decoder": null,
        "decoderID": 24,
        "device_class": "A",
        "device_type": "LEVEL",
        "external_device_profile_id": "",
        "firmware_version": "v2",
        "hardware_version": "v1",
        "id": 33,
        "isStateful": 0,
        "loRaRevision": "",
        "loRaWANSpecs": null,
        "manufacturer": "VEGA",
        "model_name": "VEGAPULS AIR 41",
        "regional": "US915",
        "regionalParameters": "PHY_V1_0",
        "tenantID": 1,
        "udt": null,
        "udtID": 29
      },
      {
        "LoRa_Version": "1.0.3",
        "channel": "2",
        "check_in_interval": 0,
        "decoder": null,
        "decoderID": 25,
        "device_class": "A",
        "device_type": "LIGHT",
        "external_device_profile_id": "",
        "firmware_version": "v1",
        "hardware_version": "v1",
        "id": 34,
        "isStateful": 0,
        "loRaRevision": "",
        "loRaWANSpecs": null,
        "manufacturer": "Trackonomy",
        "model_name": "Trackonomy-THL",
        "regional": "US915",
        "regionalParameters": "PHY_V1_0",
        "tenantID": 1,
        "udt": null,
        "udtID": 30
      },
      {
        "LoRa_Version": "1.0.3",
        "channel": "2",
        "check_in_interval": 0,
        "decoder": null,
        "decoderID": 26,
        "device_class": "A",
        "device_type": "VIBRATION",
        "external_device_profile_id": "YOKO/VibA.1.0.2b_FCC",
        "firmware_version": "v1",
        "hardware_version": "v1",
        "id": 35,
        "isStateful": 0,
        "loRaRevision": "",
        "loRaWANSpecs": null,
        "manufacturer": "Yokogawa",
        "model_name": "Yokogawa-Sushi-Vibration",
        "regional": "US915",
        "regionalParameters": "PHY_V1_0",
        "tenantID": 1,
        "udt": null,
        "udtID": 49
      },
      {
        "LoRa_Version": "1.0.3",
        "channel": "2",
        "check_in_interval": 0,
        "decoder": null,
        "decoderID": 54,
        "device_class": "A",
        "device_type": "PRESSURE",
        "external_device_profile_id": "YOKO/PressureA.1.0.2b_FCC",
        "firmware_version": "v1",
        "hardware_version": "v1",
        "id": 36,
        "isStateful": 0,
        "loRaRevision": "",
        "loRaWANSpecs": null,
        "manufacturer": "Yokogawa",
        "model_name": "Yokogawa-Sushi-Pressure",
        "regional": "US915",
        "regionalParameters": "PHY_V1_0",
        "tenantID": 1,
        "udt": null,
        "udtID": 63
      },
      {
        "LoRa_Version": "1.0.3",
        "channel": "2",
        "check_in_interval": 0,
        "decoder": null,
        "decoderID": 51,
        "device_class": "A",
        "device_type": "PRESSURE",
        "external_device_profile_id": "YOKO/TempA.1.0.2b_FCC",
        "firmware_version": "v1",
        "hardware_version": "v1",
        "id": 37,
        "isStateful": 0,
        "loRaRevision": "",
        "loRaWANSpecs": null,
        "manufacturer": "Yokogawa",
        "model_name": "Yokogawa-Sushi-Temperature",
        "regional": "US915",
        "regionalParameters": "PHY_V1_0",
        "tenantID": 1,
        "udt": null,
        "udtID": 60
      },
      {
        "LoRa_Version": "1.0.3",
        "channel": "2",
        "check_in_interval": 0,
        "decoder": null,
        "decoderID": 22,
        "device_class": "A",
        "device_type": "VIBRATION",
        "external_device_profile_id": "",
        "firmware_version": "v1",
        "hardware_version": "v1",
        "id": 38,
        "isStateful": 0,
        "loRaRevision": "",
        "loRaWANSpecs": null,
        "manufacturer": "Honeywell",
        "model_name": "Honeywell-Versatillis",
        "regional": "US915",
        "regionalParameters": "PHY_V1_0",
        "tenantID": 1,
        "udt": null,
        "udtID": 27
      },
      {
        "LoRa_Version": "1.0.3",
        "channel": "2",
        "check_in_interval": 0,
        "decoder": null,
        "decoderID": 33,
        "device_class": "A",
        "device_type": "",
        "external_device_profile_id": "",
        "firmware_version": "",
        "hardware_version": "",
        "id": 39,
        "isStateful": 0,
        "loRaRevision": "",
        "loRaWANSpecs": null,
        "manufacturer": "Adeunis",
        "model_name": "adeunis-range-tester",
        "regional": "US915",
        "regionalParameters": "PHY_V1_0",
        "tenantID": 1,
        "udt": null,
        "udtID": 39
      },
      {
        "LoRa_Version": "1.0.3",
        "channel": "2",
        "check_in_interval": 0,
        "decoder": null,
        "decoderID": 83,
        "device_class": "A",
        "device_type": "",
        "external_device_profile_id": "",
        "firmware_version": "",
        "hardware_version": "",
        "id": 40,
        "isStateful": 0,
        "loRaRevision": "",
        "loRaWANSpecs": null,
        "manufacturer": "",
        "model_name": "EnersysVoltTemp",
        "regional": "US915",
        "regionalParameters": "PHY_V1_0",
        "tenantID": 1,
        "udt": null,
        "udtID": 42
      },
      {
        "LoRa_Version": "1.0.3",
        "channel": "2",
        "check_in_interval": 0,
        "decoder": null,
        "decoderID": 90,
        "device_class": "A",
        "device_type": "",
        "external_device_profile_id": "",
        "firmware_version": "",
        "hardware_version": "",
        "id": 41,
        "isStateful": 0,
        "loRaRevision": "",
        "loRaWANSpecs": null,
        "manufacturer": "",
        "model_name": "TE-Connectivity-Vibration-New",
        "regional": "US915",
        "regionalParameters": "PHY_V1_0",
        "tenantID": 1,
        "udt": null,
        "udtID": 45
      },
      {
        "LoRa_Version": "1.0.3",
        "channel": "2",
        "check_in_interval": 0,
        "decoder": null,
        "decoderID": 36,
        "device_class": "A",
        "device_type": "",
        "external_device_profile_id": "",
        "firmware_version": "",
        "hardware_version": "",
        "id": 42,
        "isStateful": 0,
        "loRaRevision": "",
        "loRaWANSpecs": null,
        "manufacturer": "",
        "model_name": "VolleyBoast-vobo",
        "regional": "US915",
        "regionalParameters": "PHY_V1_0",
        "tenantID": 1,
        "udt": null,
        "udtID": 46
      },
      {
        "LoRa_Version": "1.0.3",
        "channel": "2",
        "check_in_interval": 0,
        "decoder": null,
        "decoderID": 39,
        "device_class": "A",
        "device_type": "",
        "external_device_profile_id": "",
        "firmware_version": "",
        "hardware_version": "",
        "id": 43,
        "isStateful": 0,
        "loRaRevision": "",
        "loRaWANSpecs": null,
        "manufacturer": "",
        "model_name": "Trackonomy-eSeal",
        "regional": "US915",
        "regionalParameters": "PHY_V1_0",
        "tenantID": 1,
        "udt": null,
        "udtID": 47
      },
      {
        "LoRa_Version": "1.0.3",
        "channel": "2",
        "check_in_interval": 0,
        "decoder": null,
        "decoderID": 50,
        "device_class": "A",
        "device_type": "PRESSURE",
        "external_device_profile_id": "sensaio_press_RFGroup2_1.0.3A_A",
        "firmware_version": "",
        "hardware_version": "",
        "id": 44,
        "isStateful": 0,
        "loRaRevision": "",
        "loRaWANSpecs": null,
        "manufacturer": "Sensa",
        "model_name": "Sensa-DifferentialPressure",
        "regional": "US915",
        "regionalParameters": "PHY_V1_0",
        "tenantID": 1,
        "udt": null,
        "udtID": 58
      },
      {
        "LoRa_Version": "1.0.3",
        "channel": "2",
        "check_in_interval": 0,
        "decoder": null,
        "decoderID": 6,
        "device_class": "A",
        "device_type": "PRESSURE",
        "external_device_profile_id": "",
        "firmware_version": "v3",
        "hardware_version": "v1",
        "id": 45,
        "isStateful": 0,
        "loRaRevision": "",
        "loRaWANSpecs": null,
        "manufacturer": "TWTG",
        "model_name": "TWTG-Pressure ",
        "regional": "US915",
        "regionalParameters": "PHY_V1_0",
        "tenantID": 1,
        "udt": null,
        "udtID": 6
      },
      {
        "LoRa_Version": "1.0.3",
        "channel": "2",
        "check_in_interval": 0,
        "decoder": null,
        "decoderID": 7,
        "device_class": "A",
        "device_type": "VIBRATION",
        "external_device_profile_id": "",
        "firmware_version": "v3",
        "hardware_version": "v1",
        "id": 46,
        "isStateful": 0,
        "loRaRevision": "",
        "loRaWANSpecs": null,
        "manufacturer": "TWTG",
        "model_name": "TWTG-Vibration",
        "regional": "US915",
        "regionalParameters": "PHY_V1_0",
        "tenantID": 1,
        "udt": null,
        "udtID": 7
      },
      {
        "LoRa_Version": "1.0.3",
        "channel": "2",
        "check_in_interval": 0,
        "decoder": null,
        "decoderID": 8,
        "device_class": "A",
        "device_type": "TEMPERATURE",
        "external_device_profile_id": "",
        "firmware_version": "v4",
        "hardware_version": "v1",
        "id": 47,
        "isStateful": 0,
        "loRaRevision": "",
        "loRaWANSpecs": null,
        "manufacturer": "TWTG",
        "model_name": "TWTG-Temperature-Transmitter",
        "regional": "US915",
        "regionalParameters": "PHY_V1_0",
        "tenantID": 1,
        "udt": null,
        "udtID": 44
      },
      {
        "LoRa_Version": "1.0.3",
        "channel": "2",
        "check_in_interval": 0,
        "decoder": null,
        "decoderID": 3,
        "device_class": "A",
        "device_type": "TEMPERATURE",
        "external_device_profile_id": "",
        "firmware_version": "v1",
        "hardware_version": "v1",
        "id": 48,
        "isStateful": 0,
        "loRaRevision": "",
        "loRaWANSpecs": null,
        "manufacturer": "Dragino",
        "model_name": "Dragino-Temperature-Humidity-LHT65N",
        "regional": "US915",
        "regionalParameters": "PHY_V1_0",
        "tenantID": 1,
        "udt": null,
        "udtID": 3
      },
      {
        "LoRa_Version": "1.0.3",
        "channel": "2",
        "check_in_interval": 0,
        "decoder": null,
        "decoderID": 10,
        "device_class": "A",
        "device_type": "CURRENT",
        "external_device_profile_id": "",
        "firmware_version": "v1",
        "hardware_version": "v1",
        "id": 49,
        "isStateful": 0,
        "loRaRevision": "",
        "loRaWANSpecs": null,
        "manufacturer": "Vutility",
        "model_name": "Vutility-HotDrop-Direct",
        "regional": "US915",
        "regionalParameters": "PHY_V1_0",
        "tenantID": 1,
        "udt": null,
        "udtID": 9
      },
      {
        "LoRa_Version": "1.0.3",
        "channel": "2",
        "check_in_interval": 0,
        "decoder": null,
        "decoderID": 0,
        "device_class": "A",
        "device_type": "CURRENT",
        "external_device_profile_id": "",
        "firmware_version": "v1",
        "hardware_version": "v1",
        "id": 50,
        "isStateful": 0,
        "loRaRevision": "",
        "loRaWANSpecs": null,
        "manufacturer": "Dragino",
        "model_name": "Dragino-CurrentConverter-CS01LB",
        "regional": "US915",
        "regionalParameters": "PHY_V1_0",
        "tenantID": 1,
        "udt": null,
        "udtID": 0
      },
      {
        "LoRa_Version": "1.0.3",
        "channel": "2",
        "check_in_interval": 0,
        "decoder": null,
        "decoderID": 5,
        "device_class": "A",
        "device_type": "PULSE",
        "external_device_profile_id": "",
        "firmware_version": "v1",
        "hardware_version": "v1",
        "id": 51,
        "isStateful": 0,
        "loRaRevision": "",
        "loRaWANSpecs": null,
        "manufacturer": "Dragino",
        "model_name": "Dragino-DryContact-CPL03-LB/LS",
        "regional": "US915",
        "regionalParameters": "PHY_V1_0",
        "tenantID": 1,
        "udt": null,
        "udtID": 5
      },
      {
        "LoRa_Version": "1.0.3",
        "channel": "2",
        "check_in_interval": 0,
        "decoder": null,
        "decoderID": 11,
        "device_class": "A",
        "device_type": "CURRENT",
        "external_device_profile_id": "",
        "firmware_version": "v1",
        "hardware_version": "v1",
        "id": 52,
        "isStateful": 0,
        "loRaRevision": "",
        "loRaWANSpecs": null,
        "manufacturer": "Vutility",
        "model_name": "Vutility-PulseDrop-Direct",
        "regional": "US915",
        "regionalParameters": "PHY_V1_0",
        "tenantID": 1,
        "udt": null,
        "udtID": 10
      },
      {
        "LoRa_Version": "1.0.3",
        "channel": "2",
        "check_in_interval": 0,
        "decoder": null,
        "decoderID": 12,
        "device_class": "A",
        "device_type": "VOLTAGE",
        "external_device_profile_id": "",
        "firmware_version": "v1",
        "hardware_version": "v1",
        "id": 53,
        "isStateful": 0,
        "loRaRevision": "",
        "loRaWANSpecs": null,
        "manufacturer": "Vutility",
        "model_name": "Vutility-VoltDrop-Direct",
        "regional": "US915",
        "regionalParameters": "PHY_V1_0",
        "tenantID": 1,
        "udt": null,
        "udtID": 0
      },
      {
        "LoRa_Version": "1.0.3",
        "channel": "2",
        "check_in_interval": 0,
        "decoder": null,
        "decoderID": 13,
        "device_class": "A",
        "device_type": "PRESSURE",
        "external_device_profile_id": "",
        "firmware_version": "v1",
        "hardware_version": "v1",
        "id": 54,
        "isStateful": 0,
        "loRaRevision": "",
        "loRaWANSpecs": null,
        "manufacturer": "Ellenex",
        "model_name": "Ellenex-Differential-Pressure-PDS2-L-0",
        "regional": "US915",
        "regionalParameters": "PHY_V1_0",
        "tenantID": 1,
        "udt": null,
        "udtID": 11
      },
      {
        "LoRa_Version": "1.0.3",
        "channel": "2",
        "check_in_interval": 0,
        "decoder": null,
        "decoderID": 14,
        "device_class": "A",
        "device_type": "LEVEL",
        "external_device_profile_id": "",
        "firmware_version": "v1",
        "hardware_version": "v1",
        "id": 55,
        "isStateful": 0,
        "loRaRevision": "",
        "loRaWANSpecs": null,
        "manufacturer": "Tekelek",
        "model_name": "Tekelek-Ultrasonic-Level-TEK888",
        "regional": "US915",
        "regionalParameters": "PHY_V1_0",
        "tenantID": 1,
        "udt": null,
        "udtID": 12
      },
      {
        "LoRa_Version": "1.0.3",
        "channel": "2",
        "check_in_interval": 0,
        "decoder": null,
        "decoderID": 16,
        "device_class": "A",
        "device_type": "VOLTAGE",
        "external_device_profile_id": "",
        "firmware_version": "v1",
        "hardware_version": "v1",
        "id": 56,
        "isStateful": 0,
        "loRaRevision": "",
        "loRaWANSpecs": null,
        "manufacturer": "RadioBridge",
        "model_name": "RadioBridge-Voltage",
        "regional": "US915",
        "regionalParameters": "PHY_V1_0",
        "tenantID": 1,
        "udt": null,
        "udtID": 14
      },
      {
        "LoRa_Version": "1.0.3",
        "channel": "2",
        "check_in_interval": 0,
        "decoder": null,
        "decoderID": 16,
        "device_class": "A",
        "device_type": "VOLTAGE",
        "external_device_profile_id": "",
        "firmware_version": "v1",
        "hardware_version": "v1",
        "id": 57,
        "isStateful": 0,
        "loRaRevision": "",
        "loRaWANSpecs": null,
        "manufacturer": "RadioBridge",
        "model_name": "RadioBridge-Moisture",
        "regional": "US915",
        "regionalParameters": "PHY_V1_0",
        "tenantID": 1,
        "udt": null,
        "udtID": 15
      },
      {
        "LoRa_Version": "1.0.3",
        "channel": "2",
        "check_in_interval": 0,
        "decoder": null,
        "decoderID": 16,
        "device_class": "A",
        "device_type": "VOLTAGE",
        "external_device_profile_id": "",
        "firmware_version": "v1",
        "hardware_version": "v1",
        "id": 58,
        "isStateful": 0,
        "loRaRevision": "",
        "loRaWANSpecs": null,
        "manufacturer": "RadioBridge",
        "model_name": "RadioBridge-Temperature",
        "regional": "US915",
        "regionalParameters": "PHY_V1_0",
        "tenantID": 1,
        "udt": null,
        "udtID": 16
      },
      {
        "LoRa_Version": "1.0.3",
        "channel": "2",
        "check_in_interval": 0,
        "decoder": null,
        "decoderID": 16,
        "device_class": "A",
        "device_type": "ANAOLG",
        "external_device_profile_id": "",
        "firmware_version": "v1",
        "hardware_version": "v1",
        "id": 59,
        "isStateful": 0,
        "loRaRevision": "",
        "loRaWANSpecs": null,
        "manufacturer": "RadioBridge",
        "model_name": "RadioBridge-420ma",
        "regional": "US915",
        "regionalParameters": "PHY_V1_0",
        "tenantID": 1,
        "udt": null,
        "udtID": 17
      },
      {
        "LoRa_Version": "1.0.3",
        "channel": "2",
        "check_in_interval": 0,
        "decoder": null,
        "decoderID": 16,
        "device_class": "A",
        "device_type": "VOLTAGE",
        "external_device_profile_id": "",
        "firmware_version": "v1",
        "hardware_version": "v1",
        "id": 60,
        "isStateful": 0,
        "loRaRevision": "",
        "loRaWANSpecs": null,
        "manufacturer": "RadioBridge",
        "model_name": "RadioBridge-Accelerometer",
        "regional": "US915",
        "regionalParameters": "PHY_V1_0",
        "tenantID": 1,
        "udt": null,
        "udtID": 18
      },
      {
        "LoRa_Version": "1.0.3",
        "channel": "2",
        "check_in_interval": 0,
        "decoder": null,
        "decoderID": 16,
        "device_class": "A",
        "device_type": "LEVEL",
        "external_device_profile_id": "",
        "firmware_version": "v1",
        "hardware_version": "v1",
        "id": 61,
        "isStateful": 0,
        "loRaRevision": "",
        "loRaWANSpecs": null,
        "manufacturer": "RadioBridge",
        "model_name": "RadioBridge-Level",
        "regional": "US915",
        "regionalParameters": "PHY_V1_0",
        "tenantID": 1,
        "udt": null,
        "udtID": 19
      },
      {
        "LoRa_Version": "1.0.3",
        "channel": "2",
        "check_in_interval": 0,
        "decoder": null,
        "decoderID": 16,
        "device_class": "A",
        "device_type": "CONTACT",
        "external_device_profile_id": "",
        "firmware_version": "v1",
        "hardware_version": "v1",
        "id": 62,
        "isStateful": 0,
        "loRaRevision": "",
        "loRaWANSpecs": null,
        "manufacturer": "RadioBridge",
        "model_name": "RadioBridge-Contact",
        "regional": "US915",
        "regionalParameters": "PHY_V1_0",
        "tenantID": 1,
        "udt": null,
        "udtID": 20
      },
      {
        "LoRa_Version": "1.0.3",
        "channel": "2",
        "check_in_interval": 0,
        "decoder": null,
        "decoderID": 17,
        "device_class": "A",
        "device_type": "VIBATION",
        "external_device_profile_id": "",
        "firmware_version": "v1",
        "hardware_version": "v1",
        "id": 63,
        "isStateful": 0,
        "loRaRevision": "",
        "loRaWANSpecs": null,
        "manufacturer": "RadioBridge",
        "model_name": "RadioBridge-Vibration",
        "regional": "US915",
        "regionalParameters": "PHY_V1_0",
        "tenantID": 1,
        "udt": null,
        "udtID": 21
      },
      {
        "LoRa_Version": "1.0.3",
        "channel": "2",
        "check_in_interval": 0,
        "decoder": null,
        "decoderID": 18,
        "device_class": "A",
        "device_type": "LOCATION",
        "external_device_profile_id": "",
        "firmware_version": "v1",
        "hardware_version": "v1",
        "id": 64,
        "isStateful": 0,
        "loRaRevision": "",
        "loRaWANSpecs": null,
        "manufacturer": "DigitalMatter",
        "model_name": "DigitalMatter-OysterTracker",
        "regional": "US915",
        "regionalParameters": "PHY_V1_0",
        "tenantID": 1,
        "udt": null,
        "udtID": 23
      },
      {
        "LoRa_Version": "1.0.3",
        "channel": "2",
        "check_in_interval": 0,
        "decoder": null,
        "decoderID": 19,
        "device_class": "A",
        "device_type": "LOCATION",
        "external_device_profile_id": "",
        "firmware_version": "v1",
        "hardware_version": "v1",
        "id": 65,
        "isStateful": 0,
        "loRaRevision": "",
        "loRaWANSpecs": null,
        "manufacturer": "AbeewayTracker",
        "model_name": "Abeeway-Tracker",
        "regional": "US915",
        "regionalParameters": "PHY_V1_0",
        "tenantID": 1,
        "udt": null,
        "udtID": 24
      },
      {
        "LoRa_Version": "1.0.3",
        "channel": "2",
        "check_in_interval": 0,
        "decoder": null,
        "decoderID": 28,
        "device_class": "A",
        "device_type": "VALVEPOSITION",
        "external_device_profile_id": "",
        "firmware_version": "v1",
        "hardware_version": "v1",
        "id": 66,
        "isStateful": 0,
        "loRaRevision": "",
        "loRaWANSpecs": null,
        "manufacturer": "Aloxy",
        "model_name": "Aloxy-ValvePosition",
        "regional": "US915",
        "regionalParameters": "PHY_V1_0",
        "tenantID": 1,
        "udt": null,
        "udtID": 33
      },
      {
        "LoRa_Version": "1.0.3",
        "channel": "2",
        "check_in_interval": 0,
        "decoder": null,
        "decoderID": 15,
        "device_class": "A",
        "device_type": "LEVEL",
        "external_device_profile_id": "",
        "firmware_version": "v1",
        "hardware_version": "v1",
        "id": 67,
        "isStateful": 0,
        "loRaRevision": "",
        "loRaWANSpecs": null,
        "manufacturer": "RIOTWireless",
        "model_name": "RIOT-Ultrasonic-Level",
        "regional": "US915",
        "regionalParameters": "PHY_V1_0",
        "tenantID": 1,
        "udt": null,
        "udtID": 13
      },
      {
        "LoRa_Version": "1.0.3",
        "channel": "2",
        "check_in_interval": 0,
        "decoder": null,
        "decoderID": 20,
        "device_class": "A",
        "device_type": "PRESSURE",
        "external_device_profile_id": "",
        "firmware_version": "v1",
        "hardware_version": "v1",
        "id": 68,
        "isStateful": 0,
        "loRaRevision": "",
        "loRaWANSpecs": null,
        "manufacturer": "Bourdon",
        "model_name": "Bourdon-PressureGauge",
        "regional": "US915",
        "regionalParameters": "PHY_V1_0",
        "tenantID": 1,
        "udt": null,
        "udtID": 25
      },
      {
        "LoRa_Version": "1.0.3",
        "channel": "2",
        "check_in_interval": 0,
        "decoder": null,
        "decoderID": 9,
        "device_class": "A",
        "device_type": "TEMPERATURE",
        "external_device_profile_id": "",
        "firmware_version": "v4",
        "hardware_version": "v1",
        "id": 69,
        "isStateful": 0,
        "loRaRevision": "",
        "loRaWANSpecs": null,
        "manufacturer": "TWTG",
        "model_name": "TWTG-Temperature-Contact",
        "regional": "US915",
        "regionalParameters": "PHY_V1_0",
        "tenantID": 1,
        "udt": null,
        "udtID": 8
      },
      {
        "LoRa_Version": "1.0.3",
        "channel": "2",
        "check_in_interval": 0,
        "decoder": null,
        "decoderID": 21,
        "device_class": "A",
        "device_type": "PRESSURE",
        "external_device_profile_id": "",
        "firmware_version": "v1",
        "hardware_version": "v1",
        "id": 70,
        "isStateful": 0,
        "loRaRevision": "",
        "loRaWANSpecs": null,
        "manufacturer": "Sensor Networks",
        "model_name": "SensorNetworks-MicroPims-thickness",
        "regional": "US915",
        "regionalParameters": "PHY_V1_0",
        "tenantID": 1,
        "udt": null,
        "udtID": 26
      },
      {
        "LoRa_Version": "1.0.3",
        "channel": "2",
        "check_in_interval": 0,
        "decoder": null,
        "decoderID": 27,
        "device_class": "A",
        "device_type": "TEMPERATURE",
        "external_device_profile_id": "",
        "firmware_version": "v1",
        "hardware_version": "v1",
        "id": 71,
        "isStateful": 0,
        "loRaRevision": "",
        "loRaWANSpecs": null,
        "manufacturer": "Orbiwise",
        "model_name": "Orbiwise-Sampols",
        "regional": "US915",
        "regionalParameters": "PHY_V1_0",
        "tenantID": 1,
        "udt": null,
        "udtID": 32
      },
      {
        "LoRa_Version": "1.0.3",
        "channel": "2",
        "check_in_interval": 0,
        "decoder": null,
        "decoderID": 40,
        "device_class": "A",
        "device_type": "TEMPERATURE",
        "external_device_profile_id": "",
        "firmware_version": "v1",
        "hardware_version": "v1",
        "id": 72,
        "isStateful": 0,
        "loRaRevision": "",
        "loRaWANSpecs": null,
        "manufacturer": "Sensia",
        "model_name": "Sensia-Temperature",
        "regional": "US915",
        "regionalParameters": "PHY_V1_0",
        "tenantID": 1,
        "udt": null,
        "udtID": 48
      },
      {
        "LoRa_Version": "1.0.3",
        "channel": "2",
        "check_in_interval": 0,
        "decoder": null,
        "decoderID": 23,
        "device_class": "A",
        "device_type": "LEVEL",
        "external_device_profile_id": "",
        "firmware_version": "v1",
        "hardware_version": "v1",
        "id": 73,
        "isStateful": 0,
        "loRaRevision": "",
        "loRaWANSpecs": null,
        "manufacturer": "VEGA",
        "model_name": "Vega-Air",
        "regional": "US915",
        "regionalParameters": "PHY_V1_0",
        "tenantID": 1,
        "udt": null,
        "udtID": 28
      },
      {
        "LoRa_Version": "1.0.3",
        "channel": "2",
        "check_in_interval": 0,
        "decoder": null,
        "decoderID": 24,
        "device_class": "A",
        "device_type": "LEVEL",
        "external_device_profile_id": "",
        "firmware_version": "v2",
        "hardware_version": "v1",
        "id": 74,
        "isStateful": 0,
        "loRaRevision": "",
        "loRaWANSpecs": null,
        "manufacturer": "VEGA",
        "model_name": "VEGA-PULSAIR41",
        "regional": "US915",
        "regionalParameters": "PHY_V1_0",
        "tenantID": 1,
        "udt": null,
        "udtID": 29
      },
      {
        "LoRa_Version": "1.0.3",
        "channel": "2",
        "check_in_interval": 0,
        "decoder": null,
        "decoderID": 25,
        "device_class": "A",
        "device_type": "LIGHT",
        "external_device_profile_id": "",
        "firmware_version": "v1",
        "hardware_version": "v1",
        "id": 75,
        "isStateful": 0,
        "loRaRevision": "",
        "loRaWANSpecs": null,
        "manufacturer": "Trackonomy",
        "model_name": "Trackonomy-THL",
        "regional": "US915",
        "regionalParameters": "PHY_V1_0",
        "tenantID": 1,
        "udt": null,
        "udtID": 30
      },
      {
        "LoRa_Version": "1.0.3",
        "channel": "2",
        "check_in_interval": 0,
        "decoder": null,
        "decoderID": 26,
        "device_class": "A",
        "device_type": "VIBRATION",
        "external_device_profile_id": "",
        "firmware_version": "v1",
        "hardware_version": "v1",
        "id": 76,
        "isStateful": 0,
        "loRaRevision": "",
        "loRaWANSpecs": null,
        "manufacturer": "Yokogawa",
        "model_name": "Yokogawa-Sushi-Vibration",
        "regional": "US915",
        "regionalParameters": "PHY_V1_0",
        "tenantID": 1,
        "udt": null,
        "udtID": 49
      },
      {
        "LoRa_Version": "1.0.3",
        "channel": "2",
        "check_in_interval": 0,
        "decoder": null,
        "decoderID": 0,
        "device_class": "A",
        "device_type": "PRESSURE",
        "external_device_profile_id": "",
        "firmware_version": "v1",
        "hardware_version": "v1",
        "id": 77,
        "isStateful": 0,
        "loRaRevision": "",
        "loRaWANSpecs": null,
        "manufacturer": "Yokogawa",
        "model_name": "Yokogawa-Sushi-Pressure",
        "regional": "US915",
        "regionalParameters": "PHY_V1_0",
        "tenantID": 1,
        "udt": null,
        "udtID": 0
      },
      {
        "LoRa_Version": "1.0.3",
        "channel": "2",
        "check_in_interval": 0,
        "decoder": null,
        "decoderID": 0,
        "device_class": "A",
        "device_type": "PRESSURE",
        "external_device_profile_id": "",
        "firmware_version": "v1",
        "hardware_version": "v1",
        "id": 78,
        "isStateful": 0,
        "loRaRevision": "",
        "loRaWANSpecs": null,
        "manufacturer": "Yokogawa",
        "model_name": "Yokogawa-Sushi-Temperature",
        "regional": "US915",
        "regionalParameters": "PHY_V1_0",
        "tenantID": 1,
        "udt": null,
        "udtID": 0
      },
      {
        "LoRa_Version": "1.0.3",
        "channel": "2",
        "check_in_interval": 0,
        "decoder": null,
        "decoderID": 22,
        "device_class": "A",
        "device_type": "VIBRATION",
        "external_device_profile_id": "",
        "firmware_version": "v1",
        "hardware_version": "v1",
        "id": 79,
        "isStateful": 0,
        "loRaRevision": "",
        "loRaWANSpecs": null,
        "manufacturer": "Honeywell",
        "model_name": "Honeywell-Versatillis",
        "regional": "US915",
        "regionalParameters": "PHY_V1_0",
        "tenantID": 1,
        "udt": null,
        "udtID": 27
      },
      {
        "LoRa_Version": "1.0.3",
        "channel": "2",
        "check_in_interval": 0,
        "decoder": null,
        "decoderID": 13,
        "device_class": "A",
        "device_type": "PRESSURE",
        "external_device_profile_id": "",
        "firmware_version": "v1",
        "hardware_version": "v1",
        "id": 80,
        "isStateful": 0,
        "loRaRevision": "",
        "loRaWANSpecs": null,
        "manufacturer": "Ellenex",
        "model_name": "Ellenex-Differential-Pressure-PDS2-L",
        "regional": "US915",
        "regionalParameters": "PHY_V1_0",
        "tenantID": 1,
        "udt": null,
        "udtID": 11
      },
      {
        "LoRa_Version": "1.0.3",
        "channel": "2",
        "check_in_interval": 0,
        "decoder": null,
        "decoderID": 41,
        "device_class": "A",
        "device_type": "",
        "external_device_profile_id": "",
        "firmware_version": "",
        "hardware_version": "",
        "id": 81,
        "isStateful": 0,
        "loRaRevision": "",
        "loRaWANSpecs": null,
        "manufacturer": "",
        "model_name": "Inneosense-LOTO",
        "regional": "US915",
        "regionalParameters": "PHY_V1_0",
        "tenantID": 1,
        "udt": null,
        "udtID": 0
      },
      {
        "LoRa_Version": "1.0.3",
        "channel": "2",
        "check_in_interval": 0,
        "decoder": null,
        "decoderID": 42,
        "device_class": "A",
        "device_type": "",
        "external_device_profile_id": "",
        "firmware_version": "",
        "hardware_version": "",
        "id": 82,
        "isStateful": 0,
        "loRaRevision": "",
        "loRaWANSpecs": null,
        "manufacturer": "TWTG",
        "model_name": "ThisIsANewDeviceProfileRenamed",
        "regional": "US915",
        "regionalParameters": "PHY_V1_0",
        "tenantID": 1,
        "udt": null,
        "udtID": 51
      },
      {
        "LoRa_Version": "1.0.3",
        "channel": "2",
        "check_in_interval": 0,
        "decoder": null,
        "decoderID": 0,
        "device_class": "A",
        "device_type": "",
        "external_device_profile_id": "",
        "firmware_version": "",
        "hardware_version": "",
        "id": 83,
        "isStateful": 0,
        "loRaRevision": "",
        "loRaWANSpecs": null,
        "manufacturer": "",
        "model_name": "advantech",
        "regional": "US915",
        "regionalParameters": "PHY_V1_0",
        "tenantID": 1,
        "udt": null,
        "udtID": 0
      },
      {
        "LoRa_Version": "1.0.3",
        "channel": "2",
        "check_in_interval": 0,
        "decoder": null,
        "decoderID": 0,
        "device_class": "A",
        "device_type": "",
        "external_device_profile_id": "",
        "firmware_version": "",
        "hardware_version": "",
        "id": 84,
        "isStateful": 0,
        "loRaRevision": "",
        "loRaWANSpecs": null,
        "manufacturer": "",
        "model_name": "Sensa-DifferentialPressure",
        "regional": "US915",
        "regionalParameters": "PHY_V1_0",
        "tenantID": 1,
        "udt": null,
        "udtID": 0
      },
      {
        "LoRa_Version": "1.0.3",
        "channel": "2",
        "check_in_interval": 0,
        "decoder": null,
        "decoderID": 44,
        "device_class": "A",
        "device_type": "",
        "external_device_profile_id": "",
        "firmware_version": "",
        "hardware_version": "",
        "id": 85,
        "isStateful": 0,
        "loRaRevision": "",
        "loRaWANSpecs": null,
        "manufacturer": "",
        "model_name": "dragino-l2222",
        "regional": "US915",
        "regionalParameters": "PHY_V1_0",
        "tenantID": 1,
        "udt": null,
        "udtID": 52
      },
      {
        "LoRa_Version": "1.0.3",
        "channel": "2",
        "check_in_interval": 0,
        "decoder": null,
        "decoderID": 0,
        "device_class": "A",
        "device_type": "",
        "external_device_profile_id": "",
        "firmware_version": "",
        "hardware_version": "",
        "id": 86,
        "isStateful": 0,
        "loRaRevision": "",
        "loRaWANSpecs": null,
        "manufacturer": "",
        "model_name": "SensorNetworks-MicroPims-aScan",
        "regional": "US915",
        "regionalParameters": "PHY_V1_0",
        "tenantID": 1,
        "udt": null,
        "udtID": 0
      },
      {
        "LoRa_Version": "1.0.3",
        "channel": "2",
        "check_in_interval": 0,
        "decoder": null,
        "decoderID": 0,
        "device_class": "A",
        "device_type": "",
        "external_device_profile_id": "",
        "firmware_version": "",
        "hardware_version": "",
        "id": 87,
        "isStateful": 0,
        "loRaRevision": "",
        "loRaWANSpecs": null,
        "manufacturer": "",
        "model_name": "Sensa-Temperature",
        "regional": "US915",
        "regionalParameters": "PHY_V1_0",
        "tenantID": 1,
        "udt": null,
        "udtID": 0
      },
      {
        "LoRa_Version": "1.0.3",
        "channel": "2",
        "check_in_interval": 0,
        "decoder": null,
        "decoderID": 0,
        "device_class": "A",
        "device_type": "",
        "external_device_profile_id": "",
        "firmware_version": "",
        "hardware_version": "",
        "id": 88,
        "isStateful": 0,
        "loRaRevision": "",
        "loRaWANSpecs": null,
        "manufacturer": "",
        "model_name": "Glamos-SignalTester",
        "regional": "US915",
        "regionalParameters": "PHY_V1_0",
        "tenantID": 1,
        "udt": null,
        "udtID": 0
      },
      {
        "LoRa_Version": "1.0.3",
        "channel": "2",
        "check_in_interval": 0,
        "decoder": null,
        "decoderID": 0,
        "device_class": "A",
        "device_type": "",
        "external_device_profile_id": "",
        "firmware_version": "",
        "hardware_version": "",
        "id": 89,
        "isStateful": 0,
        "loRaRevision": "",
        "loRaWANSpecs": null,
        "manufacturer": "",
        "model_name": "Sensa-Pressure",
        "regional": "US915",
        "regionalParameters": "PHY_V1_0",
        "tenantID": 1,
        "udt": null,
        "udtID": 0
      },
      {
        "LoRa_Version": "1.0.3",
        "channel": "2",
        "check_in_interval": 0,
        "decoder": null,
        "decoderID": 0,
        "device_class": "A",
        "device_type": "",
        "external_device_profile_id": "",
        "firmware_version": "",
        "hardware_version": "",
        "id": 90,
        "isStateful": 0,
        "loRaRevision": "",
        "loRaWANSpecs": null,
        "manufacturer": "",
        "model_name": "SensorNetworks-MicroPims",
        "regional": "US915",
        "regionalParameters": "PHY_V1_0",
        "tenantID": 1,
        "udt": null,
        "udtID": 0
      },
      {
        "LoRa_Version": "1.0.3",
        "channel": "2",
        "check_in_interval": 2000,
        "decoder": null,
        "decoderID": 0,
        "device_class": "A",
        "device_type": "",
        "external_device_profile_id": "",
        "firmware_version": "",
        "hardware_version": "",
        "id": 91,
        "isStateful": 0,
        "loRaRevision": "",
        "loRaWANSpecs": null,
        "manufacturer": "TWTG",
        "model_name": "TWTG-SteamTrap",
        "regional": "US915",
        "regionalParameters": "PHY_V1_0",
        "tenantID": 1,
        "udt": null,
        "udtID": 0
      },
      {
        "LoRa_Version": "1.0.3",
        "channel": "2",
        "check_in_interval": 2000,
        "decoder": null,
        "decoderID": 79,
        "device_class": "A",
        "device_type": "",
        "external_device_profile_id": "",
        "firmware_version": "",
        "hardware_version": "",
        "id": 92,
        "isStateful": 0,
        "loRaRevision": "",
        "loRaWANSpecs": null,
        "manufacturer": "Ineosense",
        "model_name": "ineosensepulse",
        "regional": "US915",
        "regionalParameters": "PHY_V1_0",
        "tenantID": 1,
        "udt": null,
        "udtID": 87
      },
      {
        "LoRa_Version": "1.0.3",
        "channel": "2",
        "check_in_interval": 0,
        "decoder": null,
        "decoderID": 84,
        "device_class": "A",
        "device_type": "CORROSION",
        "external_device_profile_id": "",
        "firmware_version": "v1",
        "hardware_version": "v1",
        "id": 93,
        "isStateful": 0,
        "loRaRevision": "",
        "loRaWANSpecs": null,
        "manufacturer": "Sensor Networks",
        "model_name": "SensorNetworks-MicroPims-Stateful",
        "regional": "US915",
        "regionalParameters": "PHY_V1_0",
        "tenantID": 1,
        "udt": null,
        "udtID": 88
      },
      {
        "LoRa_Version": "1.0.3",
        "channel": "2",
        "check_in_interval": 0,
        "decoder": null,
        "decoderID": 85,
        "device_class": "A",
        "device_type": "TESTER",
        "external_device_profile_id": "",
        "firmware_version": "v1",
        "hardware_version": "v1",
        "id": 94,
        "isStateful": 0,
        "loRaRevision": "",
        "loRaWANSpecs": null,
        "manufacturer": "Glamos",
        "model_name": "Glamos-Walker",
        "regional": "US915",
        "regionalParameters": "PHY_V1_0",
        "tenantID": 1,
        "udt": null,
        "udtID": 89
      },
      {
        "LoRa_Version": "1.0.3",
        "channel": "2",
        "check_in_interval": 2000,
        "decoder": null,
        "decoderID": 83,
        "device_class": "A",
        "device_type": "",
        "external_device_profile_id": "",
        "firmware_version": "",
        "hardware_version": "",
        "id": 95,
        "isStateful": 0,
        "loRaRevision": "",
        "loRaWANSpecs": null,
        "manufacturer": "",
        "model_name": "API Test Profile",
        "regional": "US915",
        "regionalParameters": "PHY_V1_0",
        "tenantID": 1,
        "udt": null,
        "udtID": 52
      },
      {
        "LoRa_Version": "1.0.3",
        "channel": "2",
        "check_in_interval": 0,
        "decoder": null,
        "decoderID": 0,
        "device_class": "A",
        "device_type": "",
        "external_device_profile_id": "",
        "firmware_version": "",
        "hardware_version": "",
        "id": 96,
        "isStateful": 0,
        "loRaRevision": "",
        "loRaWANSpecs": null,
        "manufacturer": "",
        "model_name": "TE-Triaxial-Vibration",
        "regional": "US915",
        "regionalParameters": "PHY_V1_0",
        "tenantID": 1,
        "udt": null,
        "udtID": 0
      },
      {
        "LoRa_Version": "1.0.3",
        "channel": "2",
        "check_in_interval": 0,
        "decoder": null,
        "decoderID": 0,
        "device_class": "A",
        "device_type": "",
        "external_device_profile_id": "",
        "firmware_version": "",
        "hardware_version": "",
        "id": 97,
        "isStateful": 0,
        "loRaRevision": "",
        "loRaWANSpecs": null,
        "manufacturer": "",
        "model_name": "TE-Vibration",
        "regional": "US915",
        "regionalParameters": "PHY_V1_0",
        "tenantID": 1,
        "udt": null,
        "udtID": 0
      },
      {
        "LoRa_Version": "1.0.3",
        "channel": "2",
        "check_in_interval": 0,
        "decoder": null,
        "decoderID": 0,
        "device_class": "A",
        "device_type": "",
        "external_device_profile_id": "",
        "firmware_version": "",
        "hardware_version": "",
        "id": 98,
        "isStateful": 0,
        "loRaRevision": "",
        "loRaWANSpecs": null,
        "manufacturer": "",
        "model_name": "SensorNetworks-MicroPims-TnT",
        "regional": "US915",
        "regionalParameters": "PHY_V1_0",
        "tenantID": 1,
        "udt": null,
        "udtID": 0
      },
      {
        "LoRa_Version": "1.0.3",
        "channel": "2",
        "check_in_interval": 2000,
        "decoder": null,
        "decoderID": 100,
        "device_class": "A",
        "device_type": "",
        "external_device_profile_id": "",
        "firmware_version": "",
        "hardware_version": "",
        "id": 99,
        "isStateful": 0,
        "loRaRevision": "",
        "loRaWANSpecs": null,
        "manufacturer": "Dragino",
        "model_name": "Draino TCLB01",
        "regional": "US915",
        "regionalParameters": "PHY_V1_0",
        "tenantID": 1,
        "udt": null,
        "udtID": 103
      }
    ]
  },
  "params": {},
  "propConfig": {
    "custom.models": {
      "persistent": true
    }
  },
  "props": {},
  "root": {
    "children": [
      {
        "meta": {
          "name": "Label"
        },
        "position": {
          "basis": "32px"
        },
        "props": {
          "style": {
            "classes": "labels/dark-green-header",
            "textAlign": "center"
          },
          "text": "Device Profile Upload"
        },
        "type": "ia.display.label"
      },
      {
        "events": {
          "component": {
            "onFileReceived": {
              "config": {
                "script": "\ttry:\n\t\timport json \n\t\tcontent \u003d event.file.getString()\n\t\tdevices \u003d json.loads(content)\n\t\tutils.messages.waiting.showLoading()\n\t\tsystem.perspective.sendMessage(\"processUploads\", payload\u003ddevices)\n\texcept Exception as e:\n\t\tutils.messages.errors.showErrorMessage(e)"
              },
              "scope": "G",
              "type": "script"
            }
          }
        },
        "meta": {
          "name": "FileUpload"
        },
        "position": {
          "basis": "145px"
        },
        "props": {
          "maxUploads": 1,
          "supportedFileTypes": [
            "json"
          ]
        },
        "type": "ia.input.fileupload"
      }
    ],
    "events": {
      "system": {
        "onStartup": {
          "config": {
            "script": "\tself.view.custom.models \u003d decoders.model.listDeviceProfiles(1)\n\t\n\tsystem.perspective.print(\"MODELS\")\n\tsystem.perspective.print(self.view.custom.models)"
          },
          "scope": "G",
          "type": "script"
        }
      }
    },
    "meta": {
      "name": "root"
    },
    "props": {
      "direction": "column"
    },
    "scripts": {
      "customMethods": [],
      "extensionFunctions": null,
      "messageHandlers": [
        {
          "messageType": "processUploads",
          "pageScope": true,
          "script": "\t# implement your handler here\n\t\n\t\n\ttry:\n\t\timport json\n\t\td \u003d payload\n\t\tfor k, v in d.items():\n\t\t\tsystem.perspective.print(k)\n\t\t\tif \"model_name\" in v[\u0027deviceProfile\u0027].keys():\n\t\t\t\t\n\t\t\t\tmodelName \u003d v[\u0027deviceProfile\u0027][\u0027model_name\u0027]\n\t\t\t\tsystem.perspective.print(modelName)\n\t\t\t\t\n\t\t\t\tmodel \u003d decoders.model.findModelIDByName(self.view.custom.models, modelName)\n\t\t\t\tif model \u003d\u003d -1:\n\t\t\t\t\t##create new model \n\t\t\t\t\tsystem.perspective.print(\"Model not found, need to make it\")\n\t\t\t\t\tmodelID \u003d decoders.model.addModel(1, modelName)\n\t\t\t\t\tmodel \u003d decoders.model.getModel(modelID[\u0027id\u0027])\n\t\t\t\telse:\n\t\t\t\t\tsystem.perspective.print(\"Model found\")\n\t\t\t\t\tmodel \u003d decoders.model.getModel(model)\n\t\t\t\tsystem.perspective.print(type(model))\n\t\t\t\tdecoderContent \u003d v[\u0027decoder\u0027]\n\t\t\t\tdecoderID \u003d -1\n\t\t\t\tudtID \u003d -1\n\t\t\t\ttry:\n\t\t\t\t\tif model[\u0027decoderID\u0027] !\u003d None and model[\u0027decoderID\u0027] !\u003d 0:\n\t\t\t\t\t\tdecoderID \u003d model[\u0027decoderID\u0027]\n\t\t\t\t\telse:\n\t\t\t\t\t\tsystem.perspective.print(\"create decoder\")\n\t\t\t\t\t\td \u003d decoders.decoder.addDecoder(1, k)\n\t\t\t\t\t\tsystem.perspective.print(d)\n\t\t\t\t\t\tdecoderID \u003d d[\u0027id\u0027]\n\t\t\t\t\tsystem.perspective.print(\"decoder id is {0}\".format(decoderID))\n\t\t\t\t\tsystem.perspective.print(\"decoder type is {0}\".format(type(decoderContent)))\n\t\t\t\t\tif decoderContent !\u003d None: \n\t\t\t\t\t\tdecoders.decoder.updateDecoder(1, decoderID, k, decoderContent, \"JS\")\n\t\t\t\texcept Exception as e:\n\t\t\t\t\tsystem.perspective.print(\"Decoder save error\")\n\t\t\t\t\t\n\t\t\t\t\tsystem.perspective.print(e)\n\t\t\t\t\t#system.perspective.print(decoderContent)\n\t\t\t\t\t\n\t\t\t\t\t\n\t\t\n\t\t\t\ttry:\t\n\t\t\t\t\tif model[\u0027udtID\u0027] !\u003d None and  model[\u0027udtID\u0027] !\u003d 0:\n\t\t\t\t\t\tudtID \u003d model[\u0027udtID\u0027]\n\t\t\t\t\telse:\n\t\t\t\t\t\tu \u003d decoders.udt.createUDT(k, 1)\n\t\t\t\t\t\tudtID \u003d u[\u0027id\u0027]\n\t\t\t\t\t\n\t\t\t\t\t\n\t\t\t\t\tdecoders.udt.saveUDT(udtID, k, json.dumps(v[\u0027udt\u0027]))\n\t\t\t\texcept Exception as e:\n\t\t\t\t\tsystem.perspective.print(\"udt save error\")\n\t\t\t\t\t\n\t\t\t\t\tsystem.perspective.print(e)\n\t\t\t\ttry:\n\t\t\t\t\t\n\t\t\t\t\tif len(v[\u0027downlinks\u0027]) \u003e 0:\n\t\t\t\t\t\texistingDownlinks \u003d decoders.downlinks.listDownlinks(model[\u0027id\u0027])\n\t\t\t\t\t\tdownlinkID \u003d 0\n\t\t\t\t\t\tfor  c in v[\u0027downlinks\u0027]:\n\t\t\t\t\t\t\tdownlinkCheck \u003d decoders.downlinks.findDownlinkByName(existingDownlinks, c[\u0027name\u0027])\n\t\t\t\t\t\t\tif downlinkCheck !\u003d None:\n\t\t\t\t\t\t\t\tdownlinkID \u003d downlinkCheck[\u0027id\u0027]\n\t\t\t\t\t\t\tdecoders.downlinks.saveDownlink(downlinkID, model[\u0027id\u0027], c[\u0027hex\u0027], c[\u0027port\u0027], c[\u0027description\u0027], c[\u0027name\u0027])\n\t\t\t\texcept Exception as e:\n\t\t\t\t\t\n\t\t\t\t\tsystem.perspective.print(e)\n\t\t\t\t\t\n\t\t\t\t\tsystem.perspective.print(\"Error saving downlinks\")\n\t\t\t\t\t\n\t\t\t\ttry:\n\t\t\t\t\tv[\u0027deviceProfile\u0027][\u0027udtID\u0027] \u003d udtID\n\t\t\t\t\tv[\u0027deviceProfile\u0027][\u0027decoderID\u0027] \u003d decoderID\n\t\t\t\t\t##update device profile\n\t\t\t\t\tresults \u003d decoders.model.updateModel(v[\u0027deviceProfile\u0027])\n\t\t\t\t\tsystem.perspective.print(results)\n\t\t\t\texcept Exception as e:\n\t\t\t\t\t\n\t\t\t\t\tsystem.perspective.print(e)\n\t\t\t\t\t\n\t\t\t\t\tsystem.perspective.print(\"model save error\")\n\t\t\n\texcept Exception as e:\n\t\tsystem.perspective.print(e)\n\t\n\tfinally:\n\t\tutils.messages.waiting.hideLoading()\n\t\tutils.messages.success.showSuccess(\"Uploaded\")\n\t\tsystem.perspective.sendMessage(\"reload-profiles\")",
          "sessionScope": false,
          "viewScope": false
        }
      ]
    },
    "type": "ia.container.flex"
  }
}