{
  "custom": {},
  "params": {
    "description": "value",
    "devEUI": "value",
    "hexCode": "value",
    "name": "value",
    "port": "value",
    "tagPath": "value"
  },
  "propConfig": {
    "params.description": {
      "paramDirection": "input",
      "persistent": true
    },
    "params.devEUI": {
      "paramDirection": "input",
      "persistent": true
    },
    "params.hexCode": {
      "paramDirection": "input",
      "persistent": true
    },
    "params.name": {
      "paramDirection": "input",
      "persistent": true
    },
    "params.port": {
      "paramDirection": "input",
      "persistent": true
    },
    "params.tagPath": {
      "paramDirection": "input",
      "persistent": true
    }
  },
  "props": {
    "defaultSize": {
      "height": 85
    }
  },
  "root": {
    "children": [
      {
        "events": {
          "dom": {
            "onClick": {
              "config": {
                "script": "\tself.props.enabled \u003d False\n\tutils.messages.waiting.showLoading()\n\ttry:\n\t\tresults \u003d decoders.downlinks.sendDownlink(self.view.params.hexCode, self.view.params.port, self.view.params.devEUI, self.session.custom.tenantID)\n\t\tutils.messages.waiting.hideLoading()\n\t\tif utils.resultParser.isResultSuccess(results):\n\t\t\tutils.messages.success.showSuccess(\"Downlink sent to device\")\n\t\t\tdevice.tagOperations.updateTagValues([self.view.params.tagPath + \"/metaData/configuration\"], [self.view.params.description])\n\t\t\tsystem.sitesync.addLog(\"Downlink sent to device {0}\".format(self.view.params.description), self.view.params.devEUI)\n\t\telse:\n\t\t\tutils.messages.errors.showErrorMessage(utils.resultParser.getResultMessage(results))\n\texcept Exception as e:\n\t\tutils.messages.waiting.hideLoading()\n\t\tutils.messages.errors.showErrorMessage(str(e))\n\tself.props.enabled \u003d True"
              },
              "scope": "G",
              "type": "script"
            }
          }
        },
        "meta": {
          "name": "Button"
        },
        "position": {
          "breakpoints": [
            {
              "colIndex": 0,
              "name": "sm",
              "order": 1,
              "rowIndex": 0,
              "span": 12
            },
            {
              "colIndex": 1,
              "name": "md",
              "order": 0,
              "rowIndex": 0,
              "span": 4
            },
            {
              "colIndex": 1,
              "name": "lg",
              "order": 0,
              "rowIndex": 0,
              "span": 4
            }
          ],
          "height": 50
        },
        "propConfig": {
          "props.text": {
            "binding": {
              "config": {
                "path": "view.params.name"
              },
              "type": "property"
            }
          }
        },
        "type": "ia.input.button"
      },
      {
        "meta": {
          "name": "Label"
        },
        "position": {
          "breakpoints": [
            {
              "colIndex": 0,
              "name": "sm",
              "order": 0,
              "rowIndex": 1,
              "span": 12
            },
            {
              "colIndex": 6,
              "name": "md",
              "order": 0.5,
              "rowIndex": 0,
              "span": 5
            },
            {
              "colIndex": 6,
              "name": "lg",
              "order": 1,
              "rowIndex": 0,
              "span": 5
            }
          ],
          "height": "auto"
        },
        "propConfig": {
          "props.text": {
            "binding": {
              "config": {
                "path": "view.params.description"
              },
              "type": "property"
            }
          }
        },
        "type": "ia.display.label"
      }
    ],
    "meta": {
      "name": "root"
    },
    "type": "ia.container.column"
  }
}