{
  "custom": {},
  "params": {
    "tagPath": "[default]Aloxy-ValvePosition-2667"
  },
  "propConfig": {
    "params.tagPath": {
      "paramDirection": "input",
      "persistent": true
    }
  },
  "props": {},
  "root": {
    "children": [
      {
        "children": [
          {
            "meta": {
              "name": "EmbeddedView_0"
            },
            "position": {
              "shrink": 0
            },
            "propConfig": {
              "props.params.tagPath": {
                "binding": {
                  "config": {
                    "path": "view.params.tagPath"
                  },
                  "transforms": [
                    {
                      "code": "\treturn value + \"/metaData/valueToDisplay\"",
                      "type": "script"
                    }
                  ],
                  "type": "property"
                }
              }
            },
            "props": {
              "path": "Devices/Details/values/displayRow"
            },
            "type": "ia.display.view"
          },
          {
            "meta": {
              "name": "EmbeddedView"
            },
            "position": {
              "grow": 1
            },
            "propConfig": {
              "props.params.tagPath": {
                "binding": {
                  "config": {
                    "path": "view.params.tagPath"
                  },
                  "type": "property"
                }
              }
            },
            "props": {
              "path": "Devices/Details/values/allValues"
            },
            "type": "ia.display.view"
          }
        ],
        "meta": {
          "name": "currentValues"
        },
        "position": {
          "grow": 1
        },
        "props": {
          "direction": "column",
          "justify": "space-around"
        },
        "type": "ia.container.flex"
      }
    ],
    "meta": {
      "name": "root"
    },
    "type": "ia.container.flex"
  }
}