{
  "custom": {},
  "params": {
    "tagPath": "[default]Aloxy-14CC"
  },
  "propConfig": {
    "params.tagPath": {
      "paramDirection": "input",
      "persistent": true
    }
  },
  "props": {},
  "root": {
    "children": [
      {
        "children": [
          {
            "children": [
              {
                "meta": {
                  "name": "Label"
                },
                "position": {
                  "grow": 1
                },
                "propConfig": {
                  "props.text": {
                    "binding": {
                      "config": {
                        "fallbackDelay": 2.5,
                        "mode": "indirect",
                        "references": {
                          "tagPath": "{view.params.tagPath}"
                        },
                        "tagPath": "{tagPath}/otherValues/valveType"
                      },
                      "transforms": [
                        {
                          "code": "\treturn \"Valve Type: {0}\".format(value.title())",
                          "type": "script"
                        }
                      ],
                      "type": "tag"
                    }
                  }
                },
                "props": {
                  "style": {
                    "classes": "label"
                  }
                },
                "type": "ia.display.label"
              },
              {
                "children": [
                  {
                    "meta": {
                      "name": "Label"
                    },
                    "position": {
                      "grow": 1
                    },
                    "propConfig": {
                      "props.text": {
                        "binding": {
                          "config": {
                            "fallbackDelay": 2.5,
                            "mode": "indirect",
                            "references": {
                              "tagPath": "{view.params.tagPath}"
                            },
                            "tagPath": "{tagPath}/Measurements/logicalPosition"
                          },
                          "transforms": [
                            {
                              "code": "\treturn \"Current Position: {0}%\".format(value.title())",
                              "type": "script"
                            }
                          ],
                          "type": "tag"
                        }
                      }
                    },
                    "props": {
                      "style": {
                        "classes": "label"
                      }
                    },
                    "type": "ia.display.label"
                  }
                ],
                "meta": {
                  "name": "Current Position"
                },
                "position": {
                  "basis": "32px"
                },
                "type": "ia.container.flex"
              },
              {
                "meta": {
                  "name": "Label_0"
                },
                "position": {
                  "grow": 1
                },
                "propConfig": {
                  "props.text": {
                    "binding": {
                      "config": {
                        "fallbackDelay": 2.5,
                        "mode": "indirect",
                        "references": {
                          "tagPath": "{view.params.tagPath}"
                        },
                        "tagPath": "{tagPath}/LoRaMetrics/MesgTimeStamp"
                      },
                      "transforms": [
                        {
                          "code": "\treturn utils.timeFormatter.time_elapsed_since_dateTag(value)",
                          "type": "script"
                        }
                      ],
                      "type": "tag"
                    }
                  }
                },
                "props": {
                  "style": {
                    "classes": "label"
                  }
                },
                "type": "ia.display.label"
              }
            ],
            "meta": {
              "name": "FlexContainer"
            },
            "position": {
              "shrink": 0
            },
            "props": {
              "direction": "column"
            },
            "type": "ia.container.flex"
          },
          {
            "meta": {
              "name": "Valve"
            },
            "position": {
              "basis": "100px"
            },
            "propConfig": {
              "props.value.text": {
                "binding": {
                  "config": {
                    "fallbackDelay": 2.5,
                    "mode": "indirect",
                    "references": {
                      "tagPath": "{view.params.tagPath}"
                    },
                    "tagPath": "{tagPath}/Measurements/logicalPosition"
                  },
                  "transforms": [
                    {
                      "code": "\tif value \u003d\u003d 0:\n\t\treturn \"Closed\"\n\telif value \u003e 10:\n\t\treturn \"Open\"\n\telse:\n\t\treturn \"Traveling\"\n\t",
                      "type": "script"
                    }
                  ],
                  "type": "tag"
                }
              }
            },
            "props": {
              "state": "open",
              "value": {}
            },
            "type": "ia.symbol.valve"
          }
        ],
        "meta": {
          "name": "FlexContainer"
        },
        "position": {
          "shrink": 0
        },
        "props": {
          "justify": "space-between",
          "style": {
            "backgroundColor": "#8080804F",
            "borderBottomLeftRadius": "12px",
            "borderBottomRightRadius": "12px",
            "borderTopLeftRadius": "12px",
            "borderTopRightRadius": "12px",
            "margin": "2%",
            "padding": "1%"
          }
        },
        "type": "ia.container.flex"
      },
      {
        "children": [
          {
            "children": [
              {
                "meta": {
                  "name": "Label"
                },
                "position": {
                  "basis": "50px"
                },
                "props": {
                  "style": {
                    "classes": "label"
                  },
                  "text": "Position"
                },
                "type": "ia.display.label"
              },
              {
                "meta": {
                  "name": "PowerChart"
                },
                "position": {
                  "basis": "600px"
                },
                "props": {
                  "config": {
                    "endDate": {
                      "$": [
                        "ts",
                        0,
                        1742919702208
                      ],
                      "$ts": 1742965140000
                    },
                    "mode": "historical",
                    "rangeEndDate": {
                      "$": [
                        "ts",
                        0,
                        1742919702829
                      ],
                      "$ts": 1742958856510
                    },
                    "rangeSelectorPen": "histprov:SiteSyncDemo:/drv:sitesync-demo:default:/tag:aloxy-14cc/measurements/logicalposition",
                    "rangeStartDate": {
                      "$": [
                        "ts",
                        0,
                        1742919804980
                      ],
                      "$ts": 1741080093000
                    },
                    "startDate": {
                      "$": [
                        "ts",
                        0,
                        1742919702208
                      ],
                      "$ts": 1741080093000
                    }
                  },
                  "interaction": {
                    "chartZoomLevel": 1,
                    "rangeZoomLevel": 1
                  },
                  "legend": {
                    "visible": true
                  },
                  "pens": [
                    {
                      "axis": "",
                      "data": {
                        "aggregateMode": "default",
                        "source": "histprov:SiteSyncDemo:/drv:sitesync-demo:default:/tag:aloxy-14cc/measurements/logicalposition"
                      },
                      "display": {
                        "breakLine": true,
                        "interpolation": "curveLinear",
                        "radius": 3,
                        "styles": {
                          "highlighted": {
                            "fill": {
                              "color": "#63BEA2",
                              "opacity": 1
                            },
                            "stroke": {
                              "color": "#63BEA2",
                              "dashArray": 0,
                              "opacity": 1,
                              "width": 1
                            }
                          },
                          "muted": {
                            "fill": {
                              "color": "#63BEA2",
                              "opacity": 0.4
                            },
                            "stroke": {
                              "color": "#63BEA2",
                              "dashArray": 0,
                              "opacity": 0.4,
                              "width": 1
                            }
                          },
                          "normal": {
                            "fill": {
                              "color": "#63BEA2",
                              "opacity": 0.8
                            },
                            "stroke": {
                              "color": "#63BEA2",
                              "dashArray": 0,
                              "opacity": 0.8,
                              "width": 1
                            }
                          },
                          "selected": {
                            "fill": {
                              "color": "#63BEA2",
                              "opacity": 1
                            },
                            "stroke": {
                              "color": "#63BEA2",
                              "dashArray": 0,
                              "opacity": 1,
                              "width": 1
                            }
                          }
                        },
                        "type": "line"
                      },
                      "enabled": true,
                      "name": "logicalposition",
                      "plot": 0,
                      "selectable": true,
                      "visible": true
                    }
                  ]
                },
                "type": "ia.chart.powerchart"
              }
            ],
            "meta": {
              "name": "FlexContainer"
            },
            "position": {
              "grow": 1
            },
            "props": {
              "direction": "column",
              "style": {
                "classes": "forms/configurationBox"
              }
            },
            "type": "ia.container.flex"
          },
          {
            "children": [
              {
                "meta": {
                  "name": "Label"
                },
                "position": {
                  "basis": "50px"
                },
                "props": {
                  "style": {
                    "classes": "label"
                  },
                  "text": "Battery"
                },
                "type": "ia.display.label"
              },
              {
                "meta": {
                  "name": "PowerChart"
                },
                "position": {
                  "grow": 1
                },
                "props": {
                  "config": {
                    "endDate": {
                      "$": [
                        "ts",
                        0,
                        1742919702208
                      ],
                      "$ts": 1742965140000
                    },
                    "mode": "historical",
                    "rangeEndDate": {
                      "$": [
                        "ts",
                        0,
                        1742919702829
                      ],
                      "$ts": 1742958856510
                    },
                    "rangeSelectorPen": "histprov:SiteSyncDemo:/drv:sitesync-demo:default:/tag:aloxy-14cc/measurements/logicalposition",
                    "rangeStartDate": {
                      "$": [
                        "ts",
                        0,
                        1742919702829
                      ],
                      "$ts": 1741080093000
                    },
                    "startDate": {
                      "$": [
                        "ts",
                        0,
                        1742919702208
                      ],
                      "$ts": 1741080093000
                    }
                  },
                  "interaction": {
                    "chartZoomLevel": 1,
                    "rangeZoomLevel": 1
                  },
                  "pens": [
                    {
                      "axis": "",
                      "data": {
                        "aggregateMode": "default",
                        "source": "histprov:SiteSyncDemo:/drv:sitesync-demo:default:/tag:aloxy-14cc/measurements/logicalposition"
                      },
                      "display": {
                        "breakLine": true,
                        "interpolation": "curveLinear",
                        "radius": 3,
                        "styles": {
                          "highlighted": {
                            "fill": {
                              "color": "#63BEA2",
                              "opacity": 1
                            },
                            "stroke": {
                              "color": "#63BEA2",
                              "dashArray": 0,
                              "opacity": 1,
                              "width": 1
                            }
                          },
                          "muted": {
                            "fill": {
                              "color": "#63BEA2",
                              "opacity": 0.4
                            },
                            "stroke": {
                              "color": "#63BEA2",
                              "dashArray": 0,
                              "opacity": 0.4,
                              "width": 1
                            }
                          },
                          "normal": {
                            "fill": {
                              "color": "#63BEA2",
                              "opacity": 0.8
                            },
                            "stroke": {
                              "color": "#63BEA2",
                              "dashArray": 0,
                              "opacity": 0.8,
                              "width": 1
                            }
                          },
                          "selected": {
                            "fill": {
                              "color": "#63BEA2",
                              "opacity": 1
                            },
                            "stroke": {
                              "color": "#63BEA2",
                              "dashArray": 0,
                              "opacity": 1,
                              "width": 1
                            }
                          }
                        },
                        "type": "line"
                      },
                      "enabled": true,
                      "name": "logicalposition",
                      "plot": 0,
                      "selectable": true,
                      "visible": true
                    }
                  ]
                },
                "type": "ia.chart.powerchart"
              }
            ],
            "meta": {
              "name": "FlexContainer_0"
            },
            "position": {
              "shrink": 0
            },
            "props": {
              "direction": "column",
              "style": {
                "classes": "forms/configurationBox"
              }
            },
            "type": "ia.container.flex"
          }
        ],
        "meta": {
          "name": "History"
        },
        "position": {
          "grow": 1
        },
        "props": {
          "direction": "column"
        },
        "type": "ia.container.flex"
      }
    ],
    "meta": {
      "name": "root"
    },
    "props": {
      "direction": "column"
    },
    "type": "ia.container.flex"
  }
}