{
  "custom": {},
  "params": {
    "roles": [
      {
        "isAdmin": "False",
        "name": "value"
      }
    ]
  },
  "propConfig": {
    "params.roles": {
      "paramDirection": "input",
      "persistent": true
    }
  },
  "props": {},
  "root": {
    "children": [
      {
        "children": [
          {
            "meta": {
              "name": "Label"
            },
            "position": {
              "grow": 1
            },
            "props": {
              "style": {
                "classes": "forms/configHeading"
              },
              "text": "Roles"
            },
            "type": "ia.display.label"
          },
          {
            "events": {
              "dom": {
                "onClick": {
                  "config": {
                    "script": "\troles \u003d self.parent.parent.getChild(\"FlexRepeater\").props.instances\n\tnewRole \u003d {\n\t  \"instanceStyle\": {\n\t    \"classes\": \"\"\n\t  },\n\t  \"instancePosition\": {},\n\t  \"isAdmin\": False,\n\t  \"roleName\": None\n\t}\n\t\n\troles.append(newRole)"
                  },
                  "scope": "G",
                  "type": "script"
                }
              }
            },
            "meta": {
              "name": "Icon"
            },
            "position": {
              "basis": "30px"
            },
            "props": {
              "path": "material/add"
            },
            "type": "ia.display.icon"
          }
        ],
        "meta": {
          "name": "FlexContainer"
        },
        "position": {
          "basis": "32px"
        },
        "type": "ia.container.flex"
      },
      {
        "meta": {
          "name": "FlexRepeater"
        },
        "props": {
          "alignContent": "flex-start",
          "alignItems": "flex-start",
          "direction": "column",
          "elementPosition": {
            "basis": "auto"
          },
          "instances": [
            {
              "instancePosition": {},
              "instanceStyle": {
                "classes": ""
              },
              "isAdmin": false,
              "roleName": "ese-tech"
            },
            {
              "instancePosition": {},
              "instanceStyle": {
                "classes": ""
              },
              "isAdmin": true,
              "roleName": "ese-admin"
            }
          ],
          "path": "tenants/components/role",
          "useDefaultViewHeight": false
        },
        "type": "ia.display.flex-repeater"
      }
    ],
    "meta": {
      "name": "root"
    },
    "props": {
      "direction": "column"
    },
    "type": "ia.container.flex"
  }
}