{
  "custom": {},
  "params": {
    "rowData": {
      "id": 1,
      "tagPathBase": "value"
    }
  },
  "propConfig": {
    "params.rowData": {
      "paramDirection": "input",
      "persistent": true
    }
  },
  "props": {
    "defaultSize": {
      "height": 40,
      "width": 40
    }
  },
  "root": {
    "children": [
      {
        "meta": {
          "name": "Icon"
        },
        "position": {
          "basis": "30px"
        },
        "props": {
          "color": "#CA2424",
          "path": "material/delete_forever"
        },
        "type": "ia.display.icon"
      }
    ],
    "events": {
      "dom": {
        "onClick": {
          "config": {
            "draggable": true,
            "id": "9BXqjxYX",
            "modal": false,
            "overlayDismiss": false,
            "resizable": true,
            "showCloseIcon": true,
            "type": "open",
            "viewParams": {
              "currentPath": "{view.params.rowData}"
            },
            "viewPath": "Confirmations/deletePath",
            "viewportBound": false
          },
          "scope": "C",
          "type": "popup"
        }
      }
    },
    "meta": {
      "name": "root",
      "tooltip": {
        "enabled": true,
        "text": "delete standard tag path"
      }
    },
    "props": {
      "direction": "column"
    },
    "type": "ia.container.flex"
  }
}