{
  "custom": {},
  "params": {
    "content": "value",
    "label": "value"
  },
  "propConfig": {
    "params.content": {
      "paramDirection": "input",
      "persistent": true
    },
    "params.label": {
      "paramDirection": "input",
      "persistent": true
    }
  },
  "props": {
    "defaultSize": {
      "height": 88
    }
  },
  "root": {
    "children": [
      {
        "meta": {
          "name": "Label"
        },
        "position": {
          "basis": "32px"
        },
        "propConfig": {
          "props.text": {
            "binding": {
              "config": {
                "path": "view.params.label"
              },
              "type": "property"
            }
          }
        },
        "props": {
          "textStyle": {
            "fontWeight": "bold",
            "textAlign": "start"
          }
        },
        "type": "ia.display.label"
      },
      {
        "meta": {
          "name": "Label_0"
        },
        "position": {
          "basis": "32px"
        },
        "propConfig": {
          "props.text": {
            "binding": {
              "config": {
                "path": "view.params.content"
              },
              "type": "property"
            }
          }
        },
        "type": "ia.display.label"
      }
    ],
    "meta": {
      "name": "root"
    },
    "props": {
      "direction": "column"
    },
    "type": "ia.container.flex"
  }
}