{
  "custom": {},
  "params": {
    "tagPath": "[default]aloxyCoreTest"
  },
  "propConfig": {
    "params.tagPath": {
      "paramDirection": "input",
      "persistent": true
    }
  },
  "props": {
    "defaultSize": {
      "width": 300
    }
  },
  "root": {
    "children": [
      {
        "children": [
          {
            "meta": {
              "name": "FlexRepeater"
            },
            "position": {
              "basis": "100%",
              "grow": 1,
              "shrink": 0
            },
            "propConfig": {
              "props.instances[0].tagPath": {
                "binding": {
                  "config": {
                    "path": "view.params.tagPath"
                  },
                  "transforms": [
                    {
                      "code": "\treturn value + \u0027/metaData/valueToDisplay.engUnit\u0027",
                      "type": "script"
                    }
                  ],
                  "type": "property"
                }
              },
              "props.instances[1].tagPath": {
                "binding": {
                  "config": {
                    "path": "view.params.tagPath"
                  },
                  "transforms": [
                    {
                      "code": "\treturn value + \"/metaData/configuration.engHigh\"",
                      "type": "script"
                    }
                  ],
                  "type": "property"
                }
              },
              "props.instances[2].tagPath": {
                "binding": {
                  "config": {
                    "path": "view.params.tagPath"
                  },
                  "transforms": [
                    {
                      "code": "\treturn value + \"/metaData/configuration.engLow\"",
                      "type": "script"
                    }
                  ],
                  "type": "property"
                }
              },
              "props.instances[3].tagPath": {
                "binding": {
                  "config": {
                    "path": "view.params.tagPath"
                  },
                  "transforms": [
                    {
                      "code": "\treturn value + \"/metaData/valueToDisplay.engHigh\"",
                      "type": "script"
                    }
                  ],
                  "type": "property"
                }
              },
              "props.instances[4].tagPath": {
                "binding": {
                  "config": {
                    "path": "view.params.tagPath"
                  },
                  "transforms": [
                    {
                      "code": "\treturn value + \"/metaData/valueToDisplay.engLow\"",
                      "type": "script"
                    }
                  ],
                  "type": "property"
                }
              },
              "props.instances[5].tagPath": {
                "binding": {
                  "config": {
                    "path": "view.params.tagPath"
                  },
                  "transforms": [
                    {
                      "code": "\treturn value + \"/metaData/sensorType\"",
                      "type": "script"
                    }
                  ],
                  "type": "property"
                }
              }
            },
            "props": {
              "direction": "column",
              "instances": [
                {
                  "instancePosition": {},
                  "instanceStyle": {
                    "classes": ""
                  },
                  "valueLabel": "Unit",
                  "valueType": "TEXT"
                },
                {
                  "instancePosition": {},
                  "instanceStyle": {
                    "classes": ""
                  },
                  "valueLabel": "Range High",
                  "valueType": "TEXT"
                },
                {
                  "instancePosition": {},
                  "instanceStyle": {
                    "classes": ""
                  },
                  "valueLabel": "Range Low",
                  "valueType": "Int"
                },
                {
                  "instancePosition": {},
                  "instanceStyle": {
                    "classes": ""
                  },
                  "valueLabel": "Setpoint High",
                  "valueType": "Int"
                },
                {
                  "instancePosition": {},
                  "instanceStyle": {
                    "classes": ""
                  },
                  "valueLabel": "Setpoint Low",
                  "valueType": "Int"
                },
                {
                  "instancePosition": {},
                  "instanceStyle": {
                    "classes": ""
                  },
                  "valueLabel": "Sensor Type",
                  "valueType": "TEXT"
                }
              ],
              "path": "Dashboard/components/infrastructure/deviceDetails/limit",
              "useDefaultViewWidth": false
            },
            "type": "ia.display.flex-repeater"
          }
        ],
        "meta": {
          "name": "FlexContainer"
        },
        "position": {
          "basis": "200px",
          "grow": 1
        },
        "props": {
          "style": {
            "margin": "2%"
          }
        },
        "type": "ia.container.flex"
      }
    ],
    "meta": {
      "name": "root"
    },
    "props": {
      "direction": "column"
    },
    "type": "ia.container.flex"
  }
}