{
  "custom": {},
  "params": {
    "currentPath": {
      "id": 1,
      "tagPathBase": "something"
    }
  },
  "propConfig": {
    "params.currentPath": {
      "paramDirection": "input",
      "persistent": true
    }
  },
  "props": {},
  "root": {
    "children": [
      {
        "children": [
          {
            "events": {
              "dom": {
                "onClick": {
                  "config": {
                    "script": "\tsystem.perspective.closeDock(\"editPath\")"
                  },
                  "scope": "G",
                  "type": "script"
                }
              }
            },
            "meta": {
              "name": "Icon"
            },
            "position": {
              "grow": 1
            },
            "props": {
              "path": "material/close",
              "style": {
                "marginRight": "95%"
              }
            },
            "type": "ia.display.icon"
          }
        ],
        "meta": {
          "name": "FlexContainer"
        },
        "position": {
          "basis": "30px"
        },
        "props": {
          "style": {
            "borderBottomColor": "#4037377D",
            "borderBottomStyle": "solid"
          }
        },
        "type": "ia.container.flex"
      },
      {
        "children": [
          {
            "meta": {
              "name": "Label"
            },
            "position": {
              "basis": "50px"
            },
            "props": {
              "style": {
                "classes": "forms/configHeading"
              },
              "text": "Edit"
            },
            "type": "ia.display.label"
          },
          {
            "children": [
              {
                "meta": {
                  "name": "TextField"
                },
                "position": {
                  "grow": 1,
                  "shrink": 0
                },
                "propConfig": {
                  "props.text": {
                    "binding": {
                      "config": {
                        "bidirectional": true,
                        "path": "view.params.currentPath.tagPathBase"
                      },
                      "type": "property"
                    }
                  }
                },
                "type": "ia.input.text-field"
              },
              {
                "events": {
                  "dom": {
                    "onClick": {
                      "config": {
                        "script": "\tself.position.display \u003d False\n\t\n\tresults \u003d utils.normalizedTagPaths.updateNormalizedTagPath(self.view.params.currentPath.id, self.view.params.currentPath.tagPathBase)\n\tif utils.resultParser.isResultSuccess(results):\n\t\tsystem.perspective.closeDock(\"editPath\")\n\t\tsystem.perspective.sendMessage(\"refreshData\", {})\n\telse:\n\t\tutils.messages.errors.showErrorMessage(utils.resultParser.getResultMessage(results))\n\t\n\t\n\t\n\tself.position.display \u003d True"
                      },
                      "scope": "G",
                      "type": "script"
                    }
                  }
                },
                "meta": {
                  "name": "Icon"
                },
                "position": {
                  "basis": "30px"
                },
                "props": {
                  "path": "material/save"
                },
                "type": "ia.display.icon"
              }
            ],
            "meta": {
              "name": "management"
            },
            "props": {
              "justify": "flex-end"
            },
            "type": "ia.container.flex"
          }
        ],
        "meta": {
          "name": "edits"
        },
        "position": {
          "grow": 1,
          "shrink": 0
        },
        "props": {
          "direction": "column",
          "style": {
            "backgroundColor": "#3933332B",
            "borderBottomLeftRadius": "12px",
            "borderBottomRightRadius": "12px",
            "borderTopLeftRadius": "12px",
            "borderTopRightRadius": "12px",
            "padding": "2%"
          }
        },
        "type": "ia.container.flex"
      }
    ],
    "meta": {
      "name": "root"
    },
    "props": {
      "direction": "column"
    },
    "type": "ia.container.flex"
  }
}