{
  "custom": {},
  "params": {
    "tagPath": "[default]THL-F286"
  },
  "propConfig": {
    "params.tagPath": {
      "paramDirection": "input",
      "persistent": true
    }
  },
  "props": {
    "dropConfig": {
      "udts": [
        {
          "action": "path",
          "param": "tagPath",
          "type": "SiteSync/THL"
        }
      ]
    }
  },
  "root": {
    "children": [
      {
        "meta": {
          "name": "tempReading"
        },
        "position": {
          "basis": "108px",
          "shrink": 0
        },
        "propConfig": {
          "props.text": {
            "binding": {
              "config": {
                "path": "view.params.tagPath"
              },
              "transforms": [
                {
                  "code": "\treturn value.split(\u0027]\u0027)[1].split(\u0027/\u0027)[-1]",
                  "type": "script"
                }
              ],
              "type": "property"
            }
          }
        },
        "props": {
          "style": {
            "classes": "Dashboard/boldLabel"
          }
        },
        "type": "ia.display.label"
      },
      {
        "children": [
          {
            "meta": {
              "name": "Label"
            },
            "position": {
              "grow": 1,
              "shrink": 0
            },
            "props": {
              "style": {
                "classes": "Dashboard/boldLabel"
              },
              "text": "Temperature"
            },
            "type": "ia.display.label"
          },
          {
            "meta": {
              "name": "EmbeddedView"
            },
            "position": {
              "basis": "463px"
            },
            "propConfig": {
              "props.params.sources[0].path": {
                "binding": {
                  "config": {
                    "path": "view.params.tagPath"
                  },
                  "transforms": [
                    {
                      "code": "\treturn value + \"/temperature\"",
                      "type": "script"
                    }
                  ],
                  "type": "property"
                }
              }
            },
            "props": {
              "params": {
                "sources": [
                  {
                    "aggregate": "Average",
                    "alias": "temperature"
                  }
                ]
              },
              "path": "Dashboard/components/assets/historicalGraph/graph"
            },
            "type": "ia.display.view"
          },
          {
            "children": [
              {
                "children": [
                  {
                    "children": [
                      {
                        "meta": {
                          "name": "Label_0"
                        },
                        "props": {
                          "style": {
                            "marginRight": "2%"
                          },
                          "text": "Max"
                        },
                        "type": "ia.display.label"
                      },
                      {
                        "meta": {
                          "name": "Label_1"
                        },
                        "position": {
                          "basis": "19.2px"
                        },
                        "propConfig": {
                          "props.text": {
                            "binding": {
                              "config": {
                                "avoidScanClassValidation": true,
                                "calculations": [
                                  "Maximum"
                                ],
                                "dateRange": {
                                  "mostRecent": "1",
                                  "mostRecentUnits": "WEEK"
                                },
                                "enableValueCache": true,
                                "ignoreBadQuality": false,
                                "polling": {
                                  "enabled": false,
                                  "rate": "30"
                                },
                                "preventInterpolation": false,
                                "returnFormat": "Calculations",
                                "tags": "{....../tempContainer.custom.historical}",
                                "valueFormat": "DOCUMENT"
                              },
                              "transforms": [
                                {
                                  "code": "\treturn round(value[0][\u0027Maximum\u0027])",
                                  "type": "script"
                                }
                              ],
                              "type": "tag-history"
                            }
                          }
                        },
                        "type": "ia.display.label"
                      }
                    ],
                    "meta": {
                      "name": "min"
                    },
                    "position": {
                      "shrink": 0
                    },
                    "props": {
                      "justify": "space-between"
                    },
                    "type": "ia.container.flex"
                  },
                  {
                    "meta": {
                      "name": "Labelcurrent_1"
                    },
                    "position": {
                      "grow": 1
                    },
                    "propConfig": {
                      "props.text": {
                        "binding": {
                          "config": {
                            "fallbackDelay": 2.5,
                            "mode": "indirect",
                            "references": {
                              "tagPath": "{view.params.tagPath}"
                            },
                            "tagPath": "{tagPath}/temperature"
                          },
                          "type": "tag"
                        }
                      }
                    },
                    "props": {
                      "textStyle": {
                        "classes": "Dashboard/label"
                      }
                    },
                    "type": "ia.display.label"
                  },
                  {
                    "children": [
                      {
                        "meta": {
                          "name": "Label_0"
                        },
                        "position": {
                          "grow": 1
                        },
                        "props": {
                          "text": "Min"
                        },
                        "type": "ia.display.label"
                      },
                      {
                        "meta": {
                          "name": "Label_1"
                        },
                        "position": {
                          "grow": 1
                        },
                        "propConfig": {
                          "props.text": {
                            "binding": {
                              "config": {
                                "avoidScanClassValidation": true,
                                "calculations": [
                                  "Minimum"
                                ],
                                "dateRange": {
                                  "mostRecent": "1",
                                  "mostRecentUnits": "WEEK"
                                },
                                "enableValueCache": true,
                                "ignoreBadQuality": false,
                                "polling": {
                                  "enabled": false,
                                  "rate": "30"
                                },
                                "preventInterpolation": false,
                                "returnFormat": "Calculations",
                                "tags": "{....../tempContainer.custom.historical}",
                                "valueFormat": "DOCUMENT"
                              },
                              "transforms": [
                                {
                                  "code": "\treturn round(value[0][\u0027Minimum\u0027])",
                                  "type": "script"
                                }
                              ],
                              "type": "tag-history"
                            }
                          }
                        },
                        "type": "ia.display.label"
                      }
                    ],
                    "meta": {
                      "name": "max"
                    },
                    "type": "ia.container.flex"
                  }
                ],
                "meta": {
                  "name": "FlexContainer"
                },
                "position": {
                  "grow": 1,
                  "shrink": 0
                },
                "props": {
                  "direction": "column"
                },
                "type": "ia.container.flex"
              }
            ],
            "meta": {
              "name": "FlexContainer"
            },
            "position": {
              "basis": "112.5px"
            },
            "props": {
              "direction": "column"
            },
            "type": "ia.container.flex"
          }
        ],
        "custom": {
          "historical": [
            {
              "aggregation": "Average",
              "alias": "Temperature"
            }
          ]
        },
        "meta": {
          "name": "tempContainer"
        },
        "position": {
          "basis": "220px",
          "grow": 1,
          "shrink": 0
        },
        "propConfig": {
          "custom.historical[0].path": {
            "binding": {
              "config": {
                "path": "view.params.tagPath"
              },
              "transforms": [
                {
                  "code": "\treturn value + \"/temperature\"",
                  "type": "script"
                }
              ],
              "type": "property"
            }
          }
        },
        "props": {
          "style": {
            "backgroundColor": "#FFFFFF",
            "classes": "Dashboard/PVTile"
          }
        },
        "type": "ia.container.flex"
      },
      {
        "children": [
          {
            "meta": {
              "name": "Label"
            },
            "position": {
              "grow": 1,
              "shrink": 0
            },
            "props": {
              "style": {
                "classes": "Dashboard/boldLabel"
              },
              "text": "Humdity"
            },
            "type": "ia.display.label"
          },
          {
            "meta": {
              "name": "EmbeddedView"
            },
            "position": {
              "basis": "490px"
            },
            "propConfig": {
              "props.params.sources[0].path": {
                "binding": {
                  "config": {
                    "path": "view.params.tagPath"
                  },
                  "transforms": [
                    {
                      "code": "\treturn value + \"/humidity\"",
                      "type": "script"
                    }
                  ],
                  "type": "property"
                }
              }
            },
            "props": {
              "params": {
                "sources": [
                  {
                    "aggregate": "Average",
                    "alias": "humidity"
                  }
                ]
              },
              "path": "Dashboard/components/assets/historicalGraph/graph"
            },
            "type": "ia.display.view"
          },
          {
            "children": [
              {
                "children": [
                  {
                    "children": [
                      {
                        "meta": {
                          "name": "Label_0"
                        },
                        "position": {
                          "grow": 1
                        },
                        "props": {
                          "text": "Max"
                        },
                        "type": "ia.display.label"
                      },
                      {
                        "meta": {
                          "name": "Label_1"
                        },
                        "position": {
                          "grow": 1
                        },
                        "propConfig": {
                          "props.text": {
                            "binding": {
                              "config": {
                                "avoidScanClassValidation": true,
                                "calculations": [
                                  "Maximum"
                                ],
                                "dateRange": {
                                  "mostRecent": "1",
                                  "mostRecentUnits": "WEEK"
                                },
                                "enableValueCache": true,
                                "ignoreBadQuality": false,
                                "polling": {
                                  "enabled": false,
                                  "rate": "30"
                                },
                                "preventInterpolation": false,
                                "returnFormat": "Calculations",
                                "tags": "{....../tempContainer_0.custom.historical}",
                                "valueFormat": "DOCUMENT"
                              },
                              "transforms": [
                                {
                                  "code": "\treturn round(value[0][\u0027Maximum\u0027])",
                                  "type": "script"
                                }
                              ],
                              "type": "tag-history"
                            }
                          }
                        },
                        "type": "ia.display.label"
                      }
                    ],
                    "meta": {
                      "name": "min"
                    },
                    "position": {
                      "shrink": 0
                    },
                    "type": "ia.container.flex"
                  },
                  {
                    "meta": {
                      "name": "Labelcurrent_1"
                    },
                    "position": {
                      "grow": 1
                    },
                    "propConfig": {
                      "props.text": {
                        "binding": {
                          "config": {
                            "fallbackDelay": 2.5,
                            "mode": "indirect",
                            "references": {
                              "tagPath": "{view.params.tagPath}"
                            },
                            "tagPath": "{tagPath}/humidity"
                          },
                          "type": "tag"
                        }
                      }
                    },
                    "props": {
                      "style": {
                        "classes": "Dashboard/label"
                      }
                    },
                    "type": "ia.display.label"
                  },
                  {
                    "children": [
                      {
                        "meta": {
                          "name": "Label_0"
                        },
                        "position": {
                          "grow": 1
                        },
                        "props": {
                          "text": "Min"
                        },
                        "type": "ia.display.label"
                      },
                      {
                        "meta": {
                          "name": "Label_1"
                        },
                        "position": {
                          "grow": 1
                        },
                        "propConfig": {
                          "props.text": {
                            "binding": {
                              "config": {
                                "avoidScanClassValidation": true,
                                "calculations": [
                                  "Minimum"
                                ],
                                "dateRange": {
                                  "mostRecent": "1",
                                  "mostRecentUnits": "WEEK"
                                },
                                "enableValueCache": true,
                                "ignoreBadQuality": false,
                                "polling": {
                                  "enabled": false,
                                  "rate": "30"
                                },
                                "preventInterpolation": false,
                                "returnFormat": "Calculations",
                                "tags": "{....../tempContainer_0.custom.historical}",
                                "valueFormat": "DOCUMENT"
                              },
                              "transforms": [
                                {
                                  "code": "\treturn round(value[0][\u0027Minimum\u0027])",
                                  "type": "script"
                                }
                              ],
                              "type": "tag-history"
                            }
                          }
                        },
                        "type": "ia.display.label"
                      }
                    ],
                    "meta": {
                      "name": "max"
                    },
                    "position": {
                      "shrink": 0
                    },
                    "type": "ia.container.flex"
                  }
                ],
                "meta": {
                  "name": "FlexContainer"
                },
                "position": {
                  "basis": "287.6px"
                },
                "props": {
                  "direction": "column"
                },
                "type": "ia.container.flex"
              }
            ],
            "meta": {
              "name": "FlexContainer"
            },
            "position": {
              "basis": "106px"
            },
            "props": {
              "direction": "column"
            },
            "type": "ia.container.flex"
          }
        ],
        "custom": {
          "historical": [
            {
              "aggregation": "Average",
              "alias": "Humidity"
            }
          ]
        },
        "meta": {
          "name": "tempContainer_0"
        },
        "position": {
          "basis": "220px",
          "grow": 1,
          "shrink": 0
        },
        "propConfig": {
          "custom.historical[0].path": {
            "binding": {
              "config": {
                "path": "view.params.tagPath"
              },
              "transforms": [
                {
                  "code": "\treturn value + \"/humidity\"",
                  "type": "script"
                }
              ],
              "type": "property"
            }
          }
        },
        "props": {
          "style": {
            "backgroundColor": "#FFFFFF",
            "classes": "Dashboard/PVTile"
          }
        },
        "type": "ia.container.flex"
      }
    ],
    "meta": {
      "name": "root"
    },
    "propConfig": {
      "props.style.backgroundColor": {
        "binding": {
          "config": {
            "fallbackDelay": 2.5,
            "mode": "indirect",
            "references": {
              "tagPath": "{view.params.tagPath}"
            },
            "tagPath": "{tagPath}/lightAlert"
          },
          "transforms": [
            {
              "code": "\tif int(value) \u003d\u003d 0:\n\t\treturn \"#FFFFFF\"\n\telse:\n\t\treturn \"#ff0000\"",
              "type": "script"
            }
          ],
          "type": "tag"
        }
      }
    },
    "props": {
      "direction": "column",
      "style": {
        "classes": "Dashboard/PVTile"
      }
    },
    "type": "ia.container.flex"
  }
}