{
  "custom": {
    "currentDownlink": {
      "description": "",
      "hexCommand": "",
      "name": "",
      "port": ""
    }
  },
  "params": {
    "deviceProfileId": ""
  },
  "propConfig": {
    "custom.currentDownlink": {
      "persistent": true
    },
    "params.deviceProfileId": {
      "paramDirection": "input",
      "persistent": true
    }
  },
  "props": {
    "defaultSize": {
      "height": 500
    }
  },
  "root": {
    "children": [
      {
        "children": [
          {
            "meta": {
              "name": "Label"
            },
            "position": {
              "basis": "289px"
            },
            "props": {
              "style": {
                "fontSize": 30
              },
              "text": "Add New Downlink",
              "textStyle": {
                "textAlign": "center"
              }
            },
            "type": "ia.display.label"
          }
        ],
        "meta": {
          "name": "FlexContainer_0"
        },
        "position": {
          "basis": "73px"
        },
        "props": {
          "alignItems": "center",
          "justify": "center",
          "style": {
            "color": "#0D5C63",
            "fontWeight": "600",
            "overflow": "hidden"
          }
        },
        "type": "ia.container.flex"
      },
      {
        "children": [
          {
            "children": [
              {
                "children": [
                  {
                    "meta": {
                      "name": "Label"
                    },
                    "position": {
                      "basis": "50px"
                    },
                    "props": {
                      "text": "Name",
                      "textStyle": {
                        "classes": "forms/configHeading"
                      }
                    },
                    "type": "ia.display.label"
                  },
                  {
                    "meta": {
                      "name": "TextField"
                    },
                    "propConfig": {
                      "props.text": {
                        "binding": {
                          "config": {
                            "bidirectional": true,
                            "path": "view.custom.currentDownlink.name"
                          },
                          "type": "property"
                        }
                      }
                    },
                    "props": {
                      "placeholder": "Downlink Name"
                    },
                    "type": "ia.input.text-field"
                  }
                ],
                "meta": {
                  "name": "Name Container"
                },
                "position": {
                  "basis": "NaNpx"
                },
                "props": {
                  "direction": "column"
                },
                "type": "ia.container.flex"
              },
              {
                "children": [
                  {
                    "meta": {
                      "name": "Label"
                    },
                    "position": {
                      "basis": "50px"
                    },
                    "props": {
                      "text": "Hex Downlink",
                      "textStyle": {
                        "classes": "forms/configHeading"
                      }
                    },
                    "type": "ia.display.label"
                  },
                  {
                    "meta": {
                      "name": "TextField"
                    },
                    "position": {
                      "basis": "NaNpx"
                    },
                    "propConfig": {
                      "props.text": {
                        "binding": {
                          "config": {
                            "bidirectional": true,
                            "path": "view.custom.currentDownlink.hexCommand"
                          },
                          "type": "property"
                        }
                      }
                    },
                    "props": {
                      "placeholder": "Downlink Content",
                      "spellcheck": false
                    },
                    "type": "ia.input.text-field"
                  }
                ],
                "meta": {
                  "name": "Hex Container"
                },
                "position": {
                  "basis": "NaNpx"
                },
                "props": {
                  "direction": "column"
                },
                "type": "ia.container.flex"
              },
              {
                "children": [
                  {
                    "meta": {
                      "name": "Label"
                    },
                    "position": {
                      "basis": "50px"
                    },
                    "props": {
                      "text": "Downlink Port",
                      "textStyle": {
                        "classes": "forms/configHeading"
                      }
                    },
                    "type": "ia.display.label"
                  },
                  {
                    "meta": {
                      "name": "TextField"
                    },
                    "propConfig": {
                      "props.text": {
                        "binding": {
                          "config": {
                            "bidirectional": true,
                            "path": "view.custom.currentDownlink.port"
                          },
                          "type": "property"
                        }
                      }
                    },
                    "props": {
                      "placeholder": "Downlink Content"
                    },
                    "type": "ia.input.text-field"
                  }
                ],
                "meta": {
                  "name": "Port Container"
                },
                "props": {
                  "direction": "column"
                },
                "type": "ia.container.flex"
              },
              {
                "children": [
                  {
                    "meta": {
                      "name": "Label"
                    },
                    "position": {
                      "basis": "50px"
                    },
                    "props": {
                      "text": "Description"
                    },
                    "type": "ia.display.label"
                  },
                  {
                    "meta": {
                      "name": "TextArea"
                    },
                    "propConfig": {
                      "props.text": {
                        "binding": {
                          "config": {
                            "bidirectional": true,
                            "path": "view.custom.currentDownlink.description"
                          },
                          "type": "property"
                        }
                      }
                    },
                    "props": {
                      "placeholder": "Description that will be displayed on device after downlink is applied"
                    },
                    "type": "ia.input.text-area"
                  }
                ],
                "meta": {
                  "name": "Description Container"
                },
                "position": {
                  "basis": "NaNpx"
                },
                "props": {
                  "direction": "column",
                  "style": {
                    "classes": "forms/configHeading"
                  }
                },
                "type": "ia.container.flex"
              }
            ],
            "meta": {
              "name": "form"
            },
            "props": {
              "direction": "column",
              "justify": "space-evenly",
              "style": {
                "overflow": "hidden"
              }
            },
            "type": "ia.container.flex"
          }
        ],
        "meta": {
          "name": "FlexContainer"
        },
        "props": {
          "direction": "column",
          "justify": "space-between",
          "style": {
            "overflow": "hidden"
          }
        },
        "type": "ia.container.flex"
      },
      {
        "events": {
          "dom": {
            "onClick": {
              "config": {
                "script": "#\tsystem.perspective.print(self.view.params.deviceProfileId)\n\ttry:\n\t\tsystem.perspective.print(self.view.params.deviceProfileId)\n\t\tmessage \u003d decoders.downlinks.saveDownlink(0, int(self.view.params.deviceProfileId), self.view.custom.currentDownlink.hexCommand, self.view.custom.currentDownlink.port, self.view.custom.currentDownlink.description, self.view.custom.currentDownlink.name)\n\t\tsystem.perspective.print(message)\n\t\t\n\t\tstatus \u003d utils.resultParser.isResultSuccess(message)\n\t\tif status \u003d\u003d True:\n\t\t\tutils.messages.success.showSuccess(\"Successfully saved downlink!\")\n\t\t\tsystem.perspective.sendMessage(\"refresh-data\", {})\n\t\t\tsystem.perspective.closePopup(\"oN-9XKAF\")\n\t\telse:\n\t\t\tutils.messages.errors.showErrorMessage(utils.resultParser.getResultMessage(message))\n\texcept:\n\t\tutils.messages.errors.showErrorMessage(\"Failed to save downlink. Verify valid hex is provided for hex downlink and an integer value for downlink port.\")\n\t"
              },
              "scope": "G",
              "type": "script"
            }
          }
        },
        "meta": {
          "name": "Button"
        },
        "position": {
          "basis": "34px"
        },
        "props": {
          "style": {
            "marginLeft": 100,
            "marginRight": 100,
            "marginTop": 30
          },
          "text": "Add Downlink"
        },
        "type": "ia.input.button"
      }
    ],
    "meta": {
      "name": "root"
    },
    "props": {
      "direction": "column",
      "style": {
        "marginBottom": 20,
        "marginLeft": 20,
        "marginRight": 20,
        "marginTop": 20
      }
    },
    "type": "ia.container.flex"
  }
}