{
  "custom": {
    "UDTPath": "[default]90ab96fffee1ae1b"
  },
  "params": {
    "fullTagPath": "[default]90ab96fffee1ae1b"
  },
  "propConfig": {
    "custom.UDTPath": {
      "binding": {
        "config": {
          "path": "view.params.fullTagPath"
        },
        "type": "property"
      },
      "persistent": true
    },
    "params.fullTagPath": {
      "paramDirection": "input",
      "persistent": true
    }
  },
  "props": {},
  "root": {
    "children": [
      {
        "meta": {
          "name": "FlexRepeater"
        },
        "propConfig": {
          "position.display": {
            "binding": {
              "config": {
                "path": "view.params.UDTPath"
              },
              "enabled": false,
              "transforms": [
                {
                  "code": "\tif value !\u003d None:\n\t\treturn True\n\telse:\n\t\treturn False\n",
                  "type": "script"
                }
              ],
              "type": "property"
            }
          },
          "props.instances[0].label": {
            "binding": {
              "config": {
                "path": "view.custom.UDTPath"
              },
              "type": "property"
            }
          },
          "props.instances[0].udtPath": {
            "binding": {
              "config": {
                "path": "view.custom.UDTPath"
              },
              "transforms": [
                {
                  "code": "\treturn value + \"/LoRaMetrics/expected_checkin_window\"",
                  "type": "script"
                }
              ],
              "type": "property"
            }
          },
          "props.instances[1].udtPath": {
            "binding": {
              "config": {
                "path": "view.custom.UDTPath"
              },
              "transforms": [
                {
                  "code": "\treturn value + \"/metaData/manufacturer\"",
                  "type": "script"
                }
              ],
              "type": "property"
            }
          },
          "props.instances[2].udtPath": {
            "binding": {
              "config": {
                "path": "view.custom.UDTPath"
              },
              "transforms": [
                {
                  "code": "\treturn value + \"/metaData/model\"",
                  "type": "script"
                }
              ],
              "type": "property"
            }
          },
          "props.instances[3].udtPath": {
            "binding": {
              "config": {
                "path": "view.custom.UDTPath"
              },
              "transforms": [
                {
                  "code": "\treturn value + \"/metaData/firmware_version\"",
                  "type": "script"
                }
              ],
              "type": "property"
            }
          },
          "props.instances[4].udtPath": {
            "binding": {
              "config": {
                "path": "view.custom.UDTPath"
              },
              "transforms": [
                {
                  "code": "\treturn value + \"/metaData/hardware_version\"",
                  "type": "script"
                }
              ],
              "type": "property"
            }
          },
          "props.instances[5].udtPath": {
            "binding": {
              "config": {
                "path": "view.custom.UDTPath"
              },
              "transforms": [
                {
                  "code": "\treturn value + \"/metaData/limitedModel\"",
                  "type": "script"
                }
              ],
              "type": "property"
            }
          },
          "props.instances[6].udtPath": {
            "binding": {
              "config": {
                "path": "view.custom.UDTPath"
              },
              "transforms": [
                {
                  "code": "\treturn value + \"/metaData/sensorType\"",
                  "type": "script"
                }
              ],
              "type": "property"
            }
          },
          "props.instances[7].udtPath": {
            "binding": {
              "config": {
                "path": "view.custom.UDTPath"
              },
              "transforms": [
                {
                  "code": "\treturn value + \"/metaData/valueToDisplay\"",
                  "type": "script"
                }
              ],
              "type": "property"
            }
          },
          "props.instances[8].udtPath": {
            "binding": {
              "config": {
                "fallbackDelay": 2.5,
                "mode": "indirect",
                "references": {
                  "UDTPath": "{view.params.UDTPath}"
                },
                "tagPath": "{UDTPath}/metaData/valueToDisplay.engUnit"
              },
              "type": "tag"
            }
          }
        },
        "props": {
          "direction": "column",
          "elementPosition": {
            "basis": "auto",
            "shrink": 0
          },
          "instances": [
            {
              "entryType": "NUMBER",
              "instancePosition": {},
              "instanceStyle": {
                "classes": ""
              },
              "tooltip": "The number of seconds expected between the sensor sending a message, this will effect diagnostics and alarming"
            },
            {
              "entryType": "TEXT",
              "instancePosition": {},
              "instanceStyle": {
                "classes": ""
              },
              "label": "Manfacturer",
              "tooltip": "creator of device"
            },
            {
              "entryType": "TEXT",
              "instancePosition": {},
              "instanceStyle": {
                "classes": ""
              },
              "label": "Model",
              "tooltip": "sensor name"
            },
            {
              "entryType": "TEXT",
              "instancePosition": {},
              "instanceStyle": {
                "classes": ""
              },
              "label": "Firmware Version",
              "tooltip": "the default firmware of the sensor"
            },
            {
              "entryType": "TEXT",
              "instancePosition": {},
              "instanceStyle": {
                "classes": ""
              },
              "label": "Hardware Version",
              "tooltip": "The hardware version of the sensor"
            },
            {
              "entryType": "DROPDOWN",
              "instancePosition": {},
              "instanceStyle": {
                "classes": ""
              },
              "label": "Limited Model",
              "tooltip": "The user defined model to export the data as"
            },
            {
              "entryType": "TEXT",
              "instancePosition": {},
              "instanceStyle": {
                "classes": ""
              },
              "label": "Primary Measurement",
              "tooltip": "The primary value that the sensor reports "
            },
            {
              "entryType": "TAGSELECTOR",
              "instancePosition": {},
              "instanceStyle": {
                "classes": ""
              },
              "label": "DisplayValue",
              "tooltip": "The primary value that the sensor reports "
            },
            {
              "entryType": "TEXT",
              "instancePosition": {},
              "instanceStyle": {
                "classes": ""
              },
              "label": "Display Value Units",
              "tooltip": "value"
            }
          ],
          "path": "DataManagement/DeviceProfile/specs/form/formHolder",
          "useDefaultViewHeight": false,
          "useDefaultViewWidth": false
        },
        "type": "ia.display.flex-repeater"
      }
    ],
    "meta": {
      "name": "root"
    },
    "props": {
      "direction": "column"
    },
    "type": "ia.container.flex"
  }
}