{
  "custom": {},
  "params": {
    "label": "value",
    "toolTip": "value",
    "udtPath": "value"
  },
  "propConfig": {
    "params.label": {
      "paramDirection": "input",
      "persistent": true
    },
    "params.toolTip": {
      "paramDirection": "input",
      "persistent": true
    },
    "params.udtPath": {
      "paramDirection": "input",
      "persistent": true
    }
  },
  "props": {
    "defaultSize": {
      "height": 68
    }
  },
  "root": {
    "children": [
      {
        "meta": {
          "name": "Label"
        },
        "position": {
          "breakpoints": [
            {
              "colIndex": 0,
              "name": "sm",
              "order": 0,
              "rowIndex": 0,
              "span": 4
            },
            {
              "colIndex": 0,
              "name": "md",
              "order": 0,
              "rowIndex": 0,
              "span": 4
            },
            {
              "colIndex": 0,
              "name": "lg",
              "order": 0,
              "rowIndex": 0,
              "span": 4
            }
          ],
          "height": 60
        },
        "propConfig": {
          "props.text": {
            "binding": {
              "config": {
                "path": "view.params.label"
              },
              "type": "property"
            }
          }
        },
        "props": {
          "style": {
            "classes": "forms/configHeading"
          }
        },
        "type": "ia.display.label"
      },
      {
        "events": {
          "dom": {
            "onClick": {
              "config": {
                "newTab": true,
                "url": "https://docs.sitesync.cloud"
              },
              "scope": "C",
              "type": "nav"
            }
          }
        },
        "meta": {
          "name": "Icon",
          "tooltip": {
            "enabled": true
          }
        },
        "position": {
          "breakpoints": [
            {
              "colIndex": 4,
              "name": "sm",
              "order": 1,
              "rowIndex": 0,
              "span": 1
            },
            {
              "colIndex": 4,
              "name": "md",
              "order": 1,
              "rowIndex": 0,
              "span": 1
            },
            {
              "colIndex": 4,
              "name": "lg",
              "order": 1,
              "rowIndex": 0,
              "span": 1
            }
          ],
          "height": 34
        },
        "propConfig": {
          "meta.tooltip.text": {
            "binding": {
              "config": {
                "path": "view.params.toolTip"
              },
              "type": "property"
            }
          }
        },
        "props": {
          "path": "material/info",
          "style": {
            "marginTop": "10%"
          }
        },
        "type": "ia.display.icon"
      },
      {
        "meta": {
          "name": "Dropdown"
        },
        "position": {
          "breakpoints": [
            {
              "colIndex": 5,
              "name": "sm",
              "order": 2,
              "rowIndex": 0,
              "span": 6
            },
            {
              "colIndex": 5,
              "name": "md",
              "order": 2,
              "rowIndex": 0,
              "span": 6
            },
            {
              "colIndex": 5,
              "name": "lg",
              "order": 2,
              "rowIndex": 0,
              "span": 6
            }
          ],
          "height": 60
        },
        "propConfig": {
          "props.options": {
            "binding": {
              "config": {
                "path": "view.params.udtPath"
              },
              "transforms": [
                {
                  "code": "\tmodels \u003d system.tag.browse(\"_types_/SiteSyncModels/\", filter\u003d{\"recursive\":False})\n\tdropdownOptions \u003d []\n\tmodelNames \u003d []\n\tif models !\u003d None:\n\t\tfor m in models:\n\t\t\tmodelName \u003d str(m[\u0027fullPath\u0027]).split(\"_types_/SiteSyncModels/\")[1]\n\t\t\tmodelPath \u003d str(m[\u0027fullPath\u0027]).split(\"_types_/\")[1]\n\t\t\toption \u003d utils.dropdowns.formatDropdownOption(modelName, modelPath)\n\t\t\tdropdownOptions.append(option)\n\t\t\n\telse:\n\t\toption \u003d utils.dropdowns.formatDropdownOption(\"No models configured\", None)\n\t\tdropdownOptions.append(option)\n\t\t\t\t\n\treturn dropdownOptions",
                  "type": "script"
                }
              ],
              "type": "property"
            }
          },
          "props.value": {
            "binding": {
              "config": {
                "fallbackDelay": 2.5,
                "mode": "indirect",
                "references": {
                  "udtPath": "{view.params.udtPath}"
                },
                "tagPath": "{udtPath}"
              },
              "type": "tag"
            }
          }
        },
        "type": "ia.input.dropdown"
      }
    ],
    "meta": {
      "name": "root"
    },
    "type": "ia.container.column"
  }
}