{
  "custom": {
    "deviceModel": {
      "LoRa_Version": "1.0.3",
      "channel": "2",
      "check_in_interval": 0,
      "decoder": null,
      "decoderID": 10,
      "device_class": "A",
      "device_type": "CURRENT",
      "external_device_profile_id": "vutility_hotdrop-d_RFGroup2_1.0.2b_A",
      "firmware_version": "v1",
      "hardware_version": "v1",
      "id": 7,
      "isStateful": 0,
      "loRaRevision": "",
      "loRaWANSpecs": null,
      "manufacturer": "Vutility",
      "model_name": "Vutility-HotDrop-Direct",
      "regional": "US915",
      "regionalParameters": "PHY_V1_0",
      "tenantID": 1,
      "udt": null,
      "udtID": 9
    },
    "udtPath": "_types_/SiteSync/Vutility-HotDrop"
  },
  "params": {
    "modelID": 7
  },
  "propConfig": {
    "custom.deviceModel": {
      "binding": {
        "config": {
          "path": "view.params.modelID"
        },
        "transforms": [
          {
            "code": "\ttry:\n\t\tsystem.perspective.print(\"loading model with ID: \" + str(value))\n\t\tprofile \u003d decoders.model.getModel(int(value))\n\t\tsystem.perspective.print(profile)\n\t\treturn profile\n\texcept Exception as e:\n\t\tsystem.perspective.print(str(e))",
            "type": "script"
          }
        ],
        "type": "property"
      },
      "persistent": true
    },
    "custom.udtPath": {
      "binding": {
        "config": {
          "path": "view.custom.deviceModel.udtID"
        },
        "transforms": [
          {
            "code": "\ttry:\n\t\tudt \u003d decoders.udt.getUDT(value)\n\t\tif udt !\u003d None:\n\t\t\timport json\n\t\t\tudtName \u003d  json.loads(udt[\u0027content\u0027])[\u0027name\u0027]\n\t\t\treturn \"_types_/SiteSync/\" + str(udtName)\n\t\telse:\n\t\t\treturn None\n\texcept Exception as e:\n\t\treturn None",
            "type": "script"
          }
        ],
        "type": "property"
      },
      "persistent": true
    },
    "params.modelID": {
      "paramDirection": "input",
      "persistent": true
    }
  },
  "props": {},
  "root": {
    "children": [
      {
        "children": [
          {
            "meta": {
              "name": "Label"
            },
            "position": {
              "grow": 1
            },
            "propConfig": {
              "props.text": {
                "binding": {
                  "config": {
                    "path": "view.custom.deviceModel.model_name"
                  },
                  "transforms": [
                    {
                      "code": "\treturn \"Device Profile: \" + value",
                      "type": "script"
                    }
                  ],
                  "type": "property"
                }
              }
            },
            "props": {
              "style": {
                "classes": "forms/configHeading",
                "marginBottom": "1%",
                "marginTop": "3%"
              }
            },
            "type": "ia.display.label"
          },
          {
            "events": {
              "dom": {
                "onClick": {
                  "config": {
                    "draggable": true,
                    "id": "aqhaX6PG",
                    "modal": false,
                    "overlayDismiss": false,
                    "resizable": true,
                    "showCloseIcon": true,
                    "type": "open",
                    "viewParams": {
                      "deviceProfile": "{view.custom.deviceModel}"
                    },
                    "viewPath": "Confirmations/deleteDeviceProfile",
                    "viewportBound": false
                  },
                  "scope": "C",
                  "type": "popup"
                }
              }
            },
            "meta": {
              "name": "Icon",
              "tooltip": {
                "enabled": true,
                "text": "delete device profile"
              }
            },
            "position": {
              "basis": "30px"
            },
            "props": {
              "path": "material/delete_forever"
            },
            "type": "ia.display.icon"
          }
        ],
        "meta": {
          "name": "FlexContainer"
        },
        "position": {
          "shrink": 0
        },
        "type": "ia.container.flex"
      },
      {
        "children": [
          {
            "children": [
              {
                "meta": {
                  "name": "Label"
                },
                "position": {
                  "basis": "32px"
                },
                "props": {
                  "text": "Core settings of a device profile"
                },
                "type": "ia.display.label"
              },
              {
                "children": [
                  {
                    "meta": {
                      "name": "Label"
                    },
                    "props": {
                      "style": {
                        "classes": "forms/configHeading"
                      },
                      "text": "Device Profile Name:"
                    },
                    "type": "ia.display.label"
                  },
                  {
                    "meta": {
                      "name": "TextField"
                    },
                    "position": {
                      "grow": 1
                    },
                    "propConfig": {
                      "props.text": {
                        "binding": {
                          "config": {
                            "bidirectional": true,
                            "path": "view.custom.deviceModel.model_name"
                          },
                          "type": "property"
                        }
                      }
                    },
                    "props": {
                      "style": {
                        "marginLeft": "2%",
                        "marginRight": "3%"
                      }
                    },
                    "type": "ia.input.text-field"
                  }
                ],
                "meta": {
                  "name": "deviceprofileName"
                },
                "props": {
                  "direction": "column"
                },
                "type": "ia.container.flex"
              },
              {
                "children": [
                  {
                    "meta": {
                      "name": "Label"
                    },
                    "props": {
                      "style": {
                        "classes": "forms/configHeading"
                      },
                      "text": "Decoder"
                    },
                    "type": "ia.display.label"
                  },
                  {
                    "children": [
                      {
                        "events": {
                          "system": {
                            "onStartup": {
                              "config": {
                                "script": "\tdecoderList \u003d decoders.decoder.listDecoders(self.session.custom.tenantID)\n\tdecodes \u003d []\n\tfor d in decoderList:\n\t\tdecode \u003d utils.dropdowns.formatDropdownOption(d[\u0027name\u0027], d[\u0027id\u0027])\n\t\tdecodes.append(decode)\n\t\t\n\tself.props.options \u003d decodes"
                              },
                              "scope": "G",
                              "type": "script"
                            }
                          }
                        },
                        "meta": {
                          "name": "Dropdown"
                        },
                        "position": {
                          "grow": 1
                        },
                        "propConfig": {
                          "props.value": {
                            "binding": {
                              "config": {
                                "bidirectional": true,
                                "path": "view.custom.deviceModel.decoderID"
                              },
                              "type": "property"
                            }
                          }
                        },
                        "props": {
                          "options": [
                            {
                              "label": "TE-connectivity-pressure",
                              "value": 1
                            },
                            {
                              "label": "TEVibration-8391N",
                              "value": 2
                            },
                            {
                              "label": "dragino-lht65",
                              "value": 3
                            },
                            {
                              "label": "cs01-lb",
                              "value": 4
                            },
                            {
                              "label": "dragino-pulse-counter",
                              "value": 5
                            },
                            {
                              "label": "TWTGPressure",
                              "value": 6
                            },
                            {
                              "label": "TWTG-vibration",
                              "value": 7
                            },
                            {
                              "label": "TWTG-Temperature-Transmitter",
                              "value": 8
                            },
                            {
                              "label": "TWTG-temperature",
                              "value": 9
                            },
                            {
                              "label": "vutility-hot-drop",
                              "value": 10
                            },
                            {
                              "label": "vutility-pulse-drop",
                              "value": 11
                            },
                            {
                              "label": "vutility-volt-drop",
                              "value": 12
                            },
                            {
                              "label": "Ellenex-Differential-Pressure",
                              "value": 13
                            },
                            {
                              "label": "tekelek-888",
                              "value": 14
                            },
                            {
                              "label": "riot-wireless-level",
                              "value": 15
                            },
                            {
                              "label": "RadioBridgeGeneral",
                              "value": 16
                            },
                            {
                              "label": "RadioBridgeVibration",
                              "value": 17
                            },
                            {
                              "label": "digital-oyster-tracking",
                              "value": 18
                            },
                            {
                              "label": "abeeway-asset-tracking",
                              "value": 19
                            },
                            {
                              "label": "BourdonPressureGauge",
                              "value": 20
                            },
                            {
                              "label": "corrosion-monitoring-v1",
                              "value": 21
                            },
                            {
                              "label": "honeywell-versatillis",
                              "value": 22
                            },
                            {
                              "label": "VegaAir",
                              "value": 23
                            },
                            {
                              "label": "VegaPuls",
                              "value": 24
                            },
                            {
                              "label": "THL",
                              "value": 25
                            },
                            {
                              "label": "yoko-sushi-vibration",
                              "value": 26
                            },
                            {
                              "label": "sampols-obiwise",
                              "value": 27
                            },
                            {
                              "label": "AloxyAPI",
                              "value": 28
                            },
                            {
                              "label": "GlamosWalker",
                              "value": 29
                            },
                            {
                              "label": "newDecoder_2024-08-15_103704",
                              "value": 30
                            },
                            {
                              "label": "Dragino_S31_LB",
                              "value": 31
                            },
                            {
                              "label": "Dragino_S31_LB",
                              "value": 32
                            },
                            {
                              "label": "Adeunis_RangeTester",
                              "value": 33
                            },
                            {
                              "label": "EnersysVoltTemp",
                              "value": 34
                            },
                            {
                              "label": "TE-Vibration-New",
                              "value": 35
                            },
                            {
                              "label": "vobo",
                              "value": 36
                            },
                            {
                              "label": "yokogawa-official-sushi-sensor",
                              "value": 37
                            },
                            {
                              "label": "TE-Vibration-Conagra",
                              "value": 38
                            },
                            {
                              "label": "eSeal",
                              "value": 39
                            },
                            {
                              "label": "sensa-valvePosition",
                              "value": 40
                            },
                            {
                              "label": "InneosenseLOTO",
                              "value": 41
                            },
                            {
                              "label": "ThisIsANewDecoder",
                              "value": 42
                            },
                            {
                              "label": "adventech-wise",
                              "value": 43
                            },
                            {
                              "label": "draginol2222",
                              "value": 44
                            },
                            {
                              "label": "MicroPims-CorrosionMonitoring",
                              "value": 45
                            },
                            {
                              "label": "corrosion-monitoring-v1",
                              "value": 46
                            },
                            {
                              "label": "sensa-valvePosition",
                              "value": 47
                            },
                            {
                              "label": "sensa-valvePosition",
                              "value": 48
                            },
                            {
                              "label": "sensa-valvePosition",
                              "value": 49
                            },
                            {
                              "label": "sensa-differentialPressure",
                              "value": 50
                            },
                            {
                              "label": "yoko-sushi-temperature",
                              "value": 51
                            },
                            {
                              "label": "glamos-signal-tester",
                              "value": 52
                            },
                            {
                              "label": "sensa-vibration",
                              "value": 53
                            },
                            {
                              "label": "yoko-sushi-pressure",
                              "value": 54
                            },
                            {
                              "label": "sensorNetworks-corrosion-monitoring",
                              "value": 55
                            },
                            {
                              "label": "sensa-valvePosition",
                              "value": 56
                            },
                            {
                              "label": "glamos-signal-tester",
                              "value": 57
                            },
                            {
                              "label": "sensa-vibration",
                              "value": 58
                            },
                            {
                              "label": "sensa-temperature",
                              "value": 59
                            },
                            {
                              "label": "glamos-signal-tester",
                              "value": 60
                            },
                            {
                              "label": "sensa-vibration",
                              "value": 61
                            },
                            {
                              "label": "TWTG-Contact",
                              "value": 62
                            },
                            {
                              "label": "TEPressure",
                              "value": 63
                            },
                            {
                              "label": "LHT65N-Temperature-Humidity",
                              "value": 64
                            },
                            {
                              "label": "draginoPulseCounter",
                              "value": 65
                            },
                            {
                              "label": "TWTGVibration",
                              "value": 66
                            },
                            {
                              "label": "TWTG-Temperature-Contact",
                              "value": 67
                            },
                            {
                              "label": "SensiaTemperature",
                              "value": 68
                            },
                            {
                              "label": "HotDropDirect",
                              "value": 69
                            },
                            {
                              "label": "PulseDropDirect",
                              "value": 70
                            },
                            {
                              "label": "VoltDrop",
                              "value": 71
                            },
                            {
                              "label": "TEK888",
                              "value": 72
                            },
                            {
                              "label": "RiotWirelessLevel",
                              "value": 73
                            },
                            {
                              "label": "OysterTracker",
                              "value": 74
                            },
                            {
                              "label": "AbeewayTracker",
                              "value": 75
                            },
                            {
                              "label": "versatilis",
                              "value": 76
                            },
                            {
                              "label": "SushiSensor",
                              "value": 77
                            },
                            {
                              "label": "ObiwiseSampols",
                              "value": 78
                            },
                            {
                              "label": "ineosense-pulse-logger",
                              "value": 79
                            },
                            {
                              "label": "TWTG-SteamTrap",
                              "value": 80
                            },
                            {
                              "label": "newDecoder_2025-04-01_153350",
                              "value": 81
                            },
                            {
                              "label": "newDecoder_2025-04-01_153833",
                              "value": 82
                            },
                            {
                              "label": "Test API Decoder",
                              "value": 83
                            },
                            {
                              "label": "MicroPims-CorrosionMonitoring-Stateful",
                              "value": 84
                            },
                            {
                              "label": "Glamos-Walker-Decoder",
                              "value": 85
                            },
                            {
                              "label": "newDecoder_2025-04-03_162457",
                              "value": 86
                            },
                            {
                              "label": "asystom",
                              "value": 87
                            },
                            {
                              "label": "newDecoder_2025-04-08_111648",
                              "value": 88
                            },
                            {
                              "label": "newDecoder_2025-04-08_140015",
                              "value": 89
                            },
                            {
                              "label": "TE-Triaxial-Vibration",
                              "value": 90
                            },
                            {
                              "label": "codec-library-TE",
                              "value": 91
                            },
                            {
                              "label": "TWTG-Vibration-v4",
                              "value": 92
                            },
                            {
                              "label": "Test-TWTG-Contact",
                              "value": 93
                            },
                            {
                              "label": "sensa-temperature",
                              "value": 94
                            },
                            {
                              "label": "codec-library-TE",
                              "value": 95
                            },
                            {
                              "label": "sensa-pressure",
                              "value": 96
                            },
                            {
                              "label": "corrosion-monitoring-v1",
                              "value": 97
                            },
                            {
                              "label": "sensa-temperature",
                              "value": 98
                            },
                            {
                              "label": "sensa-pressure",
                              "value": 99
                            },
                            {
                              "label": "Dragino TC",
                              "value": 100
                            },
                            {
                              "label": "Indusenz_Corrosion",
                              "value": 101
                            },
                            {
                              "label": "newDecoder_2025-04-22_120144",
                              "value": 102
                            },
                            {
                              "label": "newDecoder_2025-04-23_112323",
                              "value": 103
                            }
                          ]
                        },
                        "type": "ia.input.dropdown"
                      },
                      {
                        "events": {
                          "dom": {
                            "onClick": {
                              "config": {
                                "script": "\ttry:\n\t\tif self.view.custom.deviceModel.decoderID \u003d\u003d 0:\n\t\t\turl \u003d \"/data-manager/decode\"\n\t\telse:\n\t\t\turl \u003d\"/device-profile/decoder/\"+ str(self.view.custom.deviceModel.decoderID)\n\t\tsystem.perspective.navigate(page\u003durl, newTab\u003dTrue)\n\texcept Exception as e:\n\t\tsystem.perspective.print(e)"
                              },
                              "scope": "G",
                              "type": "script"
                            }
                          }
                        },
                        "meta": {
                          "name": "Icon",
                          "tooltip": {
                            "enabled": true,
                            "text": "Click to configure Decoder"
                          }
                        },
                        "position": {
                          "basis": "30px"
                        },
                        "props": {
                          "path": "material/chevron_right"
                        },
                        "type": "ia.display.icon"
                      }
                    ],
                    "meta": {
                      "name": "FlexContainer"
                    },
                    "props": {
                      "style": {
                        "marginLeft": "2%"
                      }
                    },
                    "type": "ia.container.flex"
                  }
                ],
                "meta": {
                  "name": "Decoder"
                },
                "props": {
                  "direction": "column"
                },
                "type": "ia.container.flex"
              },
              {
                "children": [
                  {
                    "meta": {
                      "name": "Label"
                    },
                    "props": {
                      "style": {
                        "classes": "forms/configHeading"
                      },
                      "text": "UDT"
                    },
                    "type": "ia.display.label"
                  },
                  {
                    "children": [
                      {
                        "events": {
                          "system": {
                            "onStartup": {
                              "config": {
                                "script": "\tdecoderList \u003d decoders.udt.listUDTs(self.session.custom.tenantID)\n\tdecodes \u003d []\n\tfor d in decoderList:\n\t\tdecode \u003d utils.dropdowns.formatDropdownOption(d[\u0027name\u0027], d[\u0027id\u0027])\n\t\tdecodes.append(decode)\n\t\t\n\tself.props.options \u003d decodes"
                              },
                              "scope": "G",
                              "type": "script"
                            }
                          }
                        },
                        "meta": {
                          "name": "Dropdown"
                        },
                        "position": {
                          "grow": 1
                        },
                        "propConfig": {
                          "props.value": {
                            "binding": {
                              "config": {
                                "bidirectional": true,
                                "path": "view.custom.deviceModel.udtID"
                              },
                              "type": "property"
                            }
                          }
                        },
                        "props": {
                          "options": [
                            {
                              "label": "TE-connectivity-pressure",
                              "value": 1
                            },
                            {
                              "label": "TEVibration",
                              "value": 2
                            },
                            {
                              "label": "dragino-lht65",
                              "value": 3
                            },
                            {
                              "label": "cs01-lb",
                              "value": 4
                            },
                            {
                              "label": "dragino-pulse-counter",
                              "value": 5
                            },
                            {
                              "label": "TWTGPressure",
                              "value": 6
                            },
                            {
                              "label": "TWTG-vibration",
                              "value": 7
                            },
                            {
                              "label": "TWTG-temperature",
                              "value": 8
                            },
                            {
                              "label": "vutility-hot-drop",
                              "value": 9
                            },
                            {
                              "label": "vutility-pulse-drop",
                              "value": 10
                            },
                            {
                              "label": "Ellenex-Differential-Pressure",
                              "value": 11
                            },
                            {
                              "label": "tekelek-888",
                              "value": 12
                            },
                            {
                              "label": "riot-wireless-level",
                              "value": 13
                            },
                            {
                              "label": "RadioBridgeVoltage",
                              "value": 14
                            },
                            {
                              "label": "RadioBridgeMoisture",
                              "value": 15
                            },
                            {
                              "label": "RadioBridgeTemperature",
                              "value": 16
                            },
                            {
                              "label": "RadioBridge4-20ma",
                              "value": 17
                            },
                            {
                              "label": "RadioBridgeAccelerometer",
                              "value": 18
                            },
                            {
                              "label": "RadioBridgeLevel",
                              "value": 19
                            },
                            {
                              "label": "RadioBridgeContactSensor",
                              "value": 20
                            },
                            {
                              "label": "RadioBridgeVibration",
                              "value": 21
                            },
                            {
                              "label": "RadioBridgeHumidity",
                              "value": 22
                            },
                            {
                              "label": "digital-oyster-tracking",
                              "value": 23
                            },
                            {
                              "label": "abeeway-asset-tracking",
                              "value": 24
                            },
                            {
                              "label": "bourdon-pressure-gauge",
                              "value": 25
                            },
                            {
                              "label": "corrosion-monitoring-v1",
                              "value": 26
                            },
                            {
                              "label": "honeywell-versatillis",
                              "value": 27
                            },
                            {
                              "label": "codec-library-vega",
                              "value": 28
                            },
                            {
                              "label": "VegaPulsAir",
                              "value": 29
                            },
                            {
                              "label": "codec-library-trackonomy",
                              "value": 30
                            },
                            {
                              "label": "SushiVibration",
                              "value": 31
                            },
                            {
                              "label": "sampols-obiwise",
                              "value": 32
                            },
                            {
                              "label": "aloxy-valve-position",
                              "value": 33
                            },
                            {
                              "label": "SiteSyncTemplate",
                              "value": 34
                            },
                            {
                              "label": "LoRaMetrics",
                              "value": 35
                            },
                            {
                              "label": "metaData",
                              "value": 36
                            },
                            {
                              "label": "SiteSyncConnectionStatus",
                              "value": 37
                            },
                            {
                              "label": "GlamosWalker",
                              "value": 38
                            },
                            {
                              "label": "adeunis",
                              "value": 39
                            },
                            {
                              "label": "",
                              "value": 40
                            },
                            {
                              "label": "newUDT_2024-08-15_114722",
                              "value": 41
                            },
                            {
                              "label": "EnersysVoltTemp",
                              "value": 42
                            },
                            {
                              "label": "TWTG-TT",
                              "value": 43
                            },
                            {
                              "label": "codec-library-TWTG",
                              "value": 44
                            },
                            {
                              "label": "TE-Triaxial-Vibration",
                              "value": 45
                            },
                            {
                              "label": "vobo",
                              "value": 46
                            },
                            {
                              "label": "eSeal",
                              "value": 47
                            },
                            {
                              "label": "sensa-valvePosition",
                              "value": 48
                            },
                            {
                              "label": "yoko-sushi-vibration",
                              "value": 49
                            },
                            {
                              "label": "Dragino_S31_LB",
                              "value": 50
                            },
                            {
                              "label": "ThisIsANewUdt",
                              "value": 51
                            },
                            {
                              "label": "draginol2222",
                              "value": 52
                            },
                            {
                              "label": "MicroPims-CorrosionMonitoring",
                              "value": 53
                            },
                            {
                              "label": "corrosion-monitoring-v1",
                              "value": 54
                            },
                            {
                              "label": "sensa-valvePosition",
                              "value": 55
                            },
                            {
                              "label": "sensa-valvePosition",
                              "value": 56
                            },
                            {
                              "label": "sensa-valvePosition",
                              "value": 57
                            },
                            {
                              "label": "sensa-differentialPressure",
                              "value": 58
                            },
                            {
                              "label": "vutility-volt-drop",
                              "value": 59
                            },
                            {
                              "label": "yoko-sushi-temperature",
                              "value": 60
                            },
                            {
                              "label": "glamos-signal-tester",
                              "value": 61
                            },
                            {
                              "label": "sensa-vibration",
                              "value": 62
                            },
                            {
                              "label": "yoko-sushi-pressure",
                              "value": 63
                            },
                            {
                              "label": "sensorNetworks-corrosion-monitoring",
                              "value": 64
                            },
                            {
                              "label": "sensa-valvePosition",
                              "value": 65
                            },
                            {
                              "label": "glamos-signal-tester",
                              "value": 66
                            },
                            {
                              "label": "sensa-vibration",
                              "value": 67
                            },
                            {
                              "label": "sensa-valvePosition",
                              "value": 68
                            },
                            {
                              "label": "glamos-signal-tester",
                              "value": 69
                            },
                            {
                              "label": "sensa-vibration",
                              "value": 70
                            },
                            {
                              "label": "TEPressure",
                              "value": 71
                            },
                            {
                              "label": "LHT65N-Temperature-Humidity",
                              "value": 72
                            },
                            {
                              "label": "DraginoPulseCounter",
                              "value": 73
                            },
                            {
                              "label": "TWTGVibration",
                              "value": 74
                            },
                            {
                              "label": "TWTG-Temperature-Contact",
                              "value": 75
                            },
                            {
                              "label": "Sensia-Temperature",
                              "value": 76
                            },
                            {
                              "label": "Vutility-HotDrop",
                              "value": 77
                            },
                            {
                              "label": "PulseDrop",
                              "value": 78
                            },
                            {
                              "label": "TEK888",
                              "value": 79
                            },
                            {
                              "label": "RiotWirelessLevel",
                              "value": 80
                            },
                            {
                              "label": "OysterTracker",
                              "value": 81
                            },
                            {
                              "label": "AbeewayTracker",
                              "value": 82
                            },
                            {
                              "label": "HoneywellVersatillis",
                              "value": 83
                            },
                            {
                              "label": "SushiPressure",
                              "value": 84
                            },
                            {
                              "label": "ObiwiseSampols",
                              "value": 85
                            },
                            {
                              "label": "AloxyValvePosition",
                              "value": 86
                            },
                            {
                              "label": "ineosensePulse",
                              "value": 87
                            },
                            {
                              "label": "MicroPims-CorrosionMonitoring-Stateful",
                              "value": 88
                            },
                            {
                              "label": "Glamos-Walker-UDT",
                              "value": 89
                            },
                            {
                              "label": "Asystom-vibration",
                              "value": 90
                            },
                            {
                              "label": "TE-Triaxial-Vibration",
                              "value": 91
                            },
                            {
                              "label": "codec-library-TE",
                              "value": 92
                            },
                            {
                              "label": "sensa-valvePosition",
                              "value": 93
                            },
                            {
                              "label": "codec-library-TE",
                              "value": 94
                            },
                            {
                              "label": "sensa-vibration",
                              "value": 95
                            },
                            {
                              "label": "corrosion-monitoring-v1",
                              "value": 96
                            },
                            {
                              "label": "sensa-temperature",
                              "value": 97
                            },
                            {
                              "label": "sensa-vibration",
                              "value": 98
                            },
                            {
                              "label": "TWTG-Temperature-Transmitter",
                              "value": 99
                            },
                            {
                              "label": "BourdonPressureGauge",
                              "value": 100
                            },
                            {
                              "label": "VegaAir",
                              "value": 101
                            },
                            {
                              "label": "THL",
                              "value": 102
                            },
                            {
                              "label": "Draingo TC",
                              "value": 103
                            },
                            {
                              "label": "newUDT_2025-04-19_150950",
                              "value": 104
                            }
                          ]
                        },
                        "type": "ia.input.dropdown"
                      },
                      {
                        "events": {
                          "dom": {
                            "onClick": {
                              "config": {
                                "script": "\tif self.view.custom.deviceModel.udtID \u003d\u003d 0:\n\t\turl \u003d \"/data-manager/udt\"\n\telse:\n\t\turl \u003d\"/device-profile/udt/\"+ str(self.view.custom.deviceModel.udtID)\n\tsystem.perspective.navigate(page\u003durl, newTab\u003dTrue)"
                              },
                              "scope": "G",
                              "type": "script"
                            }
                          }
                        },
                        "meta": {
                          "name": "Icon",
                          "tooltip": {
                            "enabled": true,
                            "text": "Click to configure UDT"
                          }
                        },
                        "position": {
                          "basis": "30px"
                        },
                        "props": {
                          "path": "material/chevron_right"
                        },
                        "type": "ia.display.icon"
                      }
                    ],
                    "meta": {
                      "name": "FlexContainer"
                    },
                    "props": {
                      "style": {
                        "marginLeft": "2%"
                      }
                    },
                    "type": "ia.container.flex"
                  }
                ],
                "meta": {
                  "name": "udt"
                },
                "props": {
                  "direction": "column"
                },
                "type": "ia.container.flex"
              },
              {
                "events": {
                  "dom": {
                    "onClick": {
                      "config": {
                        "script": "\timport json\n\tself.props.enabled \u003d False\n\tutils.messages.waiting.showLoading()\n\ttry:\n\t\t#system.perspective.print(self.view.custom.deviceModel)\n\t\tprofile \u003d decoders.model.getModel(int(self.view.params.modelID))\n\t\tprofile[\u0027model_name\u0027] \u003d self.view.custom.deviceModel.model_name\n\t\tprofile[\u0027udtID\u0027] \u003dself.view.custom.deviceModel.udtID\n\t\tprofile[\u0027decoderID\u0027] \u003d self.view.custom.deviceModel.decoderID\n\t\n\t\t\n\t\tresults \u003d decoders.model.updateModel(profile)\n\t\t\n\t\tif utils.resultParser.isResultSuccess(results):\n\t\t\tutils.messages.success.showSuccess(\"Updated\")\n\t\telse:\n\t\t\tutils.messages.errors.showErrorMessage(utils.resultParser.getResultMessage(results))\n\t\t\n\texcept Exception as e:\n\t\tutils.messages.errors.showErrorMessage(\"An error occured: \" + str(e))\n\t\n\tutils.messages.waiting.hideLoading()\n\t\n\tself.props.enabled \u003dTrue\n"
                      },
                      "scope": "G",
                      "type": "script"
                    }
                  }
                },
                "meta": {
                  "name": "Button"
                },
                "props": {
                  "style": {
                    "margin": "2%"
                  },
                  "text": "Save"
                },
                "type": "ia.input.button"
              }
            ],
            "meta": {
              "name": "FlexContainer"
            },
            "props": {
              "direction": "column",
              "justify": "space-evenly",
              "style": {
                "marginLeft": "3%",
                "marginRight": "3%"
              }
            },
            "type": "ia.container.flex"
          },
          {
            "meta": {
              "name": "settings"
            },
            "position": {
              "tabIndex": 1
            },
            "propConfig": {
              "props.params.UDTPath": {
                "binding": {
                  "config": {
                    "path": "view.custom.udtPath"
                  },
                  "type": "property"
                }
              },
              "props.params.profile": {
                "binding": {
                  "config": {
                    "path": "view.custom.deviceModel"
                  },
                  "type": "property"
                }
              },
              "props.path": {
                "binding": {
                  "config": {
                    "path": "view.custom.udtPath"
                  },
                  "transforms": [
                    {
                      "code": "\tif value \u003d\u003d None:\n\t\treturn \"DataManagement/DeviceProfile/specs/components/noUDTFound\"\n\telse:\n\t\treturn \"DataManagement/DeviceProfile/specs/spcs\"",
                      "type": "script"
                    }
                  ],
                  "type": "property"
                }
              }
            },
            "type": "ia.display.view"
          },
          {
            "meta": {
              "name": "downlink-view-component"
            },
            "position": {
              "tabIndex": 2
            },
            "propConfig": {
              "props.params.modelID": {
                "binding": {
                  "config": {
                    "path": "view.custom.deviceModel.id"
                  },
                  "type": "property"
                }
              }
            },
            "props": {
              "path": "DataManagement/DeviceProfile/downlinks/downlink-view-component"
            },
            "type": "ia.display.view"
          }
        ],
        "custom": {
          "defaultTab": 0
        },
        "meta": {
          "name": "TabContainer"
        },
        "position": {
          "grow": 1,
          "shrink": 0
        },
        "propConfig": {
          "props.currentTabIndex": {
            "binding": {
              "config": {
                "path": "this.custom.defaultTab"
              },
              "type": "property"
            }
          }
        },
        "props": {
          "menuType": "modern",
          "tabs": [
            "Core",
            "Details",
            "Downlinks"
          ]
        },
        "type": "ia.container.tab"
      }
    ],
    "meta": {
      "name": "root"
    },
    "props": {
      "direction": "column",
      "justify": "space-around",
      "style": {
        "classes": "pageFormat/rootPadding"
      }
    },
    "type": "ia.container.flex"
  }
}