{
  "custom": {},
  "params": {
    "downlinkId": ""
  },
  "propConfig": {
    "params.downlinkId": {
      "paramDirection": "input",
      "persistent": true
    }
  },
  "props": {},
  "root": {
    "children": [
      {
        "children": [
          {
            "meta": {
              "name": "Label"
            },
            "position": {
              "basis": "229px"
            },
            "props": {
              "text": "This action cannot be undone."
            },
            "type": "ia.display.label"
          }
        ],
        "meta": {
          "name": "FlexContainer"
        },
        "position": {
          "basis": "59px"
        },
        "props": {
          "alignItems": "center",
          "direction": "column",
          "justify": "center"
        },
        "type": "ia.container.flex"
      },
      {
        "children": [
          {
            "events": {
              "dom": {
                "onClick": {
                  "config": {
                    "script": "\ttry:\n\t\tsystem.perspective.print(self.view.params.downlinkId)\n\t\tmessage \u003d decoders.downlinks.deleteDownlink(int(self.view.params.downlinkId))\n\t\tstatus \u003d utils.resultParser.isResultSuccess(message)\n\t\t\n\t\tif status \u003d\u003d True:\n\t\t\tutils.messages.success.showSuccess(\"Successfully deleted downlink!\")\n\t\t\tsystem.perspective.closePopup(\"a7DCqRWN\")\n\t\t\tsystem.perspective.navigateBack()\n\t\telse:\n\t\t\tutils.messages.errors.showErrorMessage(\"Failed to save downlink\")\n\texcept:\n\t\tutils.messages.errors.showErrorMessage(\"Failed to delete downlink.\")"
                  },
                  "scope": "G",
                  "type": "script"
                }
              }
            },
            "meta": {
              "name": "Delete"
            },
            "position": {
              "basis": "195px"
            },
            "props": {
              "image": {
                "icon": {
                  "path": "material/delete_forever"
                }
              },
              "style": {
                "classes": "diagnostics/buttons/error"
              },
              "text": "Delete"
            },
            "type": "ia.input.button"
          },
          {
            "events": {
              "dom": {
                "onClick": {
                  "config": {
                    "script": "\tsystem.perspective.closePopup(\"a7DCqRWN\")"
                  },
                  "scope": "G",
                  "type": "script"
                }
              }
            },
            "meta": {
              "name": "Cancel"
            },
            "position": {
              "basis": "197px"
            },
            "props": {
              "text": "Cancel"
            },
            "type": "ia.input.button"
          }
        ],
        "meta": {
          "name": "FlexContainer_0"
        },
        "position": {
          "basis": "87px"
        },
        "props": {
          "alignContent": "space-between",
          "justify": "space-evenly"
        },
        "type": "ia.container.flex"
      }
    ],
    "meta": {
      "name": "root"
    },
    "props": {
      "direction": "column"
    },
    "type": "ia.container.flex"
  }
}