{
  "custom": {
    "api": {
      "apiPassword": "",
      "apiToken": null,
      "apiURL": "",
      "apiUserName": "",
      "authenticationCreds": "",
      "authenticationType": "NONE",
      "decoder": 649,
      "name": "New API Connection",
      "payloadFormat": ""
    }
  },
  "params": {
    "decoder": {
      "code": "/**\r\n  https://github.com/TWTG-R-D-B-V/neon-product-documentation/blob/main/VB/LoRa%20Communication/decoder_vb_rev-8.js\r\n * TWTG Vibe Sensor Protocol V3\r\n * Filename             : decoder_vb_rev-8.js\r\n * Latest commit        : fc4c54844\r\n * Protocol v2 document : 6013_P20-002_Communication-Protocol-NEON-Vibration-Sensor_E.pdf\r\n * Protocol v3 document : NEON-Vibration-Sensor_Communication-Protocol-v3_DS-VB-xx-xx_6013_3_A2.pdf\r\n *\r\n * Release History\r\n *\r\n * 2021-04-14 revision 0\r\n * - initial version\r\n *\r\n * 2021-03-05 revision 1\r\n * - using scientific notation for sensor data scale\r\n *\r\n * 2021-05-14 revision 2\r\n * - made it compatible with v1 and v2 (merged in protocol v1)\r\n * - added DecodeHexString to directly decode from HEX string\r\n *\r\n * 2021-07-15 revision 3\r\n * - Verify message length with expected_length before parsing\r\n *\r\n * 2021-10-27 revision 4\r\n * - Fixed range check of start_frequency\r\n *\r\n * 2022-10-19 revision 5\r\n * - Protocol V3\r\n * -- Updated Boot, Device status, and Sensor event messages to support normal, extended, debug formats.\r\n * -- Removed message_type from header.\r\n * -- Added configUpdateAns.\r\n * -- Separated the sensor configuration into Sensor configuration and sensor conditions configuration\r\n * -- Separated base configuration into base configuration and Region configuration\r\n * -- Moved protocol_version into message body\r\n * -- Ignore null payload OR MAC uplink\r\n * -- Added entry point for ThingPark\r\n *\r\n * 2022-11-10 revision 6\r\n * - Removed 5th condition\r\n * - Used throw new Error instead of throw\r\n * - For normal event message include selection in structure\r\n *\r\n * 2022-11-22 revision 7\r\n * - Updated scale and added resolution in sensor data message\r\n * -- scale is now defined as index of a lookup table\r\n * -- resolution indicates if it is in either low or high resolution\r\n *\r\n * 2022-12-01 revision 8\r\n * - Added resolution to sensor data\r\n * - Added decoder for TS006 DevVersion\r\n * - Changed \"acceleration.avg\" to \"acceleration.rms\" in sensor event\r\n * - Changed \"acceleration.max\" to \"acceleration.peak\" in sensor event\r\n * - Removed minor reboot reason config\r\n *\r\n * YYYY-MM-DD revision X\r\n *\r\n */\r\n\r\nif (typeof module !\u003d\u003d \u0027undefined\u0027) {\r\n  // Only needed for nodejs\r\n  module.exports \u003d {\r\n    decodeUplink: decodeUplink,\r\n    Decode: Decode,\r\n    Decoder: Decoder,\r\n    DecodeHexString: DecodeHexString,\r\n    DecodeRebootInfo: DecodeRebootInfo,\r\n    decode_float: decode_float,\r\n    decode_uint32: decode_uint32,\r\n    decode_int32: decode_int32,\r\n    decode_uint16: decode_uint16,\r\n    decode_int16: decode_int16,\r\n    decode_uint8: decode_uint8,\r\n    decode_int8: decode_int8,\r\n    decode_device_id: decode_device_id,\r\n    decode_reboot_info: decode_reboot_info,\r\n    decode_battery_voltage: decode_battery_voltage,\r\n    decode_sensor_data_config: decode_sensor_data_config,\r\n    decode_sensor_data_config_v3: decode_sensor_data_config_v3,\r\n    from_hex_string: from_hex_string,\r\n    decode_velocity_v3: decode_velocity_v3,\r\n    decode_acceleration_v3: decode_acceleration_v3,\r\n    decode_temperature_v3: decode_temperature_v3\r\n  };\r\n}\r\n\r\n/**\r\n * Decoder for ThingPark network server\r\n */\r\nfunction decodeUplink(input) {\r\n  return Decode(input.fPort, input.bytes)\r\n}\r\n\r\n/**\r\n * Decoder for Chirpstack (loraserver) network server\r\n *\r\n * Decode an uplink message from a buffer\r\n * (array) of bytes to an object of fields.\r\n */\r\nfunction Decode(fPort, bytes) { // Used for ChirpStack (aka LoRa Network Server)\r\n\r\n  // Protocol Versions\r\n  var PROTOCOL_VERSION_V1 \u003d 1;\r\n  var PROTOCOL_VERSION_V2 \u003d 2;\r\n  var PROTOCOL_VERSION_V3 \u003d 3;\r\n\r\n  // Message Ports\r\n  var FPORT_BOOT \u003d 1;\r\n  var FPORT_DEVICE_STATUS \u003d 2;\r\n  var FPORT_SENSOR_EVENT \u003d 3;\r\n  var FPORT_SENSOR_DATA \u003d 4;\r\n  var FPORT_ACTIVATION \u003d 5;\r\n  var FPORT_DEACTIVATION \u003d 6;\r\n  var FPORT_CONFIG_UPDATE \u003d 7;\r\n  var FPORT_CALIBRATION_UPDATE \u003d 8;\r\n  var FPORT_DEFAULT_APP \u003d 15;\r\n\r\n  // Message headers strings\r\n  var STR_BOOT \u003d \"boot\";\r\n  var STR_ACTIVATED \u003d \"activated\";\r\n  var STR_DEACTIVATED \u003d \"deactivated\";\r\n  var STR_SENSOR_EVENT \u003d \"sensor_event\";\r\n  var STR_DEVICE_STATUS \u003d \"device_status\";\r\n  var STR_SENSOR_DATA \u003d \"sensor_data\";\r\n\r\n  var decoded \u003d {};\r\n\r\n  if (fPort \u003d\u003d 0 || bytes.length \u003d\u003d 0) {\r\n    // Ignore null payload OR MAC uplink\r\n    return decoded;\r\n  }\r\n\r\n  // Handle generic LoRaWAN specified messages\r\n  if (handle_generic_messages(fPort, bytes, decoded)) {\r\n    return decoded;\r\n  }\r\n\r\n  var cursor \u003d {};   // keeping track of which byte to process.\r\n  cursor.value \u003d 0;  // Start from 0\r\n  var protocol_version \u003d get_protocol_version(bytes);\r\n\r\n  switch (protocol_version) {\r\n    case PROTOCOL_VERSION_V1:\r\n    case PROTOCOL_VERSION_V2:\r\n      decoded.header \u003d decode_header(bytes, cursor);\r\n      switch (decoded.header.message_type) {\r\n        case STR_BOOT:\r\n          decoded.boot \u003d decode_boot_msg(bytes, cursor);\r\n          break;\r\n\r\n        case STR_ACTIVATED:\r\n          decoded.activated \u003d decode_activated_msg(bytes, cursor);\r\n          break;\r\n\r\n        case STR_DEACTIVATED:\r\n          decoded.deactivated \u003d decode_deactivated_msg(bytes, cursor);\r\n          break;\r\n\r\n        case STR_SENSOR_EVENT:\r\n          decoded.sensor_event \u003d decode_sensor_event_msg(bytes, cursor);\r\n          break;\r\n\r\n        case STR_DEVICE_STATUS:\r\n          decoded.device_status \u003d decode_device_status_msg(bytes, cursor);\r\n          break;\r\n\r\n        case STR_SENSOR_DATA:\r\n          decoded.sensor_data \u003d decode_sensor_data_msg(bytes, cursor, decoded.header.protocol_version);\r\n          break;\r\n\r\n        default:\r\n          throw new Error(\"Invalid message type!\");\r\n      }\r\n      break;\r\n\r\n    case PROTOCOL_VERSION_V3:\r\n      // Protocol V3 reserves each fPort for different purpose\r\n      switch (fPort) {\r\n        case FPORT_BOOT:\r\n          header \u003d decode_header_v3(bytes, cursor);\r\n          decoded.boot \u003d decode_boot_msg_v3(bytes, cursor);\r\n          decoded.boot.protocol_version \u003d header.protocol_version;\r\n          break;\r\n\r\n        case FPORT_DEVICE_STATUS:\r\n          header \u003d decode_header_v3(bytes, cursor);\r\n          decoded.device_status \u003d decode_device_status_msg_v3(bytes, cursor);\r\n          decoded.device_status.protocol_version \u003d header.protocol_version;\r\n          break;\r\n\r\n        case FPORT_SENSOR_EVENT:\r\n          header \u003d decode_header_v3(bytes, cursor);\r\n          decoded.sensor_event \u003d decode_sensor_event_msg_v3(bytes, cursor);\r\n          decoded.sensor_event.protocol_version \u003d header.protocol_version;\r\n          break;\r\n\r\n        case FPORT_SENSOR_DATA:\r\n          header \u003d decode_header_v3(bytes, cursor);\r\n          decoded.sensor_data \u003d decode_sensor_data_msg(bytes, cursor, header.protocol_version);\r\n          decoded.sensor_data.protocol_version \u003d header.protocol_version;\r\n          break;\r\n\r\n        case FPORT_ACTIVATION:\r\n          header \u003d decode_header_v3(bytes, cursor);\r\n          decoded.activated \u003d decode_activated_msg_v3(bytes, cursor);\r\n          decoded.activated.protocol_version \u003d header.protocol_version;\r\n          break;\r\n\r\n        case FPORT_DEACTIVATION:\r\n          header \u003d decode_header_v3(bytes, cursor);\r\n          decoded.deactivated \u003d decode_deactivated_msg(bytes, cursor);\r\n          decoded.deactivated.protocol_version \u003d header.protocol_version;\r\n          break;\r\n\r\n        case FPORT_CONFIG_UPDATE:\r\n          decoded.config_update_ans \u003d decode_config_update_ans_msg(bytes, cursor);\r\n          break;\r\n\r\n        case FPORT_CALIBRATION_UPDATE:\r\n          // TODO: Implement this\r\n          break;\r\n\r\n        default:\r\n          // NOTE: It could be unsupported device management message so there should be no assertion!\r\n          break;\r\n      }\r\n      break;\r\n\r\n    default:\r\n      throw new Error(\"Unsupported protocol version!\");\r\n  };\r\n\r\n  return decoded;\r\n}\r\n\r\n\r\n/**\r\n * Decoder for reboot payload\r\n *\r\n */\r\nfunction DecodeRebootInfo(reboot_type, bytes) {\r\n  var cursor \u003d {};   // keeping track of which byte to process.\r\n  cursor.value \u003d 0;  // skip header that has been checked\r\n\r\n  return decode_reboot_info(reboot_type, bytes, cursor);\r\n}\r\n\r\n/**\r\n * Decoder for The Things Network network server\r\n */\r\nfunction Decoder(obj, fPort) {\r\n  return Decode(fPort, obj);\r\n}\r\n\r\n/**\r\n * Decoder for plain HEX string\r\n */\r\nfunction DecodeHexString(fPort, hex_string) {\r\n  return Decode(fPort, from_hex_string(hex_string));\r\n}\r\n\r\n/******************\r\n * Helper functions\r\n */\r\n\r\n/**\r\n  * Decode header\r\n  */\r\nfunction decode_header(bytes, cursor) {\r\n  var header \u003d {};\r\n  var data \u003d decode_uint8(bytes, cursor);\r\n\r\n  header.protocol_version \u003d data \u003e\u003e 4;\r\n  header.message_type \u003d message_type_lookup(data \u0026 0x0F);\r\n\r\n  return header;\r\n}\r\n\r\n/**\r\n  * Decode header V3\r\n  */\r\nfunction decode_header_v3(bytes, cursor) {\r\n  var header \u003d {};\r\n  var data \u003d decode_uint8(bytes, cursor);\r\n\r\n  header.protocol_version \u003d data \u003e\u003e 4;\r\n\r\n  return header;\r\n}\r\n\r\n/**\r\n  * Get protocol version without increasing cursor\r\n  */\r\nfunction get_protocol_version(bytes) {\r\n  var cursor \u003d {};\r\n  cursor.value \u003d 0;\r\n\r\n  var data \u003d decode_uint8(bytes, cursor);\r\n\r\n  var protocol_version \u003d data \u003e\u003e 4;\r\n\r\n  return protocol_version;\r\n}\r\n\r\n/**\r\n  * Decode config header\r\n  */\r\nfunction decode_config_header(bytes, cursor) {\r\n  var header \u003d {};\r\n  var data \u003d decode_uint8(bytes, cursor);\r\n\r\n  header.protocol_version \u003d data \u003e\u003e 4;\r\n  header.config_type \u003d config_type_lookup(data \u0026 0x0F);\r\n\r\n  return header;\r\n}\r\n\r\n// helper function to convert a ASCII HEX string to a byte string\r\nfunction from_hex_string(hex_string) {\r\n  if (typeof hex_string !\u003d \"string\") throw new Error(\"hex_string must be a string\");\r\n  if (!hex_string.match(/^[0-9A-F]*$/gi)) throw new Error(\"hex_string contain only 0-9, A-F characters\");\r\n  if (hex_string.length \u0026 0x01 \u003e 0) throw new Error(\"hex_string length must be a multiple of two\");\r\n\r\n  var byte_string \u003d [];\r\n  for (i \u003d 0; i \u003c hex_string.length; i +\u003d 2) {\r\n    var hex \u003d hex_string.slice(i, i + 2);\r\n    byte_string.push(parseInt(hex, 16));\r\n  }\r\n  return byte_string;\r\n}\r\n\r\n// pad zeros on decimal number\r\nfunction pad(num, size) {\r\n  num \u003d num.toString();\r\n  while (num.length \u003c size) num \u003d \"0\" + num;\r\n  return num;\r\n}\r\n\r\n// helper function to parse an 32 bit float\r\nfunction decode_float(bytes, cursor) {\r\n  // JavaScript bitwise operators yield a 32 bits integer, not a float.\r\n  // Assume LSB (least significant byte first).\r\n  var bits \u003d decode_int32(bytes, cursor);\r\n  var sign \u003d (bits \u003e\u003e\u003e 31 \u003d\u003d\u003d 0) ? 1.0 : -1.0;\r\n  var e \u003d bits \u003e\u003e\u003e 23 \u0026 0xff;\r\n  if (e \u003d\u003d 0xFF) {\r\n    if (bits \u0026 0x7fffff) {\r\n      return NaN;\r\n    } else {\r\n      return sign * Infinity;\r\n    }\r\n  }\r\n  var m \u003d (e \u003d\u003d\u003d 0) ? (bits \u0026 0x7fffff) \u003c\u003c 1 : (bits \u0026 0x7fffff) | 0x800000;\r\n  var f \u003d sign * m * Math.pow(2, e - 150);\r\n  return f;\r\n}\r\n\r\n// helper function to parse an unsigned uint32\r\nfunction decode_uint32(bytes, cursor) {\r\n  var result \u003d 0;\r\n  var i \u003d cursor.value + 3;\r\n  result \u003d bytes[i--];\r\n  result \u003d result * 256 + bytes[i--];\r\n  result \u003d result * 256 + bytes[i--];\r\n  result \u003d result * 256 + bytes[i--];\r\n  cursor.value +\u003d 4;\r\n\r\n  return result;\r\n}\r\n\r\n// helper function to parse an unsigned int32\r\nfunction decode_int32(bytes, cursor) {\r\n  var result \u003d 0;\r\n  var i \u003d cursor.value + 3;\r\n  result \u003d (result \u003c\u003c 8) | bytes[i--];\r\n  result \u003d (result \u003c\u003c 8) | bytes[i--];\r\n  result \u003d (result \u003c\u003c 8) | bytes[i--];\r\n  result \u003d (result \u003c\u003c 8) | bytes[i--];\r\n  cursor.value +\u003d 4;\r\n\r\n  return result;\r\n}\r\n\r\n// helper function to parse an unsigned uint16\r\nfunction decode_uint16(bytes, cursor) {\r\n  var result \u003d 0;\r\n  var i \u003d cursor.value + 1;\r\n  result \u003d bytes[i--];\r\n  result \u003d result * 256 + bytes[i--];\r\n  cursor.value +\u003d 2;\r\n\r\n  return result;\r\n}\r\n\r\n// helper function to parse a signed int16\r\nfunction decode_int16(bytes, cursor) {\r\n  var result \u003d 0;\r\n  var i \u003d cursor.value + 1;\r\n  if (bytes[i] \u0026 0x80) {\r\n    result \u003d 0xFFFF;\r\n  }\r\n  result \u003d (result \u003c\u003c 8) | bytes[i--];\r\n  result \u003d (result \u003c\u003c 8) | bytes[i--];\r\n  cursor.value +\u003d 2;\r\n\r\n  return result;\r\n}\r\n\r\n// helper function to parse an unsigned int8\r\nfunction decode_uint8(bytes, cursor) {\r\n  var result \u003d bytes[cursor.value];\r\n  cursor.value +\u003d 1;\r\n\r\n  return result;\r\n}\r\n\r\n// helper function to parse an unsigned int8\r\nfunction decode_int8(bytes, cursor) {\r\n  var result \u003d 0;\r\n  var i \u003d cursor.value;\r\n  if (bytes[i] \u0026 0x80) {\r\n    result \u003d 0xFFFFFF;\r\n  }\r\n  result \u003d (result \u003c\u003c 8) | bytes[i--];\r\n  cursor.value +\u003d 1;\r\n\r\n  return result;\r\n}\r\n\r\n// helper function to parse device_id\r\nfunction decode_device_id(bytes, cursor) {\r\n  // bytes[0]\r\n  var prefix \u003d decode_uint8(bytes, cursor).toString();\r\n\r\n  // bytes[1..5]\r\n  var serial \u003d pad(decode_uint32(bytes, cursor), 10);\r\n\r\n  var device_id \u003d prefix + \"-\" + serial;\r\n\r\n  return device_id;\r\n}\r\n\r\n// helper function to parse fft config in sensor_data\r\nfunction decode_sensor_data_config(bytes, cursor, protocol_version) {\r\n  var PROTOCOL_VERSION_V1 \u003d 1;\r\n  var PROTOCOL_VERSION_V2 \u003d 2;\r\n\r\n  config \u003d decode_uint32(bytes, cursor);\r\n  var result \u003d {};\r\n\r\n  // bits[0..7]\r\n  result.frame_number \u003d config \u0026 0xFF;\r\n\r\n  // bits[8..9]\r\n  result.sequence_number \u003d (config \u003e\u003e 8) \u0026 0x03;\r\n\r\n  // bits[10..11]\r\n  result.axis \u003d \"\";\r\n  switch ((config \u003e\u003e 10) \u0026 0x3) {\r\n    case 0:\r\n      result.axis \u003d \"x\";\r\n      break;\r\n    case 1:\r\n      result.axis \u003d \"y\";\r\n      break;\r\n    case 2:\r\n      result.axis \u003d \"z\";\r\n      break;\r\n    default:\r\n      throw new Error(\"Invalid axis value in sensor data config!\");\r\n  }\r\n\r\n  // bits[12]\r\n  switch ((config \u003e\u003e 12) \u0026 0x1) {\r\n    case 0:\r\n      result.unit \u003d \"velocity\";\r\n      break;\r\n    case 1:\r\n    default:\r\n      result.unit \u003d \"acceleration\";\r\n      break;\r\n  }\r\n\r\n  switch (protocol_version) {\r\n    case PROTOCOL_VERSION_V1:\r\n      // bits[13..18]\r\n      result.scale \u003d ((config \u003e\u003e 13) \u0026 0x3F) * 4;\r\n      if (result.scale \u003d\u003d 0) {\r\n        throw new Error(\"Invalid config.scale value!\");\r\n      }\r\n      break;\r\n\r\n    case PROTOCOL_VERSION_V2:\r\n      // bits[13..16]\r\n      var scale_coefficient \u003d ((config \u003e\u003e 13) \u0026 0x0F);\r\n      if (scale_coefficient \u003c 1 || scale_coefficient \u003e 15) {\r\n        throw new Error(\"Invalid config.scale coefficient value!\");\r\n      }\r\n      // bits[17..18]\r\n      var scale_power \u003d ((config \u003e\u003e 17) \u0026 0x03) - 2;\r\n      result.scale \u003d scale_coefficient * Math.pow(10, scale_power);\r\n      break;\r\n\r\n    default:\r\n      throw new Error(\"Unsupported protocol version!\");\r\n  }\r\n\r\n  // bits[19..31]\r\n  result.start_frequency \u003d config \u003e\u003e\u003e 19;\r\n  if (result.start_frequency \u003c 0 || result.start_frequency \u003e 8191) {\r\n    throw new Error(\"Invalid start_frequency value in sensor data config!\");\r\n  }\r\n\r\n  // bytes[5]\r\n  result.spectral_line_frequency \u003d decode_uint8(bytes, cursor);\r\n  if (result.spectral_line_frequency \u003d\u003d 0) {\r\n    throw new Error(\"Invalid spectral_line_frequency value in sensor data config!\");\r\n  }\r\n\r\n\r\n  return result;\r\n}\r\n\r\n// helper function to parse fft config in sensor_data\r\nfunction decode_sensor_data_config_v3(bytes, cursor) {\r\n  var result \u003d {};\r\n\r\n  result.frame_number \u003d decode_uint8(bytes, cursor);\r\n\r\n  var b \u003d decode_uint8(bytes, cursor);\r\n\r\n  // bits[0..1]\r\n  result.sequence_number \u003d b \u0026 0x03;\r\n\r\n  // bits[2..3]\r\n  result.axis \u003d \"\";\r\n  switch ((b \u003e\u003e 2) \u0026 0x3) {\r\n    case 0:\r\n      result.axis \u003d \"x\";\r\n      break;\r\n    case 1:\r\n      result.axis \u003d \"y\";\r\n      break;\r\n    case 2:\r\n      result.axis \u003d \"z\";\r\n      break;\r\n    default:\r\n      throw new Error(\"Invalid axis value in sensor data config!\");\r\n  }\r\n\r\n  // bits[4]\r\n  switch ((b \u003e\u003e 4) \u0026 0x1) {\r\n    case 0:\r\n      result.resolution \u003d \"low_res\";\r\n      break;\r\n    case 1:\r\n    default:\r\n      result.resolution \u003d \"high_res\";\r\n      break;\r\n  }\r\n\r\n  // bits[5]\r\n  switch ((b \u003e\u003e 5) \u0026 0x1) {\r\n    case 0:\r\n      result.unit \u003d \"velocity\";\r\n      break;\r\n    case 1:\r\n    default:\r\n      result.unit \u003d \"acceleration\";\r\n      break;\r\n  }\r\n\r\n  // bytes[3..4]\r\n  result.start_frequency \u003d decode_uint16(bytes, cursor);\r\n  if (result.start_frequency \u003e 8191) {\r\n    throw new Error(\"Invalid start_frequency value in sensor data config!\");\r\n  }\r\n\r\n  // bytes[5]\r\n  result.spectral_line_frequency \u003d decode_uint8(bytes, cursor);\r\n  if (result.spectral_line_frequency \u003d\u003d 0) {\r\n    throw new Error(\"Invalid spectral_line_frequency value in sensor data config!\");\r\n  }\r\n\r\n  // bytes[6]\r\n  result.scale \u003d data_scale_lookup(decode_uint8(bytes, cursor));\r\n\r\n  return result;\r\n}\r\n\r\nfunction data_scale_lookup(scale_idx) {\r\n  var scale_value \u003d [0.0100000000000000, 0.0108175019990394, 0.0117018349499221, 0.0126584622963211, 0.0136932941195217, 0.0148127236511360, 0.0160236667707382, 0.0173336047324401, 0.0187506303843729, 0.0202834981666202, 0.0219416781964925, 0.0237354147752836, 0.0256757896779659, 0.0277747906168310, 0.0300453853020469, 0.0325016015566801, 0.0351586139811367, 0.0380328377024400, 0.0411420297875284, 0.0445053989471126, 0.0481437242078435, 0.0520794832859547, 0.0563369914554751, 0.0609425517689466, 0.0659246175587139, 0.0713139682227294, 0.0771438993808804, 0.0834504285766365, 0.0902725177948457, 0.0976523141704060, 0.105635410374919, 0.114271126290003, 0.123612813707458, 0.133718185938731, 0.144649674370014, 0.156474814165802, 0.169266661503788, 0.183104244918794, 0.198073053544165, 0.214265565266983, 0.231781818060089, 0.250730028020599, 0.271227257933203, 0.293400140488639, 0.317385660625428, 0.343332001828200, 0.371399461611073, 0.401761441841993, 0.434605520026269, 0.470134608167771, 0.508568206367245, 0.550143758902554, 0.595118121168740, 0.643769146540740, 0.696397402962432, 0.753328029867193, 0.814912746902074, 0.881532026865585, 0.953597446283568, 1.03155422814513, 1.11588399250775, 1.20710773196486, 1.30578903035857, 1.41253754462275, 1.52801277126748, 1.65292812077436, 1.78805532507451, 1.93422920533864, 2.09235282953511, 2.26340309161917, 2.44843674682223, 2.64859694032709, 2.86512026966378, 3.09934442445761, 3.35271645072817, 3.62680169079642, 3.92329345403096, 4.24402347817979, 4.59097324591799, 4.96628622652541, 5.37228111832403, 5.81146617368716, 6.28655469512105, 6.80048179815422, 7.35642254459641, 7.95781155819499, 8.60836424387529, 9.31209974165798, 10.0733657570639, 10.8968654214094, 11.7876863479359, 12.7513320632845, 13.7937560084995, 14.9213983196205, 16.1412256150957, 17.4607740358243, 18.8881958037304, 20.4323095865101, 22.1026549797064, 23.9095514427051, 25.8641620527597, 27.9785624709206, 30.2658155459431, 32.7400520170796, 35.4165578143412, 38.3118684955729, 41.4438714037792, 44.8319161758313, 48.4969342852820, 52.4615683578319, 56.7503120583586, 61.3896614137401, 66.4082785063484, 71.8371685495186, 77.7098714389746, 84.0626689636199, 90.9348089558542, 98.3687477662216, 106.410412560410, 115.109485059084, 124.519708473503, 134.699219533192, 145.710907656935, 157.622803486073, 170.508499180478, 184.447603073803, 199.526231496888];\r\n\r\n  if (scale_idx \u003e\u003d 127) {\r\n    throw new Error(\"Invalid scale index in sensor data config!\");\r\n  }\r\n\r\n  return scale_value[scale_idx];\r\n}\r\n\r\n// helper function to parse reboot_info\r\nfunction decode_reboot_info(reboot_type, bytes, cursor) {\r\n  var result;\r\n\r\n  var reboot_payload \u003d [0, 0, 0, 0, 0, 0, 0, 0];\r\n  reboot_payload[0] +\u003d decode_uint8(bytes, cursor);\r\n  reboot_payload[1] +\u003d decode_uint8(bytes, cursor);\r\n  reboot_payload[2] +\u003d decode_uint8(bytes, cursor);\r\n  reboot_payload[3] +\u003d decode_uint8(bytes, cursor);\r\n  reboot_payload[4] +\u003d decode_uint8(bytes, cursor);\r\n  reboot_payload[5] +\u003d decode_uint8(bytes, cursor);\r\n  reboot_payload[6] +\u003d decode_uint8(bytes, cursor);\r\n  reboot_payload[7] +\u003d decode_uint8(bytes, cursor);\r\n\r\n  switch (reboot_type) {\r\n    case 0: // REBOOT_INFO_TYPE_NONE\r\n      result \u003d \u0027none\u0027;\r\n      break;\r\n\r\n    case 1: // REBOOT_INFO_TYPE_POWER_CYCLE\r\n      result \u003d \u0027power cycle\u0027;\r\n      break;\r\n\r\n    case 2: // REBOOT_INFO_TYPE_WDOG\r\n      result \u003d \u0027swdog (\u0027 + String.fromCharCode(\r\n        reboot_payload[0],\r\n        reboot_payload[1],\r\n        reboot_payload[2],\r\n        reboot_payload[3]).replace(/[^\\x20-\\x7E]/g, \u0027\u0027) + \u0027)\u0027;\r\n\r\n      break;\r\n\r\n    case 3: // REBOOT_INFO_TYPE_ASSERT\r\n      var payloadCursor \u003d {}; // keeping track of which byte to process.\r\n      payloadCursor.value \u003d 4; // skip caller address\r\n      actualValue \u003d decode_int32(reboot_payload, payloadCursor);\r\n      result \u003d \u0027assert (\u0027 +\r\n        \u0027caller: 0x\u0027 +\r\n        uint8_to_hex(reboot_payload[3]) +\r\n        uint8_to_hex(reboot_payload[2]) +\r\n        uint8_to_hex(reboot_payload[1]) +\r\n        uint8_to_hex(reboot_payload[0]) +\r\n        \u0027; value: \u0027 + actualValue.toString() + \u0027)\u0027;\r\n      break;\r\n\r\n    case 4: // REBOOT_INFO_TYPE_APPLICATION_REASON\r\n      result \u003d \u0027application (0x\u0027 +\r\n        uint8_to_hex(reboot_payload[3]) +\r\n        uint8_to_hex(reboot_payload[2]) +\r\n        uint8_to_hex(reboot_payload[1]) +\r\n        uint8_to_hex(reboot_payload[0]) + \u0027)\u0027;\r\n      break;\r\n\r\n    case 5: // REBOOT_INFO_TYPE_SYSTEM_ERROR\r\n      result \u003d \u0027system (error: 0x\u0027 +\r\n        uint8_to_hex(reboot_payload[3]) +\r\n        uint8_to_hex(reboot_payload[2]) +\r\n        uint8_to_hex(reboot_payload[1]) +\r\n        uint8_to_hex(reboot_payload[0]) +\r\n        \u0027; caller: 0x\u0027 +\r\n        uint8_to_hex(reboot_payload[7]) +\r\n        uint8_to_hex(reboot_payload[6]) +\r\n        uint8_to_hex(reboot_payload[5]) +\r\n        uint8_to_hex(reboot_payload[4]) + \u0027)\u0027;\r\n      break;\r\n\r\n    default:\r\n      result \u003d \u0027unknown (\u0027 +\r\n        \u00270x\u0027 + uint8_to_hex(reboot_payload[0]) + \u0027, \u0027 +\r\n        \u00270x\u0027 + uint8_to_hex(reboot_payload[1]) + \u0027, \u0027 +\r\n        \u00270x\u0027 + uint8_to_hex(reboot_payload[2]) + \u0027, \u0027 +\r\n        \u00270x\u0027 + uint8_to_hex(reboot_payload[3]) + \u0027, \u0027 +\r\n        \u00270x\u0027 + uint8_to_hex(reboot_payload[4]) + \u0027, \u0027 +\r\n        \u00270x\u0027 + uint8_to_hex(reboot_payload[5]) + \u0027, \u0027 +\r\n        \u00270x\u0027 + uint8_to_hex(reboot_payload[6]) + \u0027, \u0027 +\r\n        \u00270x\u0027 + uint8_to_hex(reboot_payload[7]) + \u0027)\u0027;\r\n      break;\r\n  }\r\n\r\n  return result;\r\n}\r\n\r\n/**\r\n  * Decode battery voltage based on protocol version 3\r\n  *\r\n  * Raw value is between 0 - 255\r\n  * 0 represent 2 V, while 255 represent 4 V\r\n  */\r\nfunction decode_battery_voltage(bytes, cursor) {\r\n  var raw \u003d decode_uint8(bytes, cursor);\r\n\r\n  var offset \u003d 2; // Lowest voltage is 2 V\r\n  var scale \u003d 2 / 255;\r\n\r\n  var voltage \u003d raw * scale + offset;\r\n\r\n  return voltage;\r\n}\r\n\r\nfunction uint8_to_hex(d) {\r\n  return (\u00270\u0027 + (Number(d).toString(16).toUpperCase())).slice(-2);\r\n}\r\n\r\nfunction uint16_to_hex(d) {\r\n  return (\u0027000\u0027 + (Number(d).toString(16).toUpperCase())).slice(-4);\r\n}\r\n\r\nfunction uint32_to_hex(d) {\r\n  return (\u00270000000\u0027 + (Number(d).toString(16).toUpperCase())).slice(-8);\r\n}\r\n\r\nfunction message_type_lookup(type_id) {\r\n  type_names \u003d [\"boot\",\r\n    \"activated\",\r\n    \"deactivated\",\r\n    \"sensor_event\",\r\n    \"device_status\",\r\n    \"base_configuration\",\r\n    \"sensor_configuration\",\r\n    \"sensor_data_configuration\",\r\n    \"sensor_data\"];\r\n  if (type_id \u003c type_names.length) {\r\n    return type_names[type_id];\r\n  } else {\r\n    return \"unknown\";\r\n  }\r\n}\r\n\r\nfunction config_type_lookup(type_id) {\r\n  type_names \u003d [\r\n    \"base\",\r\n    \"region\",\r\n    \"reserved\",\r\n    \"sensor\",\r\n    \"sensor_data\",\r\n    \"sensor_conditions\"];\r\n  if (type_id \u003c type_names.length) {\r\n    return type_names[type_id];\r\n  } else {\r\n    return \"unknown\";\r\n  }\r\n}\r\n\r\nfunction device_types_lookup(type_id) {\r\n  type_names \u003d [\"\", // reserved\r\n    \"ts\",\r\n    \"vs-qt\",\r\n    \"vs-mt\",\r\n    \"tt\",\r\n    \"ld\",\r\n    \"vb\"];\r\n  if (type_id \u003c type_names.length) {\r\n    return type_names[type_id];\r\n  } else {\r\n    return \"unknown\";\r\n  }\r\n}\r\n\r\nfunction trigger_lookup(trigger_id) {\r\n  switch (trigger_id) {\r\n    case 0:\r\n      return \"timer\";\r\n    case 1:\r\n      return \"button\";\r\n    case 2:\r\n      return \"condition_0\";\r\n    case 3:\r\n      return \"condition_1\";\r\n    case 4:\r\n      return \"condition_2\";\r\n    case 5:\r\n      return \"condition_3\";\r\n    case 6:\r\n      return \"condition_4\";\r\n    case 7:\r\n      return \"condition_5\";\r\n    default:\r\n      return \"unknown\";\r\n  }\r\n}\r\n\r\nfunction rssi_lookup(rssi) {\r\n  switch (rssi) {\r\n    case 0:\r\n      return \"0..-79\";\r\n    case 1:\r\n      return \"-80..-99\";\r\n    case 2:\r\n      return \"-100..-129\";\r\n    case 3:\r\n      return \"\u003c-129\";\r\n    default:\r\n      return \"unknown\";\r\n  }\r\n}\r\n\r\nfunction reboot_lookup_major(reboot_reason) {\r\n  major_reboot_reason \u003d reboot_reason \u0026 0x0F;\r\n  switch (major_reboot_reason) {\r\n    case 0:\r\n      return \"none\";\r\n    case 1:\r\n      return \"config update\";\r\n    case 2:\r\n      return \"firmware update\";\r\n    case 3:\r\n      return \"button reset\"\r\n    case 4:\r\n      return \"power\";\r\n    case 5:\r\n      return \"communication failure\";\r\n    default:\r\n      return \"system failure\";\r\n  }\r\n}\r\n\r\nfunction reboot_lookup_minor(reboot_reason) {\r\n  major_reboot_reason \u003d reboot_reason \u0026 0x0F;\r\n  minor_reboot_reason \u003d (reboot_reason \u003e\u003e 4) \u0026 0x0F;\r\n\r\n  switch (major_reboot_reason) {\r\n    case 0:\r\n      return \"\"; // No minor reboot reason\r\n    case 1:\r\n      return \"\"; // No minor reboot reason\r\n    case 2:\r\n      switch (minor_reboot_reason) {\r\n        case 0:\r\n          return \"success\";\r\n        case 1:\r\n          return \"rejected\";\r\n        case 2:\r\n          return \"error\";\r\n        case 3:\r\n          return \"in progress\";\r\n        default:\r\n          return \"unknown\";\r\n      }\r\n    case 3:\r\n      return \"\"; // No minor reboot reason\r\n    case 4:\r\n      switch (minor_reboot_reason) {\r\n        case 0:\r\n          return \"black out\";\r\n        case 1:\r\n          return \"brown out\";\r\n        case 2:\r\n          return \"power safe state\";\r\n        default:\r\n          return \"unknown\";\r\n      }\r\n    case 5:\r\n      return \"\"; // No minor reboot reason\r\n    case 6:\r\n      return \"\"; // No minor reboot reason\r\n    default:\r\n      return \"unknown\";\r\n  }\r\n}\r\n\r\nfunction lookup_selection(selection) {\r\n  switch (selection) {\r\n    case 0:\r\n      return \"extended\";\r\n    case 1:\r\n      return \"min_only\";\r\n    case 2:\r\n      return \"max_only\";\r\n    case 3:\r\n      return \"avg_only\";\r\n    default:\r\n      return \"unknown\";\r\n  }\r\n}\r\n\r\nfunction deactivation_reason_lookup(deactivation_id) {\r\n  switch (deactivation_id) {\r\n    case 0:\r\n      return \"user_triggered\";\r\n    case 1:\r\n      return \"activation_user_timeout\";\r\n    case 2:\r\n      return \"activation_sensor_comm_fail\";\r\n    case 3:\r\n      return \"activation_sensor_meas_fail\";  // VB does not have it\r\n    default:\r\n      return \"unknown\";\r\n  }\r\n}\r\n\r\nObject.prototype.in \u003d function () {\r\n  for (var i \u003d 0; i \u003c arguments.length; i++)\r\n    if (arguments[i] \u003d\u003d this) return true;\r\n  return false;\r\n}\r\n\r\n/***************************\r\n * Message decoder functions\r\n */\r\n\r\nfunction decode_boot_msg(bytes, cursor) {\r\n  var boot \u003d {};\r\n\r\n  var expected_length \u003d 46;\r\n  if (bytes.length !\u003d expected_length) {\r\n    throw new Error(\"Invalid boot message length \" + bytes.length + \" instead of \" + expected_length);\r\n  }\r\n\r\n  boot.base \u003d {};\r\n  // byte[1]\r\n  var device_type \u003d decode_uint8(bytes, cursor);\r\n  boot.base.device_type \u003d device_types_lookup(device_type);\r\n\r\n  // byte[2..5]\r\n  var version_hash \u003d decode_uint32(bytes, cursor);\r\n  boot.base.version_hash \u003d \u00270x\u0027 + uint32_to_hex(version_hash);\r\n\r\n  // byte[6..7]\r\n  var config_crc \u003d decode_uint16(bytes, cursor);\r\n  boot.base.config_crc \u003d \u00270x\u0027 + uint16_to_hex(config_crc);\r\n\r\n  // byte[8]\r\n  var reset_flags \u003d decode_uint8(bytes, cursor);\r\n  boot.base.reset_flags \u003d \u00270x\u0027 + uint8_to_hex(reset_flags);\r\n\r\n  // byte[9]\r\n  boot.base.reboot_counter \u003d decode_uint8(bytes, cursor);\r\n\r\n  // byte[10]\r\n  base_reboot_type \u003d decode_uint8(bytes, cursor);\r\n\r\n  // byte[11..18]\r\n  boot.base.reboot_info \u003d decode_reboot_info(base_reboot_type, bytes, cursor);\r\n\r\n  // byte[19]\r\n  var bist \u003d decode_uint8(bytes, cursor);\r\n  boot.base.bist \u003d \u00270x\u0027 + uint8_to_hex(bist);\r\n\r\n  boot.sensor \u003d {};\r\n  // byte[20]\r\n  var device_type \u003d decode_uint8(bytes, cursor);\r\n  boot.sensor.device_type \u003d device_types_lookup(device_type);\r\n\r\n  // byte[21..25]\r\n  boot.sensor.device_id \u003d decode_device_id(bytes, cursor);\r\n\r\n  // byte[26..29]\r\n  var version_hash \u003d decode_uint32(bytes, cursor);\r\n  boot.sensor.version_hash \u003d \u00270x\u0027 + uint32_to_hex(version_hash);\r\n\r\n  // byte[30..31]\r\n  var config_crc \u003d decode_uint16(bytes, cursor);\r\n  boot.sensor.config_crc \u003d \u00270x\u0027 + uint16_to_hex(config_crc);\r\n\r\n  // byte[32..33]\r\n  var data_config_crc \u003d decode_uint16(bytes, cursor);\r\n  boot.sensor.data_config_crc \u003d \u00270x\u0027 + uint16_to_hex(data_config_crc);\r\n\r\n  // byte[34]\r\n  var reset_flags \u003d decode_uint8(bytes, cursor);\r\n  boot.sensor.reset_flags \u003d \u00270x\u0027 + uint8_to_hex(reset_flags);\r\n\r\n  // byte[35]\r\n  boot.sensor.reboot_counter \u003d decode_uint8(bytes, cursor);\r\n\r\n  // byte[36]\r\n  sensor_reboot_type \u003d decode_uint8(bytes, cursor);\r\n\r\n  // byte[37..44]\r\n  boot.sensor.reboot_info \u003d decode_reboot_info(sensor_reboot_type, bytes, cursor);\r\n\r\n  // byte[45]\r\n  var bist \u003d decode_uint8(bytes, cursor);\r\n  boot.sensor.bist \u003d \u00270x\u0027 + uint8_to_hex(bist);\r\n\r\n  return boot;\r\n}\r\n\r\nfunction decode_boot_msg_v3(bytes, cursor) {\r\n  var expected_length_normal \u003d 3;\r\n  var expected_length_debug \u003d 35;\r\n  if (bytes.length !\u003d expected_length_normal \u0026\u0026 bytes.length !\u003d expected_length_debug) {\r\n    throw new Error(\"Invalid boot message length \" + bytes.length + \" instead of \" + expected_length_normal + \" or \" + expected_length_debug);\r\n  }\r\n\r\n  var boot \u003d {};\r\n\r\n  boot.base \u003d {};\r\n  boot.sensor \u003d {};\r\n  // byte[1]\r\n  base_reboot_reason \u003d decode_uint8(bytes, cursor);\r\n  boot.base.reboot_reason \u003d {};\r\n  boot.base.reboot_reason.major \u003d reboot_lookup_major(base_reboot_reason);\r\n  boot.base.reboot_reason.minor \u003d reboot_lookup_minor(base_reboot_reason);\r\n\r\n  // byte[2]\r\n  sensor_reboot_reason \u003d decode_uint8(bytes, cursor);\r\n  boot.sensor.reboot_reason \u003d {};\r\n  boot.sensor.reboot_reason.major \u003d reboot_lookup_major(sensor_reboot_reason);\r\n  boot.sensor.reboot_reason.minor \u003d reboot_lookup_minor(sensor_reboot_reason);\r\n\r\n  // debug data\r\n  if (bytes.length \u003d\u003d expected_length_debug) {\r\n    boot.debug \u003d \u00270x\u0027\r\n    for (var i \u003d cursor.value; i \u003c bytes.length; i++) {\r\n      boot.debug \u003d boot.debug + uint8_to_hex(bytes[i]);\r\n    }\r\n  }\r\n\r\n  return boot;\r\n}\r\n\r\nfunction decode_activated_msg(bytes, cursor) {\r\n  var activated \u003d {};\r\n\r\n  var expected_length \u003d 7;\r\n  if (bytes.length !\u003d expected_length) {\r\n    throw new Error(\"Invalid activated message length \" + bytes.length + \" instead of \" + expected_length);\r\n  }\r\n\r\n  activated.sensor \u003d {};\r\n\r\n  // byte[1]\r\n  var device_type \u003d decode_uint8(bytes, cursor);\r\n  activated.sensor.device_type \u003d device_types_lookup(device_type);\r\n\r\n  // byte[2..6]\r\n  activated.sensor.device_id \u003d decode_device_id(bytes, cursor);\r\n\r\n  return activated;\r\n}\r\n\r\nfunction decode_activated_msg_v3(bytes, cursor) {\r\n  var activated \u003d {};\r\n\r\n  var expected_length \u003d 8;\r\n  if (bytes.length !\u003d expected_length) {\r\n    throw new Error(\"Invalid activated message length \" + bytes.length + \" instead of \" + expected_length);\r\n  }\r\n\r\n  activated.sensor \u003d {};\r\n\r\n  // byte[1]\r\n  var device_type \u003d decode_uint8(bytes, cursor);\r\n  activated.sensor.device_type \u003d device_types_lookup(device_type);\r\n\r\n  // byte[2..6]\r\n  activated.sensor.device_id \u003d decode_device_id(bytes, cursor);\r\n\r\n  activated.base \u003d {};\r\n\r\n  // byte[7]\r\n  device_type \u003d decode_uint8(bytes, cursor);\r\n  activated.base.device_type \u003d device_types_lookup(device_type);\r\n\r\n  return activated;\r\n}\r\n\r\nfunction decode_deactivated_msg(bytes, cursor) {\r\n  var deactivated \u003d {};\r\n\r\n  var expected_length \u003d 3;\r\n  if (bytes.length !\u003d expected_length) {\r\n    throw new Error(\"Invalid deactivated message length \" + bytes.length + \" instead of \" + expected_length);\r\n  }\r\n\r\n  // byte[1]\r\n  var reason \u003d decode_uint8(bytes, cursor);\r\n  deactivated.reason \u003d deactivation_reason_lookup(reason);\r\n\r\n  // byte[2]\r\n  var reason_length \u003d decode_uint8(bytes, cursor);\r\n\r\n  if (reason_length !\u003d 0) {\r\n    throw new Error(\"Unsupported deactivated reason length\");\r\n  }\r\n\r\n  return deactivated;\r\n}\r\n\r\nfunction decode_sensor_event_msg(bytes, cursor) {\r\n  var sensor_event \u003d {};\r\n\r\n  var expected_length \u003d 45;\r\n  if (bytes.length !\u003d expected_length) {\r\n    throw new Error(\"Invalid sensor_event message length \" + bytes.length + \" instead of \" + expected_length);\r\n  }\r\n\r\n  // byte[1]\r\n  trigger \u003d decode_uint8(bytes, cursor);\r\n  sensor_event.trigger \u003d trigger_lookup(trigger);\r\n\r\n  sensor_event.rms_velocity \u003d {};\r\n\r\n  // byte[2..7]\r\n  sensor_event.rms_velocity.x \u003d {};\r\n  sensor_event.rms_velocity.x.min \u003d decode_uint16(bytes, cursor) / 100;\r\n  sensor_event.rms_velocity.x.max \u003d decode_uint16(bytes, cursor) / 100;\r\n  sensor_event.rms_velocity.x.avg \u003d decode_uint16(bytes, cursor) / 100;\r\n\r\n  // byte[8..13]\r\n  sensor_event.rms_velocity.y \u003d {};\r\n  sensor_event.rms_velocity.y.min \u003d decode_uint16(bytes, cursor) / 100;\r\n  sensor_event.rms_velocity.y.max \u003d decode_uint16(bytes, cursor) / 100;\r\n  sensor_event.rms_velocity.y.avg \u003d decode_uint16(bytes, cursor) / 100;\r\n\r\n  // byte[14..19]\r\n  sensor_event.rms_velocity.z \u003d {};\r\n  sensor_event.rms_velocity.z.min \u003d decode_uint16(bytes, cursor) / 100;\r\n  sensor_event.rms_velocity.z.max \u003d decode_uint16(bytes, cursor) / 100;\r\n  sensor_event.rms_velocity.z.avg \u003d decode_uint16(bytes, cursor) / 100;\r\n\r\n  sensor_event.acceleration \u003d {};\r\n\r\n  // byte[20..25]\r\n  sensor_event.acceleration.x \u003d {};\r\n  sensor_event.acceleration.x.min \u003d decode_int16(bytes, cursor) / 100;\r\n  sensor_event.acceleration.x.max \u003d decode_int16(bytes, cursor) / 100;\r\n  sensor_event.acceleration.x.avg \u003d decode_int16(bytes, cursor) / 100;\r\n\r\n  // byte[26..31]\r\n  sensor_event.acceleration.y \u003d {};\r\n  sensor_event.acceleration.y.min \u003d decode_int16(bytes, cursor) / 100;\r\n  sensor_event.acceleration.y.max \u003d decode_int16(bytes, cursor) / 100;\r\n  sensor_event.acceleration.y.avg \u003d decode_int16(bytes, cursor) / 100;\r\n\r\n  // byte[32..37]\r\n  sensor_event.acceleration.z \u003d {};\r\n  sensor_event.acceleration.z.min \u003d decode_int16(bytes, cursor) / 100;\r\n  sensor_event.acceleration.z.max \u003d decode_int16(bytes, cursor) / 100;\r\n  sensor_event.acceleration.z.avg \u003d decode_int16(bytes, cursor) / 100;\r\n\r\n  // byte[38..43]\r\n  sensor_event.temperature \u003d {};\r\n  sensor_event.temperature.min \u003d decode_int16(bytes, cursor) / 100;\r\n  sensor_event.temperature.max \u003d decode_int16(bytes, cursor) / 100;\r\n  sensor_event.temperature.avg \u003d decode_int16(bytes, cursor) / 100;\r\n\r\n  // byte[44]\r\n  var conditions \u003d decode_uint8(bytes, cursor);\r\n  sensor_event.condition_0 \u003d (conditions \u0026 1);\r\n  sensor_event.condition_1 \u003d ((conditions \u003e\u003e 1) \u0026 1);\r\n  sensor_event.condition_2 \u003d ((conditions \u003e\u003e 2) \u0026 1);\r\n  sensor_event.condition_3 \u003d ((conditions \u003e\u003e 3) \u0026 1);\r\n  sensor_event.condition_4 \u003d ((conditions \u003e\u003e 4) \u0026 1);\r\n  sensor_event.condition_5 \u003d ((conditions \u003e\u003e 5) \u0026 1);\r\n\r\n  return sensor_event;\r\n}\r\n\r\nfunction decode_sensor_event_msg_v3(bytes, curser) {\r\n  var expected_length_normal \u003d 11;\r\n  var expected_length_extended \u003d 45;\r\n  if (bytes.length \u003d\u003d expected_length_normal) {\r\n    return decode_sensor_event_msg_normal(bytes, curser);\r\n  }\r\n  else if (bytes.length \u003d\u003d expected_length_extended) {\r\n    return decode_sensor_event_msg_extended(bytes, curser);\r\n  }\r\n  else {\r\n    throw new Error(\"Invalid sensor_event message length \" + bytes.length + \" instead of \" + expected_length_normal + \" or \" + expected_length_extended);\r\n  }\r\n}\r\n\r\nfunction decode_sensor_event_msg_normal(bytes, cursor) {\r\n  var sensor_event \u003d {};\r\n\r\n  // byte[1]\r\n  selection \u003d decode_uint8(bytes, cursor);\r\n\r\n  sensor_event.selection \u003d lookup_selection(selection);\r\n  if (sensor_event.selection \u003d\u003d \"extended\") {\r\n    throw new Error(\"Mismatch between extended bit flag and message length!\");\r\n  }\r\n\r\n  // byte[2]\r\n  var conditions \u003d decode_uint8(bytes, cursor);\r\n  sensor_event.condition_0 \u003d (conditions \u0026 1);\r\n  sensor_event.condition_1 \u003d ((conditions \u003e\u003e 1) \u0026 1);\r\n  sensor_event.condition_2 \u003d ((conditions \u003e\u003e 2) \u0026 1);\r\n  sensor_event.condition_3 \u003d ((conditions \u003e\u003e 3) \u0026 1);\r\n  sensor_event.condition_4 \u003d ((conditions \u003e\u003e 4) \u0026 1);\r\n\r\n  sensor_event.trigger \u003d lookup_trigger((conditions \u003e\u003e 6) \u0026 3);\r\n\r\n  sensor_event.rms_velocity \u003d {};\r\n\r\n  // byte[3,4]\r\n  x \u003d decode_uint16(bytes, cursor) / 100;\r\n\r\n  // byte[5,6]\r\n  y \u003d decode_uint16(bytes, cursor) / 100;\r\n\r\n  // byte[7,8]\r\n  z \u003d decode_uint16(bytes, cursor) / 100;\r\n\r\n  // byte[9,10]\r\n  temperature \u003d decode_int16(bytes, cursor) / 100;\r\n\r\n  if (sensor_event.selection \u003d\u003d \"min_only\") {\r\n    sensor_event.rms_velocity \u003d { x: { min: x }, y: { min: y }, z: { min: z } };\r\n    sensor_event.temperature \u003d { min: temperature };\r\n  } else if (sensor_event.selection \u003d\u003d \"max_only\") {\r\n    sensor_event.rms_velocity \u003d { x: { max: x }, y: { max: y }, z: { max: z } };\r\n    sensor_event.temperature \u003d { max: temperature };\r\n  } else if (sensor_event.selection \u003d\u003d \"avg_only\") {\r\n    sensor_event.rms_velocity \u003d { x: { avg: x }, y: { avg: y }, z: { avg: z } };\r\n    sensor_event.temperature \u003d { avg: temperature };\r\n  } else {\r\n    throw new Error(\"Only min, max, or, avg is accepted!\");\r\n  }\r\n\r\n\r\n  return sensor_event;\r\n}\r\n\r\nfunction decode_sensor_event_msg_extended(bytes, cursor) {\r\n  var sensor_event \u003d {};\r\n\r\n  // byte[1]\r\n  selection \u003d decode_uint8(bytes, cursor);\r\n\r\n  sensor_event.selection \u003d lookup_selection(selection);\r\n  if (sensor_event.selection !\u003d \"extended\") {\r\n    throw new Error(\"Mismatch between extended bit flag and message length!\");\r\n  }\r\n\r\n  // byte[2]\r\n  var conditions \u003d decode_uint8(bytes, cursor);\r\n  sensor_event.condition_0 \u003d (conditions \u0026 1);\r\n  sensor_event.condition_1 \u003d ((conditions \u003e\u003e 1) \u0026 1);\r\n  sensor_event.condition_2 \u003d ((conditions \u003e\u003e 2) \u0026 1);\r\n  sensor_event.condition_3 \u003d ((conditions \u003e\u003e 3) \u0026 1);\r\n  sensor_event.condition_4 \u003d ((conditions \u003e\u003e 4) \u0026 1);\r\n\r\n  sensor_event.trigger \u003d lookup_trigger((conditions \u003e\u003e 6) \u0026 3);\r\n\r\n  sensor_event.rms_velocity \u003d {};\r\n\r\n  // byte[2..7]\r\n  sensor_event.rms_velocity.x \u003d {};\r\n  sensor_event.rms_velocity.x.min \u003d decode_velocity_v3(bytes, cursor);\r\n  sensor_event.rms_velocity.x.max \u003d decode_velocity_v3(bytes, cursor);\r\n  sensor_event.rms_velocity.x.avg \u003d decode_velocity_v3(bytes, cursor);\r\n\r\n  // byte[8..13]\r\n  sensor_event.rms_velocity.y \u003d {};\r\n  sensor_event.rms_velocity.y.min \u003d decode_velocity_v3(bytes, cursor);\r\n  sensor_event.rms_velocity.y.max \u003d decode_velocity_v3(bytes, cursor);\r\n  sensor_event.rms_velocity.y.avg \u003d decode_velocity_v3(bytes, cursor);\r\n\r\n  // byte[14..19]\r\n  sensor_event.rms_velocity.z \u003d {};\r\n  sensor_event.rms_velocity.z.min \u003d decode_velocity_v3(bytes, cursor);\r\n  sensor_event.rms_velocity.z.max \u003d decode_velocity_v3(bytes, cursor);\r\n  sensor_event.rms_velocity.z.avg \u003d decode_velocity_v3(bytes, cursor);\r\n\r\n  sensor_event.acceleration \u003d {};\r\n\r\n  // byte[20..25]\r\n  sensor_event.acceleration.x \u003d {};\r\n  sensor_event.acceleration.x.min \u003d decode_acceleration_v3(bytes, cursor);\r\n  sensor_event.acceleration.x.peak \u003d decode_acceleration_v3(bytes, cursor);\r\n  sensor_event.acceleration.x.rms \u003d decode_acceleration_v3(bytes, cursor);\r\n\r\n  // byte[26..31]\r\n  sensor_event.acceleration.y \u003d {};\r\n  sensor_event.acceleration.y.min \u003d decode_acceleration_v3(bytes, cursor);\r\n  sensor_event.acceleration.y.peak \u003d decode_acceleration_v3(bytes, cursor);\r\n  sensor_event.acceleration.y.rms \u003d decode_acceleration_v3(bytes, cursor);\r\n\r\n  // byte[32..37]\r\n  sensor_event.acceleration.z \u003d {};\r\n  sensor_event.acceleration.z.min \u003d decode_acceleration_v3(bytes, cursor);\r\n  sensor_event.acceleration.z.peak \u003d decode_acceleration_v3(bytes, cursor);\r\n  sensor_event.acceleration.z.rms \u003d decode_acceleration_v3(bytes, cursor);\r\n\r\n  // byte[38..43]\r\n  sensor_event.temperature \u003d {};\r\n  sensor_event.temperature.min \u003d decode_acceleration_v3(bytes, cursor);\r\n  sensor_event.temperature.max \u003d decode_acceleration_v3(bytes, cursor);\r\n  sensor_event.temperature.avg \u003d decode_acceleration_v3(bytes, cursor);\r\n\r\n  return sensor_event;\r\n}\r\n\r\nfunction decode_velocity_v3(bytes, cursor) {\r\n  return decode_uint16(bytes, cursor) / 100;\r\n}\r\n\r\nfunction decode_acceleration_v3(bytes, cursor) {\r\n  return decode_int16(bytes, cursor) / 100;\r\n}\r\n\r\nfunction decode_temperature_v3(bytes, cursor) {\r\n  return decode_int16(bytes, cursor) / 100;\r\n}\r\n\r\n\r\nfunction decode_device_status_msg(bytes, cursor) {\r\n  var device_status \u003d {};\r\n\r\n  var expected_length \u003d 24;\r\n  if (bytes.length !\u003d expected_length) {\r\n    throw new Error(\"Invalid device_status message length \" + bytes.length + \" instead of \" + expected_length);\r\n  }\r\n\r\n  device_status.base \u003d {};\r\n  device_status.sensor \u003d {};\r\n\r\n  // byte[1..2]\r\n  var config_crc \u003d decode_uint16(bytes, cursor);\r\n  device_status.base.config_crc \u003d \u00270x\u0027 + uint16_to_hex(config_crc);\r\n\r\n  // byte[3..8]\r\n  device_status.base.battery_voltage \u003d {}\r\n  device_status.base.battery_voltage.low \u003d decode_uint16(bytes, cursor) / 1000.0;\r\n  device_status.base.battery_voltage.high \u003d decode_uint16(bytes, cursor) / 1000.0;\r\n  device_status.base.battery_voltage.settle \u003d decode_uint16(bytes, cursor) / 1000.0;\r\n\r\n  // byte[9..11]\r\n  device_status.base.temperature \u003d {}\r\n  device_status.base.temperature.min \u003d decode_int8(bytes, cursor);\r\n  device_status.base.temperature.max \u003d decode_int8(bytes, cursor);\r\n  device_status.base.temperature.avg \u003d decode_int8(bytes, cursor);\r\n\r\n  // byte[12]\r\n  device_status.base.lvds_error_counter \u003d decode_uint8(bytes, cursor);\r\n\r\n  // byte[13..15]\r\n  device_status.base.lora_tx_counter \u003d decode_uint8(bytes, cursor);\r\n  device_status.base.avg_rssi \u003d -decode_uint8(bytes, cursor);\r\n  device_status.base.avg_snr \u003d decode_int8(bytes, cursor);\r\n\r\n  // byte[16]\r\n  var bist \u003d decode_uint8(bytes, cursor);\r\n  device_status.base.bist \u003d \u00270x\u0027 + uint8_to_hex(bist);\r\n\r\n  // byte[17]\r\n  var device_type \u003d decode_uint8(bytes, cursor);\r\n  device_status.sensor.device_type \u003d device_types_lookup(device_type);\r\n\r\n  // byte[18..19]\r\n  var config_crc \u003d decode_uint16(bytes, cursor);\r\n  device_status.sensor.config_crc \u003d \u00270x\u0027 + uint16_to_hex(config_crc);\r\n\r\n  // byte[20..21]\r\n  var data_config_crc \u003d decode_uint16(bytes, cursor);\r\n  device_status.sensor.data_config_crc \u003d \u00270x\u0027 + uint16_to_hex(data_config_crc);\r\n\r\n  // byte[22]\r\n  device_status.sensor.event_counter \u003d decode_uint8(bytes, cursor);\r\n\r\n  // byte[23]\r\n  var bist \u003d decode_uint8(bytes, cursor);\r\n  device_status.sensor.bist \u003d \u00270x\u0027 + uint8_to_hex(bist);\r\n\r\n  return device_status;\r\n}\r\n\r\nfunction decode_device_status_msg_v3(bytes, cursor) {\r\n  var expected_length_normal \u003d 9;\r\n  var expected_length_debug \u003d 12;\r\n  if (bytes.length !\u003d expected_length_normal \u0026\u0026 bytes.length !\u003d expected_length_debug) {\r\n    throw new Error(\"Invalid device status message length \" + bytes.length + \" instead of \" + expected_length_normal + \" or \" + expected_length_debug);\r\n  }\r\n\r\n  var device_status \u003d {};\r\n\r\n  device_status.base \u003d {};\r\n  device_status.sensor \u003d {};\r\n\r\n  // byte[1]\r\n  device_status.base.battery_voltage \u003d decode_battery_voltage(bytes, cursor);\r\n\r\n  // byte[2]\r\n  device_status.base.temperature \u003d decode_int8(bytes, cursor);\r\n\r\n  // byte[3,4]\r\n  device_status.base.lora_tx_counter \u003d decode_uint16(bytes, cursor);\r\n\r\n  // byte[5]\r\n  rssi \u003d decode_uint8(bytes, cursor);\r\n  device_status.base.avg_rssi \u003d rssi_lookup(rssi);\r\n\r\n  // byte[6]\r\n  var bist \u003d decode_uint8(bytes, cursor);\r\n  device_status.base.bist \u003d \u00270x\u0027 + uint8_to_hex(bist);\r\n\r\n  // byte[7]\r\n  device_status.sensor.event_counter \u003d decode_uint8(bytes, cursor);\r\n\r\n  // byte[8]\r\n  var bist \u003d decode_uint8(bytes, cursor);\r\n  device_status.sensor.bist \u003d \u00270x\u0027 + uint8_to_hex(bist);\r\n\r\n  // debug data\r\n  if (bytes.length \u003d\u003d expected_length_debug) {\r\n    device_status.debug \u003d \u00270x\u0027\r\n    for (var i \u003d cursor.value; i \u003c bytes.length; i++) {\r\n      device_status.debug \u003d device_status.debug + uint8_to_hex(bytes[i]);\r\n    }\r\n  }\r\n\r\n  return device_status;\r\n}\r\n\r\nfunction decode_config_update_ans_msg(bytes, cursor) {\r\n  var expected_length \u003d 6;\r\n  if (bytes.length !\u003d expected_length) {\r\n    throw new Error(\"Invalid config update ans message length \" + bytes.length + \" instead of \" + expected_length);\r\n  }\r\n\r\n  var ans \u003d {};\r\n\r\n  // NOTE: It does not check protocol_version because sensor can have different protocol_version compared to the base device\r\n  // byte[0]\r\n  ans \u003d decode_config_header(bytes, cursor);\r\n\r\n  // byte[1..4]\r\n  tag \u003d decode_uint32(bytes, cursor);\r\n  ans.tag \u003d \u00270x\u0027 + uint32_to_hex(tag);\r\n\r\n  // byte[5]\r\n  counter \u003d decode_uint8(bytes, cursor);\r\n  ans.counter \u003d counter \u0026 0x0F;\r\n\r\n  return ans;\r\n}\r\n\r\n\r\nfunction lookup_trigger(trigger) {\r\n  switch (trigger) {\r\n    case (0):\r\n      return \"condition change\";\r\n    case (1):\r\n      return \"periodic\";\r\n    case (2):\r\n      return \"button press\";\r\n    default:\r\n      return \"unknown\";\r\n  }\r\n}\r\n\r\nfunction decode_sensor_data_msg(bytes, cursor, protocol_version) {\r\n  var sensor_data \u003d {};\r\n\r\n  var expected_length \u003d 46;\r\n  if (bytes.length !\u003d expected_length) {\r\n    throw new Error(\"Invalid sensor_data message length \" + bytes.length + \" instead of \" + expected_length);\r\n  }\r\n\r\n  if (protocol_version \u003d\u003d 3) {\r\n    // byte[1..6]\r\n    sensor_data.config \u003d decode_sensor_data_config_v3(bytes, cursor);\r\n    chunk_size \u003d 39;\r\n    data_offset \u003d 7;\r\n  } else {\r\n    // byte[1..5]\r\n    sensor_data.config \u003d decode_sensor_data_config(bytes, cursor, protocol_version);\r\n    chunk_size \u003d 40;\r\n    data_offset \u003d 6;\r\n  }\r\n\r\n  // byte[data_offset..45] data_offset depending on protocol version\r\n  sensor_data.raw \u003d bytes.slice(data_offset);\r\n\r\n  // Process raw data\r\n  sensor_data.frequency \u003d [];\r\n  sensor_data.magnitude \u003d [];\r\n\r\n  // convert from bin to Hz\r\n  var binToHzFactor \u003d 1.62762;\r\n  var spectral_line_frequency \u003d sensor_data.config.spectral_line_frequency * binToHzFactor;\r\n  // Start frequency\r\n  var frequency_offset \u003d sensor_data.config.start_frequency * binToHzFactor;\r\n  // Frequency offset for the chunk\r\n  frequency_offset +\u003d sensor_data.config.frame_number * chunk_size * spectral_line_frequency;\r\n  for (i \u003d 0; i \u003c chunk_size; i++) {\r\n    var sample_fre\r\n    sensor_data.frequency[i] \u003d frequency_offset + i * spectral_line_frequency;\r\n    sensor_data.magnitude[i] \u003d sensor_data.raw[i] * sensor_data.config.scale / 255;\r\n\r\n  }\r\n\r\n  return sensor_data;\r\n}\r\n\r\nfunction handle_generic_messages(fPort, bytes, decoded) {\r\n  var FPORT_FIRMWARE_MANAGEMENT_PROTOCOL_SPECIFICATION \u003d 203; // Firmware Management Protocol Specification TS006-1.0.0\r\n  var cursor \u003d {};   // keeping track of which byte to process.\r\n  cursor.value \u003d 0;  // Start from 0\r\n\r\n  switch (fPort) {\r\n    case FPORT_FIRMWARE_MANAGEMENT_PROTOCOL_SPECIFICATION: {\r\n      var CID_DEV_VERSION \u003d 0x01;\r\n      var cid \u003d decode_uint8(bytes, cursor);\r\n      switch (cid) {\r\n        case CID_DEV_VERSION:\r\n          decoded.DevVersion \u003d { FW_version: \"0x\" + uint32_to_hex(decode_uint32(bytes, cursor)), HW_version: \"0x\" + uint32_to_hex(decode_uint32(bytes, cursor)) }\r\n          break;\r\n      }\r\n      return true;\r\n    }\r\n    default:\r\n      return false;\r\n  }\r\n}",
      "decoderType": "JS",
      "id": 649,
      "name": "TWTG-Vibration-V3",
      "timestamp": 1715727099
    }
  },
  "propConfig": {
    "custom.api": {
      "binding": {
        "config": {
          "path": "view.params.decoder.id"
        },
        "transforms": [
          {
            "code": "\tapi \u003d decoders.decoder.loadAPI(value)\n\tif api \u003d\u003d None or api \u003d\u003d \u0027null\u0027:\n\t\treturn {\n\t\t\"name\":\"New API Connection\", \n\t\t\"apiToken\":None, \n\t\t\"apiURL\":\u0027\u0027, \n\t\t\"decoder\":self.params.decoderID.id, \n\t\t\"authenticationType\":\"NONE\",\n\t\t\"authenticationCreds\":\"\",\n\t\t\"apiUserName\":\"\",\n\t\t\"apiPassword\":\"\",\n\t\t\"payloadFormat\":\"\"\n\t\t\n\t\t}\n\telse:\n\t\tif \"payloadFormat\" not in api.keys():\n\t\t\tapi[\u0027payloadFormat\u0027] \u003d \u0027\u0027\n\t\t\tapi[\"apiURL\"] \u003d \u0027\u0027 \n\t\treturn api",
            "type": "script"
          }
        ],
        "type": "property"
      },
      "persistent": true
    },
    "params.decoder": {
      "paramDirection": "input",
      "persistent": true
    }
  },
  "props": {},
  "root": {
    "children": [
      {
        "children": [
          {
            "children": [
              {
                "children": [
                  {
                    "meta": {
                      "name": "Label_1"
                    },
                    "props": {
                      "text": "URL",
                      "textStyle": {
                        "color": "#0D5C63",
                        "fontSize": 15,
                        "fontWeight": "bolder",
                        "textAlign": "start"
                      }
                    },
                    "type": "ia.display.label"
                  },
                  {
                    "meta": {
                      "name": "txtxUrl"
                    },
                    "position": {
                      "basis": "32px"
                    },
                    "propConfig": {
                      "props.text": {
                        "binding": {
                          "config": {
                            "bidirectional": true,
                            "path": "view.custom.api.apiURL"
                          },
                          "type": "property"
                        }
                      }
                    },
                    "type": "ia.input.text-field"
                  }
                ],
                "meta": {
                  "name": "URL Container"
                },
                "position": {
                  "shrink": 0
                },
                "props": {
                  "direction": "column"
                },
                "type": "ia.container.flex"
              },
              {
                "children": [
                  {
                    "children": [
                      {
                        "meta": {
                          "name": "Label"
                        },
                        "position": {
                          "basis": "50px"
                        },
                        "props": {
                          "text": "API Authentication"
                        },
                        "type": "ia.display.label"
                      },
                      {
                        "children": [
                          {
                            "meta": {
                              "name": "AuthTypes"
                            },
                            "propConfig": {
                              "props.value": {
                                "binding": {
                                  "config": {
                                    "bidirectional": true,
                                    "path": "view.custom.api.authenticationType"
                                  },
                                  "type": "property"
                                }
                              }
                            },
                            "props": {
                              "radios": [
                                {
                                  "selected": true,
                                  "text": "None",
                                  "value": "None"
                                },
                                {
                                  "selected": false,
                                  "text": "Bearer",
                                  "value": "Bearer"
                                },
                                {
                                  "selected": false,
                                  "text": "Basic",
                                  "value": "Basic"
                                }
                              ]
                            },
                            "type": "ia.input.radio-group"
                          },
                          {
                            "children": [
                              {
                                "meta": {
                                  "name": "Label_0"
                                },
                                "props": {
                                  "text": "Bearer Token",
                                  "textStyle": {
                                    "color": "#0D5C63",
                                    "fontSize": 15,
                                    "fontWeight": "bolder",
                                    "textAlign": "start"
                                  }
                                },
                                "type": "ia.display.label"
                              },
                              {
                                "meta": {
                                  "name": "TextField"
                                },
                                "position": {
                                  "basis": "32px"
                                },
                                "propConfig": {
                                  "props.text": {
                                    "binding": {
                                      "config": {
                                        "bidirectional": true,
                                        "path": "view.custom.api.apiToken"
                                      },
                                      "type": "property"
                                    }
                                  }
                                },
                                "props": {
                                  "style": {
                                    "cursor": "text"
                                  }
                                },
                                "type": "ia.input.text-field"
                              }
                            ],
                            "meta": {
                              "name": "bearer"
                            },
                            "propConfig": {
                              "meta.visible": {
                                "binding": {
                                  "config": {
                                    "path": "view.custom.api.authenticationType"
                                  },
                                  "transforms": [
                                    {
                                      "code": "\tif value.upper() \u003d\u003d \"BEARER\":\n\t\treturn True\n\telse:\n\t\treturn False",
                                      "type": "script"
                                    }
                                  ],
                                  "type": "property"
                                }
                              },
                              "position.display": {
                                "binding": {
                                  "config": {
                                    "path": "view.custom.api.authenticationType"
                                  },
                                  "transforms": [
                                    {
                                      "code": "\tif value.upper() \u003d\u003d \"BEARER\":\n\t\treturn True\n\telse:\n\t\treturn False",
                                      "type": "script"
                                    }
                                  ],
                                  "type": "property"
                                }
                              }
                            },
                            "props": {
                              "direction": "column",
                              "justify": "space-evenly"
                            },
                            "type": "ia.container.flex"
                          },
                          {
                            "children": [
                              {
                                "meta": {
                                  "name": "Label_1"
                                },
                                "props": {
                                  "text": "User Name",
                                  "textStyle": {
                                    "color": "#0D5C63",
                                    "fontSize": 15,
                                    "fontWeight": "bolder",
                                    "textAlign": "start"
                                  }
                                },
                                "type": "ia.display.label"
                              },
                              {
                                "meta": {
                                  "name": "username"
                                },
                                "propConfig": {
                                  "props.text": {
                                    "binding": {
                                      "config": {
                                        "bidirectional": true,
                                        "path": "view.custom.api.apiUserName"
                                      },
                                      "type": "property"
                                    }
                                  }
                                },
                                "props": {
                                  "style": {
                                    "cursor": "text"
                                  }
                                },
                                "type": "ia.input.text-field"
                              },
                              {
                                "meta": {
                                  "name": "Label_2"
                                },
                                "props": {
                                  "text": "Password",
                                  "textStyle": {
                                    "color": "#0D5C63",
                                    "fontSize": 15,
                                    "fontWeight": "bolder",
                                    "textAlign": "start"
                                  }
                                },
                                "type": "ia.display.label"
                              },
                              {
                                "meta": {
                                  "name": "password"
                                },
                                "propConfig": {
                                  "props.text": {
                                    "binding": {
                                      "config": {
                                        "bidirectional": true,
                                        "path": "view.custom.api.apiPassword"
                                      },
                                      "type": "property"
                                    }
                                  }
                                },
                                "props": {
                                  "style": {
                                    "cursor": "text"
                                  }
                                },
                                "type": "ia.input.text-field"
                              }
                            ],
                            "meta": {
                              "name": "oAuth"
                            },
                            "propConfig": {
                              "meta.visible": {
                                "binding": {
                                  "config": {
                                    "path": "view.custom.api.authenticationType"
                                  },
                                  "transforms": [
                                    {
                                      "code": "\tif value.upper() \u003d\u003d \"OAUTH\" or  value.upper() \u003d\u003d \"BASIC\":\n\t\treturn True\n\telse:\n\t\treturn False",
                                      "type": "script"
                                    }
                                  ],
                                  "type": "property"
                                }
                              }
                            },
                            "props": {
                              "direction": "column",
                              "justify": "space-evenly"
                            },
                            "type": "ia.container.flex"
                          }
                        ],
                        "custom": {
                          "authType": "None"
                        },
                        "meta": {
                          "name": "authContainer"
                        },
                        "props": {
                          "direction": "column",
                          "justify": "center"
                        },
                        "type": "ia.container.flex"
                      }
                    ],
                    "meta": {
                      "name": "API Authentication"
                    },
                    "position": {
                      "grow": 1
                    },
                    "props": {
                      "alignItems": "flex-start",
                      "direction": "column"
                    },
                    "type": "ia.container.flex"
                  },
                  {
                    "children": [
                      {
                        "children": [
                          {
                            "meta": {
                              "name": "Label"
                            },
                            "position": {
                              "grow": 1
                            },
                            "props": {
                              "style": {
                                "classes": "forms/configHeading"
                              },
                              "text": "API Payload Format"
                            },
                            "type": "ia.display.label"
                          },
                          {
                            "meta": {
                              "name": "Icon"
                            },
                            "position": {
                              "basis": "30px"
                            },
                            "props": {
                              "path": "material/info"
                            },
                            "type": "ia.display.icon"
                          }
                        ],
                        "meta": {
                          "name": "FlexContainer"
                        },
                        "position": {
                          "basis": "50px"
                        },
                        "props": {
                          "value": "NONE"
                        },
                        "type": "ia.container.flex"
                      },
                      {
                        "meta": {
                          "name": "TextArea"
                        },
                        "position": {
                          "grow": 1
                        },
                        "propConfig": {
                          "props.text": {
                            "binding": {
                              "config": {
                                "bidirectional": true,
                                "path": "view.custom.api.payloadFormat"
                              },
                              "type": "property"
                            }
                          }
                        },
                        "props": {
                          "placeholder": "Enter JSON payload template"
                        },
                        "type": "ia.input.text-area"
                      }
                    ],
                    "meta": {
                      "name": "Payload Format"
                    },
                    "position": {
                      "grow": 1,
                      "shrink": 0
                    },
                    "props": {
                      "direction": "column",
                      "style": {
                        "borderBottomLeftRadius": "12px",
                        "borderBottomRightRadius": "12px",
                        "borderTopLeftRadius": "12px",
                        "borderTopRightRadius": "12px",
                        "classes": "forms/configurationBox"
                      }
                    },
                    "type": "ia.container.flex"
                  }
                ],
                "meta": {
                  "name": "FlexContainer"
                },
                "position": {
                  "grow": 1,
                  "shrink": 0
                },
                "type": "ia.container.flex"
              },
              {
                "events": {
                  "dom": {
                    "onClick": {
                      "config": {
                        "script": "\tutils.messages.waiting.showLoading()\n\ttry:\n\t\tself.meta.visible \u003d False\n\n\t\tsaved \u003d decoders.decoder.updateAPI(self.view.params.decoder.id,  self.view.custom.api.apiURL, self.view.custom.api.apiToken,\n\t\tself.view.custom.api.authenticationType, self.view.custom.api.apiUserName, self.view.custom.api.apiPassword, self.view.custom.api.name, self.view.custom.api.payloadFormat)\n\t\tutils.messages.waiting.hideLoading()\t\n\t\tif utils.resultParser.isResultSuccess(saved):\n\t\t\tutils.messages.success.showSuccess(\"Updated\")\n\t\t\t##update base decoder to point to API\n\t\t\tresults \u003d decoders.decoder.updateDecoder(self.session.custom.tenantID, self.view.params.decoder.id, self.view.params.decoder.name, self.view.params.decoder.code, \"API\")\n\t\t\tsystem.perspective.print(results)\n\t\telse:\n\t\t\tutils.messages.errors.showErrorMessage(str(saved))\n\t\n\t\tself.meta.visible \u003d True\n\texcept Exception as e:\n\t\tutils.messages.waiting.hideLoading()\t\n\t\tutils.messages.errors.showErrorMessage(str(e))\n\t\t\n\tself.meta.visible \u003d True\n\t"
                      },
                      "scope": "G",
                      "type": "script"
                    }
                  }
                },
                "meta": {
                  "name": "Save"
                },
                "props": {
                  "image": {
                    "icon": {
                      "path": "material/save"
                    },
                    "style": {
                      "backgroundColor": "#FFFFFF",
                      "color": "#0D5C63",
                      "fontSize": 16
                    }
                  },
                  "style": {
                    "backgroundColor": "#0D5C63",
                    "color": "#ffffff",
                    "cursor": "pointer",
                    "fontSize": 16
                  },
                  "text": "Save Configuration"
                },
                "type": "ia.input.button"
              }
            ],
            "meta": {
              "name": "Connection"
            },
            "props": {
              "direction": "column",
              "style": {
                "padding": "2%"
              }
            },
            "type": "ia.container.flex"
          },
          {
            "children": [
              {
                "children": [
                  {
                    "meta": {
                      "name": "TextField"
                    },
                    "position": {
                      "grow": 1,
                      "shrink": 0
                    },
                    "propConfig": {
                      "props.text": {
                        "binding": {
                          "config": {
                            "bidirectional": true,
                            "path": "..../validating.custom.payload"
                          },
                          "type": "property"
                        }
                      }
                    },
                    "props": {
                      "placeholder": "Hex Payload"
                    },
                    "type": "ia.input.text-field"
                  },
                  {
                    "meta": {
                      "name": "TextField_0"
                    },
                    "position": {
                      "grow": 1,
                      "shrink": 0
                    },
                    "propConfig": {
                      "props.text": {
                        "binding": {
                          "config": {
                            "bidirectional": true,
                            "path": "..../validating.custom.devEui"
                          },
                          "type": "property"
                        }
                      }
                    },
                    "props": {
                      "placeholder": "Device EUI"
                    },
                    "type": "ia.input.text-field"
                  },
                  {
                    "meta": {
                      "name": "NumericEntryField",
                      "tooltip": {
                        "enabled": true,
                        "text": "port number"
                      }
                    },
                    "propConfig": {
                      "props.value": {
                        "binding": {
                          "config": {
                            "bidirectional": true,
                            "path": "..../validating.custom.port"
                          },
                          "type": "property"
                        }
                      }
                    },
                    "props": {
                      "placeholder": "port"
                    },
                    "type": "ia.input.numeric-entry-field"
                  },
                  {
                    "events": {
                      "dom": {
                        "onClick": {
                          "config": {
                            "script": "\tself.props.enabled \u003d False\n\ttry:\n\t\t\n\t\tutils.messages.waiting.showLoading()\n\t\t\n\t\tdecoderId \u003d self.view.custom.api.decoder\n\t\thexPayload \u003d self.parent.parent.parent.getChild(\"validating\").custom.payload\n\t\tport \u003d self.parent.parent.parent.getChild(\"validating\").custom.port\n\t\tdevEui \u003d self.parent.parent.parent.getChild(\"validating\").custom.devEui\n\t\t\n\t\tresults \u003d decoders.decoder.testApiDecoder(decoderId, hexPayload, port, devEui)\n\t\tutils.messages.waiting.hideLoading()\n\t\tself.parent.parent.parent.getChild(\"validating\").custom.decodedResult \u003d results\n\t\t\n\texcept Exception as e:\n\t\tutils.messages.waiting.hideLoading()\n\t\tutils.messages.errors.showErrorMessage(str(e))\n\tself.props.enabled \u003d True"
                          },
                          "scope": "G",
                          "type": "script"
                        }
                      }
                    },
                    "meta": {
                      "name": "Button"
                    },
                    "props": {
                      "style": {
                        "padding": "2%"
                      },
                      "text": "Test Decoder"
                    },
                    "type": "ia.input.button"
                  }
                ],
                "meta": {
                  "name": "FlexContainer"
                },
                "type": "ia.container.flex"
              },
              {
                "meta": {
                  "name": "TextArea"
                },
                "position": {
                  "grow": 1,
                  "shrink": 0
                },
                "propConfig": {
                  "props.text": {
                    "binding": {
                      "config": {
                        "path": "parent.custom.decodedResult"
                      },
                      "type": "property"
                    }
                  }
                },
                "props": {
                  "placeholder": "decoded content"
                },
                "type": "ia.input.text-area"
              }
            ],
            "custom": {
              "decodedResult": "",
              "devEui": "",
              "payload": "",
              "port": 2
            },
            "meta": {
              "name": "validating"
            },
            "position": {
              "tabIndex": 1
            },
            "props": {
              "direction": "column"
            },
            "type": "ia.container.flex"
          }
        ],
        "meta": {
          "name": "TabContainer"
        },
        "position": {
          "basis": "300px",
          "grow": 1
        },
        "props": {
          "currentTabIndex": 1,
          "menuType": "modern",
          "tabs": [
            "Connection",
            "Test"
          ]
        },
        "type": "ia.container.tab"
      }
    ],
    "meta": {
      "name": "root"
    },
    "props": {
      "direction": "column",
      "justify": "space-around",
      "style": {
        "margin": ""
      }
    },
    "type": "ia.container.flex"
  }
}