{
  "custom": {},
  "params": {
    "UDTType": "[default]_types_/SiteSync/AloxyValvePosition",
    "selectedTag": null
  },
  "propConfig": {
    "params.UDTType": {
      "paramDirection": "input",
      "persistent": true
    },
    "params.selectedTag": {
      "paramDirection": "inout",
      "persistent": true
    }
  },
  "props": {},
  "root": {
    "children": [
      {
        "meta": {
          "name": "Label_0"
        },
        "position": {
          "basis": "32px"
        },
        "props": {
          "style": {
            "classes": "forms/configHeading"
          },
          "text": "Select primary value to display in SiteSync"
        },
        "type": "ia.display.label"
      },
      {
        "meta": {
          "name": "TagBrowseTree"
        },
        "position": {
          "basis": "400px"
        },
        "propConfig": {
          "props.root.path": {
            "binding": {
              "config": {
                "path": "parent.custom.targetTag"
              },
              "type": "property"
            }
          },
          "props.selection.values[0]": {
            "binding": {
              "config": {
                "bidirectional": true,
                "path": "view.params.selectedTag"
              },
              "type": "property"
            }
          }
        },
        "props": {
          "root": {},
          "selection": {
            "mode": "single"
          }
        },
        "type": "ia.display.tag-browse-tree"
      },
      {
        "meta": {
          "name": "Label"
        },
        "position": {
          "basis": "32px"
        },
        "propConfig": {
          "props.text": {
            "binding": {
              "config": {
                "path": "../TagBrowseTree.props.selection.values"
              },
              "transforms": [
                {
                  "code": "\tif value !\u003d None and len(value) \u003d\u003d 1 and value[0] !\u003d None:\n\t\treturn value[0]\n\telse:\n\t\treturn \"\"",
                  "type": "script"
                }
              ],
              "type": "property"
            }
          }
        },
        "type": "ia.display.label"
      },
      {
        "events": {
          "dom": {
            "onClick": {
              "config": {
                "script": "\tselectedTag \u003d self.getSibling(\"TagBrowseTree\").props.selection.values[0]\n\tif \"metaData/valueToDisplay\" in selectedTag:\n\t\tself.getSibling(\"Label\").props.text \u003d \"Cannot select this tag, it will be recursive\"\n\telse:\n\t\tsystem.perspective.print(\"Save selection\")\n\t\tcollisionPolicy \u003d \"a\"\n\t\tbaseTagPath \u003d self.view.params.UDTType + \"/metaData/valueToDisplay.sourceTagPath\"\n\n\t\ttag \u003d {\n\t\t            \"name\": \"tempUDT\",         \n\t\t            \"typeId\" : slimmedUD,\n\t\t            \"tagType\" : tagType,\n\t\t            \"parameters\" : {\n\t\t              }\n\t\t       }\n\t\t  \n\t\t\t\t# Create the Tag.\n\t\tresults \u003d system.tag.configure(baseTagPath, [tag], collisionPolicy)\n\t\t\n\n\t\t\n#\t\tpath \u003d self.view.params.UDTType + \"/metaData/valueToDisplay.sourceTagPath\"\n#\t\tsystem.tag.writeBlocking([path], [selectedTag])\n\t\tif \u0027temp/tempUDT\u0027 in self.parent.custom.targetTag:\n\t\t\tsystem.tag.deleteTags([\"[default]temp/tempUDT\"])"
              },
              "scope": "G",
              "type": "script"
            }
          }
        },
        "meta": {
          "name": "Button"
        },
        "position": {
          "basis": "34px"
        },
        "propConfig": {
          "props.enabled": {
            "binding": {
              "config": {
                "path": "../Label.props.text"
              },
              "transforms": [
                {
                  "code": "\tif value \u003d\u003d None or len(value) \u003c 1:\n\t\treturn False\n\telse:\n\t\treturn True\n\t",
                  "type": "script"
                }
              ],
              "type": "property"
            }
          }
        },
        "props": {
          "text": "Confirm"
        },
        "type": "ia.input.button"
      }
    ],
    "meta": {
      "name": "root"
    },
    "propConfig": {
      "custom.targetTag": {
        "binding": {
          "config": {
            "path": "view.params.UDTType"
          },
          "transforms": [
            {
              "code": "\tslimmedUDT \u003d self.view.params.UDTType.split(\"_/\")[1]\n\tresults \u003d system.tag.browse(\"[{0}]\".format(self.session.custom.defaultTagProvider), filter\u003d{\"typeId\":slimmedUDT, \"tagType\":\"UdtInstance\", \"maxResults\":1})\n\tif len(results) \u003d\u003d 1:\n\t\tresult \u003d results[0]\n\t\treturn result[\u0027fullPath\u0027]\n\telse:\n\t\t##need to create an instance \n\t\tcollisionPolicy \u003d \"a\"\n\t\tbaseTagPath \u003d \"[{0}]temp\".format(self.session.custom.defaultTagProvider)\n\t\ttagType \u003d \"UdtInstance\"\n\t\ttag \u003d {\n\t\t            \"name\": \"tempUDT\",         \n\t\t            \"typeId\" : slimmedUDT,\n\t\t            \"tagType\" : tagType,\n\t\t            \"parameters\" : {\n\t\t              }\n\t\t       }\n\t\t  \n\t\t# Create the Tag.\n\t\tresults \u003d system.tag.configure(baseTagPath, [tag], collisionPolicy)\n\t\tsystem.perspective.print(results)\n\t\treturn baseTagPath + \"/tempUDT\"",
              "type": "script"
            }
          ],
          "type": "property"
        }
      }
    },
    "props": {
      "direction": "column",
      "style": {
        "classes": "forms/configurationBox"
      }
    },
    "type": "ia.container.flex"
  }
}