{
  "custom": {},
  "events": {
    "system": {
      "onStartup": {
        "config": {
          "script": "\tsystem.perspective.print(str(self.session.props.auth.user.roles))\n\tauth \u003d self.session.props.auth.user.roles\n\t\n\tmatches \u003d []\n\tfor i in auth:\n\n\t\ttenant \u003d system.sitesync.findTenantByRole(str(i))\n\t\t\n\t\tif tenant \u003d\u003d \u0027null\u0027:\n\t\t\tsystem.perspective.print(\"Signed in user does not belong to a matching tenant.\")\n\t\telse:\n\t\t\tmatches.append(tenant)\n\t\n\tif len(matches) \u003d\u003d 1:\n\t\tsystem.perspective.print(\"only one tenant found, great!\")\n\tif len(matches) \u003e 1:\n\t\tsystem.perspective.print(\"more than one matching tenant\")\n\t\tsystem.perspective.print(matches)"
        },
        "scope": "G",
        "type": "script"
      }
    }
  },
  "params": {},
  "props": {},
  "root": {
    "children": [
      {
        "meta": {
          "name": "Label"
        },
        "props": {
          "style": {
            "classes": "label"
          },
          "text": "Manage SiteSync"
        },
        "type": "ia.display.label"
      },
      {
        "meta": {
          "name": "MenuTree_0"
        },
        "position": {
          "basis": "300px",
          "grow": 1,
          "shrink": 0
        },
        "props": {
          "items": [
            {
              "backActionText": "",
              "enabled": true,
              "items": null,
              "label": {
                "icon": {
                  "path": "material/home_work"
                },
                "text": "Sites"
              },
              "navIcon": {
                "color": "",
                "path": "material/chevron_right"
              },
              "resetOnClick": false,
              "showHeader": true,
              "style": {
                "classes": ""
              },
              "target": "/tenant-management",
              "visible": true
            },
            {
              "backActionText": "",
              "enabled": true,
              "items": null,
              "label": {
                "icon": {
                  "path": "material/wifi_tethering"
                },
                "text": "Applications"
              },
              "navIcon": {
                "color": "",
                "path": "material/chevron_right"
              },
              "resetOnClick": false,
              "showHeader": true,
              "style": {
                "classes": ""
              },
              "target": "/app-management",
              "visible": true
            },
            {
              "backActionText": "",
              "enabled": true,
              "items": [],
              "label": {
                "icon": {
                  "path": "material/device_hub"
                },
                "text": "Device Profiles"
              },
              "navIcon": {
                "color": "",
                "path": "material/chevron_right"
              },
              "resetOnClick": false,
              "showHeader": true,
              "style": {
                "classes": ""
              },
              "target": "/data-manager/profile",
              "visible": true
            },
            {
              "backActionText": "",
              "enabled": true,
              "items": [],
              "label": {
                "icon": {
                  "path": "material/router"
                },
                "text": "All Devices"
              },
              "navIcon": {
                "color": "",
                "path": "material/chevron_right"
              },
              "resetOnClick": false,
              "showHeader": true,
              "style": {
                "classes": ""
              },
              "target": "/device-management",
              "visible": true
            }
          ]
        },
        "type": "ia.navigation.menutree"
      }
    ],
    "meta": {
      "name": "root"
    },
    "props": {
      "direction": "column",
      "style": {
        "classes": "pageFormat/rootPadding"
      }
    },
    "type": "ia.container.flex"
  }
}