{
  "custom": {},
  "params": {},
  "props": {},
  "root": {
    "children": [
      {
        "children": [
          {
            "meta": {
              "name": "Icon"
            },
            "position": {
              "basis": "30px"
            },
            "props": {
              "path": "material/map"
            },
            "type": "ia.display.icon"
          },
          {
            "meta": {
              "name": "Label"
            },
            "props": {
              "style": {
                "classes": "labels/dark-green-header",
                "marginLeft": "3%",
                "textAlign": "center"
              },
              "text": "No UDT found for device profile, add one on the core tab of this page first"
            },
            "type": "ia.display.label"
          }
        ],
        "meta": {
          "name": "root"
        },
        "position": {
          "grow": 1,
          "shrink": 0
        },
        "props": {
          "style": {
            "classes": "pageFormat/grey-bubble"
          }
        },
        "type": "ia.container.flex"
      }
    ],
    "meta": {
      "name": "root"
    },
    "props": {
      "direction": "column"
    },
    "type": "ia.container.flex"
  }
}