{
  "custom": {
    "UDTPath": "_types_/SiteSync/Vutility-HotDrop",
    "displayUnits": "",
    "displayValue": "",
    "getUDTValues": "_types_/SiteSync/Vutility-HotDrop",
    "limited": 1,
    "profile": {
      "LoRa_Version": "1.0.3",
      "channel": "None",
      "check_in_interval": "None",
      "decoder": "None",
      "decoderID": 1,
      "device_class": "None",
      "device_type": "Pressure",
      "external_device_profile_id": "sitesyncdemo",
      "firmware_version": "v1",
      "hardware_version": "v1",
      "id": 1,
      "loRaRevision": "None",
      "loRaWANSpecs": "None",
      "manufacturer": "TESolution",
      "model_name": "TEPressure",
      "regional": "US915",
      "regionalParameters": "PHY",
      "tenantID": 1,
      "udt": "None",
      "udtID": 1
    }
  },
  "params": {
    "UDTPath": "_types_/SiteSync/Vutility-HotDrop",
    "profile": {
      "LoRa_Version": "1.0.3",
      "channel": "None",
      "check_in_interval": "None",
      "decoder": "None",
      "decoderID": 1,
      "device_class": "None",
      "device_type": "Pressure",
      "external_device_profile_id": "sitesyncdemo",
      "firmware_version": "v1",
      "hardware_version": "v1",
      "id": 1,
      "loRaRevision": "None",
      "loRaWANSpecs": "None",
      "manufacturer": "TESolution",
      "model_name": "TEPressure",
      "regional": "US915",
      "regionalParameters": "PHY",
      "tenantID": 1,
      "udt": "None",
      "udtID": 1
    },
    "udtName": "value"
  },
  "propConfig": {
    "custom.UDTPath": {
      "binding": {
        "config": {
          "path": "view.params.UDTPath"
        },
        "transforms": [
          {
            "code": "\n\tif value !\u003d None:\n\t\texists \u003d system.tag.exists(value)\n\t\tif exists:\n\t\t\treturn value\n\t\telse:\n\t\t\ttry:\n\t\t\t\timport json\n\t\t\t\t##create in temp folder\n\t\t\t\tudtContent \u003d decoders.udt.getUDT(self.custom.profile.udtID)\n\t\t\t\tcontent \u003d dict(json.loads(udtContent[\u0027content\u0027]))\n\t\t\t\tname \u003d udtContent[\u0027name\u0027]\n\t\t\t\tbaseTagPath \u003d \"[{0}]_types_/SiteSync\".format(self.session.custom.defaultTagProvider)\n\t\t\t\tcollisionPolicy \u003d \"a\"\n\t\t\t\t  \n\t\t\t\t# Create the Tag.\n\t\t\t\ttempResults \u003d system.tag.configure(baseTagPath, [content], collisionPolicy)\n\t\t\t\tsystem.perspective.print(tempResults)\n\t\t\t\treturn value\n\t\t\texcept Exception as e:\n\t\t\t\tsystem.perspective.print(\"Error creating udt instance: {0}\".format(str(e)))\n\t\t\t\treturn None\n\t#\t\t\t\n\t#\t\n\t\treturn value",
            "type": "script"
          }
        ],
        "type": "property"
      },
      "persistent": true
    },
    "custom.displayUnits": {
      "persistent": true
    },
    "custom.displayValue": {
      "persistent": true
    },
    "custom.getUDTValues": {
      "binding": {
        "config": {
          "path": "view.custom.UDTPath"
        },
        "transforms": [
          {
            "code": "\tlimited \u003d system.tag.readBlocking([value + \"/metaData/sparkplug/template\"])[0].value\n\tprimary \u003d system.tag.readBlocking([value + \"/metaData/valueToDisplay.sourceTagPath\"])[0].value\n\tprimaryEng \u003d system.tag.readBlocking([value + \"/metaData/valueToDisplay.engUnit\"])[0].value\n\tself.custom.limited \u003d limited\n\tself.custom.displayUnits \u003d primaryEng\n\tself.custom.displayValue \u003d primary\n\treturn value",
            "type": "script"
          }
        ],
        "type": "property"
      },
      "persistent": true
    },
    "custom.limited": {
      "binding": {
        "config": {
          "fallbackDelay": 2.5,
          "mode": "indirect",
          "references": {
            "UDTPath": "{view.custom.UDTPath}",
            "defaultTagProvider": "{session.custom.defaultTagProvider}"
          },
          "tagPath": "[{defaultTagProvider}]{UDTPath}/metaData/sparkplug/template"
        },
        "type": "tag"
      },
      "persistent": true
    },
    "custom.profile": {
      "binding": {
        "config": {
          "path": "view.params.profile"
        },
        "type": "property"
      },
      "persistent": true
    },
    "params.UDTPath": {
      "paramDirection": "input",
      "persistent": true
    },
    "params.profile": {
      "paramDirection": "inout",
      "persistent": true
    },
    "params.udtName": {
      "paramDirection": "input",
      "persistent": true
    }
  },
  "props": {},
  "root": {
    "children": [
      {
        "meta": {
          "name": "FlexRepeater"
        },
        "propConfig": {
          "position.display": {
            "binding": {
              "config": {
                "path": "view.params.UDTPath"
              },
              "enabled": false,
              "transforms": [
                {
                  "code": "\tif value !\u003d None:\n\t\treturn True\n\telse:\n\t\treturn False\n",
                  "type": "script"
                }
              ],
              "type": "property"
            }
          },
          "props.instances[0].udtPath": {
            "binding": {
              "config": {
                "bidirectional": true,
                "path": "view.custom.profile.external_device_profile_id"
              },
              "type": "property"
            }
          },
          "props.instances[1].udtPath": {
            "binding": {
              "config": {
                "bidirectional": true,
                "path": "view.custom.profile.check_in_interval"
              },
              "type": "property"
            }
          },
          "props.instances[2].udtPath": {
            "binding": {
              "config": {
                "bidirectional": true,
                "path": "view.custom.profile.manufacturer"
              },
              "type": "property"
            }
          },
          "props.instances[3].udtPath": {
            "binding": {
              "config": {
                "bidirectional": true,
                "path": "view.custom.profile.firmware_version"
              },
              "type": "property"
            }
          },
          "props.instances[4].udtPath": {
            "binding": {
              "config": {
                "bidirectional": true,
                "path": "view.custom.profile.hardware_version"
              },
              "type": "property"
            }
          },
          "props.instances[5].udtPath": {
            "binding": {
              "config": {
                "path": "view.custom.UDTPath"
              },
              "transforms": [
                {
                  "code": "\treturn \"[{0}]{1}\".format(self.session.custom.defaultTagProvider, value)",
                  "type": "script"
                }
              ],
              "type": "property"
            }
          },
          "props.instances[6].udtPath": {
            "binding": {
              "config": {
                "path": "view.custom.UDTPath"
              },
              "type": "property"
            }
          },
          "props.instances[7].udtPath": {
            "binding": {
              "config": {
                "bidirectional": true,
                "path": "view.custom.profile.device_type"
              },
              "type": "property"
            }
          }
        },
        "props": {
          "direction": "column",
          "elementPosition": {
            "basis": "auto",
            "shrink": 0
          },
          "instances": [
            {
              "entryType": "APPS",
              "instancePosition": {},
              "instanceStyle": {
                "classes": ""
              },
              "label": "External ID",
              "tooltip": "Device Profile ID in your LNS"
            },
            {
              "entryType": "NUMBER",
              "instancePosition": {},
              "instanceStyle": {
                "classes": ""
              },
              "label": "Message Interval",
              "tooltip": "The number of seconds expected between the sensor sending a message, this will effect diagnostics and alarming"
            },
            {
              "entryType": "TEXT",
              "instancePosition": {},
              "instanceStyle": {
                "classes": ""
              },
              "label": "Manfacturer",
              "tooltip": "creator of device"
            },
            {
              "entryType": "TEXT",
              "instancePosition": {},
              "instanceStyle": {
                "classes": ""
              },
              "label": "Firmware Version",
              "tooltip": "the default firmware of the sensor"
            },
            {
              "entryType": "TEXT",
              "instancePosition": {},
              "instanceStyle": {
                "classes": ""
              },
              "label": "Hardware Version",
              "tooltip": "The hardware version of the sensor"
            },
            {
              "entryType": "DROPDOWN",
              "instancePosition": {},
              "instanceStyle": {
                "classes": ""
              },
              "label": "Limited Model",
              "tooltip": "The user defined model to export the data as"
            },
            {
              "entryType": "TAGSELECTOR",
              "instancePosition": {},
              "instanceStyle": {
                "classes": ""
              },
              "label": "Primary Value",
              "tooltip": "The value to display as measurement for device"
            },
            {
              "entryType": "SENSORTYPE",
              "instancePosition": {},
              "instanceStyle": {
                "classes": ""
              },
              "label": "Sensor Type",
              "region": "value",
              "tooltip": "Primary measurement of sensor"
            }
          ],
          "path": "DataManagement/DeviceProfile/specs/editForm/formHolder",
          "useDefaultViewHeight": false,
          "useDefaultViewWidth": false
        },
        "scripts": {
          "customMethods": [],
          "extensionFunctions": null,
          "messageHandlers": [
            {
              "messageType": "actilityDeviceProfile",
              "pageScope": true,
              "script": "\t# implement your handler here\n\t#system.perspective.sendMessage(\"actilityDeviceProfile\", {\"profileID\":self.parent.custom.selectedID})\n\tactilityID \u003d payload[\u0027profileID\u0027]\n\tself.props.instances[0].udtPath \u003d actilityID\n\tsystem.perspective.closePopup(\"thingParkTool\")",
              "sessionScope": false,
              "viewScope": false
            }
          ]
        },
        "type": "ia.display.flex-repeater"
      },
      {
        "children": [
          {
            "meta": {
              "name": "Label"
            },
            "props": {
              "style": {
                "classes": "forms/configHeading",
                "margin": "2%",
                "padding": "2%"
              },
              "text": "Associate a UDT to the profile to configure more parameters"
            },
            "type": "ia.display.label"
          }
        ],
        "meta": {
          "name": "selectUDT"
        },
        "propConfig": {
          "position.display": {
            "binding": {
              "config": {
                "path": "view.params.UDTPath"
              },
              "transforms": [
                {
                  "code": "\tif value \u003d\u003d None:\n\t\treturn True\n\telse:\n\t\treturn False",
                  "type": "script"
                }
              ],
              "type": "property"
            }
          }
        },
        "props": {
          "style": {
            "overflow": "hidden"
          }
        },
        "type": "ia.container.flex"
      },
      {
        "children": [
          {
            "meta": {
              "name": "Label"
            },
            "props": {
              "style": {
                "classes": "forms/configHeading"
              },
              "text": "LoRa Profile"
            },
            "type": "ia.display.label"
          },
          {
            "meta": {
              "name": "regionalInfo"
            },
            "propConfig": {
              "props.params.LoRaRevision": {
                "binding": {
                  "config": {
                    "bidirectional": true,
                    "path": "view.custom.profile.regionalParameters"
                  },
                  "type": "property"
                }
              },
              "props.params.LoRaVersion": {
                "binding": {
                  "config": {
                    "bidirectional": true,
                    "path": "view.custom.profile.LoRa_Version"
                  },
                  "type": "property"
                }
              },
              "props.params.channel": {
                "binding": {
                  "config": {
                    "bidirectional": true,
                    "path": "view.custom.profile.channel"
                  },
                  "type": "property"
                }
              },
              "props.params.deviceClass": {
                "binding": {
                  "config": {
                    "bidirectional": true,
                    "path": "view.custom.profile.device_class"
                  },
                  "type": "property"
                }
              },
              "props.params.displayVersions": {
                "binding": {
                  "config": {
                    "path": "/root.custom.isTTN"
                  },
                  "type": "property"
                }
              },
              "props.params.region": {
                "binding": {
                  "config": {
                    "bidirectional": true,
                    "path": "view.custom.profile.regional"
                  },
                  "type": "property"
                }
              }
            },
            "props": {
              "path": "DataManagement/DeviceProfile/specs/loraspecs"
            },
            "type": "ia.display.view"
          }
        ],
        "meta": {
          "name": "loraSpecs"
        },
        "props": {
          "direction": "column",
          "style": {
            "classes": "forms/configurationBox"
          }
        },
        "type": "ia.container.flex"
      },
      {
        "events": {
          "dom": {
            "onClick": {
              "config": {
                "script": "\n\tself.props.enabled \u003d False\n\tutils.messages.waiting.showLoading()\n\tdef replaceNoneWithZero(value):\n\t\tif value \u003d\u003d None or value \u003d\u003d \"None\":\n\t\t\treturn 0\n\t\telse:\n\t\t\treturn value\n\t\t\t\n\t\t\t\n\ttry:\n\t\tsystem.perspective.print(self.view.custom.UDTPath)\n\t\tsystem.perspective.print(self.view.custom.profile)\n\t\tj \u003d {\n\t\t\"regional\": self.view.custom.profile.regional,\n\t\t  \"external_device_profile_id\": self.view.custom.profile.external_device_profile_id,\n\t\t  \"channel\": self.view.custom.profile.channel,\n\t\t  \"device_type\": self.view.custom.profile.device_type,\n\t\t  \"decoderID\": replaceNoneWithZero(self.view.custom.profile.decoderID),\n\t\t  \"firmware_version\": self.view.custom.profile.firmware_version,\n\t\t  \"hardware_version\": self.view.custom.profile.hardware_version,\n\t\t  \"manufacturer\": self.view.custom.profile.manufacturer,\n\t\t  \"checkInInterval\": self.view.custom.profile.check_in_interval,\n\t\t  \"LoRa_Version\": self.view.custom.profile.LoRa_Version,\n\t\t  \"loRaRevision\": \u0027\u0027,\n\t\t  \"model_name\": self.view.params.profile.model_name,\n\t\t  \"tenantID\": self.session.custom.tenantID,\n\t\t  \"device_class\":self.view.custom.profile.device_class ,\n\t\t  \"id\": self.view.params.profile.id,\n\t\t  \"regionalParameters\": self.view.custom.profile.regionalParameters,\n\t\t  \"udtID\": replaceNoneWithZero(self.view.custom.profile.udtID)\n\t\t}\n\t\tsystem.perspective.print(j)\n\t\tresults \u003d decoders.model.updateModel(j)\n\t\tutils.messages.waiting.hideLoading()\n\t\tif utils.resultParser.isResultSuccess(results):\n\t\t\tutils.messages.success.showSuccess(\"Updated\")\n\t\telse:\n\t\t\tutils.messages.errors.showErrorMessage(utils.resultParser.getResultMessage(results))\n\t\tif self.view.custom.UDTPath !\u003d None:\t\n\t\t\tudtPath \u003d \"[{0}]{1}\".format(self.session.custom.defaultTagProvider, self.view.custom.UDTPath)\n\t\t\tsystem.perspective.print(self.view.custom.limited)\n\t\t\tdecoders.templateParams.modifyUDT(self.view.custom.limited, \n\t\t\tself.view.custom.profile.firmware_version, \n\t\t\tself.view.custom.profile.hardware_version,\n\t\t\tself.view.custom.profile.manufacturer, \n\t\t\tself.view.custom.profile.model_name, \n\t\t\tself.view.custom.profile.device_type, \n\t\t\tself.view.custom.profile.check_in_interval, \n\t\t\tudtPath)\n#\t\t\teditedUDT \u003d system.tag.exportTags(tagPaths\u003d [self.view.custom.UDTPath])\n#\t\t\tdecoders.udt.saveUDT(self.view.custom.profile.udtID, self.view.params.udtName, editedUDT)\n\t\t\n\texcept Exception as e:\n\t\tutils.messages.waiting.hideLoading()\n\t\tutils.messages.errors.showErrorMessage(\"An error occured: \" + str(e))\n\t\n\tfinally:\n\t\tself.props.enabled \u003d True\n\t\n"
              },
              "scope": "G",
              "type": "script"
            }
          }
        },
        "meta": {
          "name": "Button"
        },
        "position": {
          "basis": "34px"
        },
        "props": {
          "text": "Save"
        },
        "type": "ia.input.button"
      }
    ],
    "custom": {
      "isTTN": true
    },
    "meta": {
      "name": "root"
    },
    "propConfig": {
      "custom.isTTN": {
        "binding": {
          "config": {
            "path": "session.custom.tenantID"
          },
          "enabled": false,
          "transforms": [
            {
              "code": "\tsettings \u003d connections.networkserver.loadNetworkSettings(self.session.custom.tenantID)\n\tif settings[\u0027serverType\u0027] \u003d\u003d \u0027TTN\u0027:\n\t\treturn True\n\telse:\n\t\treturn False\n",
              "type": "script"
            }
          ],
          "type": "property"
        }
      }
    },
    "props": {
      "direction": "column",
      "justify": "space-around",
      "style": {
        "classes": "pageFormat/rootPadding"
      }
    },
    "scripts": {
      "customMethods": [],
      "extensionFunctions": null,
      "messageHandlers": [
        {
          "messageType": "updateLimited",
          "pageScope": true,
          "script": "\t# implement your handler here\n\n\tself.view.custom.limited \u003d payload[\u0027model\u0027]\n\t#decoders.templateParams.updateMetaDataLimitedParam(payload[\u0027model\u0027], \"[{0}]{1}\".format(self.session.custom.defaultTagProvider, self.view.custom.UDTPath), \"template\")",
          "sessionScope": false,
          "viewScope": false
        }
      ]
    },
    "type": "ia.container.flex"
  }
}