{
  "custom": {},
  "params": {
    "sensorType": "value",
    "sensors": {
      "VALVEPOSITION": [
        []
      ],
      "VIBRATION": [
        []
      ]
    }
  },
  "propConfig": {
    "params.sensorType": {
      "paramDirection": "input",
      "persistent": true
    },
    "params.sensors": {
      "paramDirection": "input",
      "persistent": true
    }
  },
  "props": {},
  "root": {
    "children": [
      {
        "meta": {
          "name": "FlexRepeater"
        },
        "position": {
          "basis": "730px"
        },
        "propConfig": {
          "props.instances": {
            "binding": {
              "config": {
                "path": "view.params.sensors"
              },
              "transforms": [
                {
                  "code": "\titems \u003d []\n\tfor k, v in value.items():\n\t\tif k \u003d\u003d \"OTHER\":\n\t\t\tcontinue\n\t\telse:\n\t\t\tj \u003d {\n\t\t\t  \"instanceStyle\": {\n\t\t\t    \"classes\": \"\"\n\t\t\t  },\n\t\t\t  \"instancePosition\": {},\n\t\t\t  \"DeviceTypes\": k,\n\t\t\t  \"devicePaths\": v\n\t\t\t}\n\t\t\titems.append(j)\n\ttry:\t\t\n\t\tother \u003d {\n\t\t\t\t  \"instanceStyle\": {\n\t\t\t\t    \"classes\": \"\"\n\t\t\t\t  },\n\t\t\t\t  \"instancePosition\": {},\n\t\t\t\t  \"DeviceTypes\": \"OTHER\",\n\t\t\t\t  \"devicePaths\": value[\u0027OTHER\u0027]\n\t\t\t\t}\n\t\titems.append(other)\n\texcept:\n\t\tsystem.perspective.print(\"No unclassified sensors\")\n\t\t\t\n\t\t\n\treturn items",
                  "type": "script"
                }
              ],
              "type": "property"
            }
          }
        },
        "props": {
          "direction": "column",
          "elementPosition": {
            "shrink": 0
          },
          "path": "Dashboard/components/infrastructure/row",
          "useDefaultViewWidth": false
        },
        "type": "ia.display.flex-repeater"
      }
    ],
    "meta": {
      "name": "root"
    },
    "props": {
      "direction": "column"
    },
    "type": "ia.container.flex"
  }
}