{
  "custom": {
    "customInput": "",
    "showInput": false
  },
  "params": {
    "description": "value",
    "devEUI": "value",
    "hexCode": "value",
    "name": "value",
    "port": "value",
    "tagPath": "value"
  },
  "propConfig": {
    "custom.customInput": {
      "persistent": true
    },
    "custom.showInput": {
      "binding": {
        "config": {
          "path": "view.params.hexCode"
        },
        "transforms": [
          {
            "code": "\tif \"{0}\" in value:\n\t\treturn True\n\telse:\n\t\treturn False\n",
            "type": "script"
          }
        ],
        "type": "property"
      },
      "persistent": true
    },
    "params.description": {
      "paramDirection": "input",
      "persistent": true
    },
    "params.devEUI": {
      "paramDirection": "input",
      "persistent": true
    },
    "params.hexCode": {
      "paramDirection": "input",
      "persistent": true
    },
    "params.name": {
      "paramDirection": "input",
      "persistent": true
    },
    "params.port": {
      "paramDirection": "input",
      "persistent": true
    },
    "params.tagPath": {
      "paramDirection": "input",
      "persistent": true
    }
  },
  "props": {},
  "root": {
    "children": [
      {
        "children": [
          {
            "children": [
              {
                "meta": {
                  "name": "TextField",
                  "visible": false
                },
                "position": {
                  "shrink": 0
                },
                "propConfig": {
                  "position.display": {
                    "binding": {
                      "config": {
                        "path": "view.custom.showInput"
                      },
                      "type": "property"
                    }
                  },
                  "props.text": {
                    "binding": {
                      "config": {
                        "bidirectional": true,
                        "path": "view.custom.customInput"
                      },
                      "type": "property"
                    }
                  }
                },
                "type": "ia.input.text-field"
              },
              {
                "events": {
                  "dom": {
                    "onClick": {
                      "config": {
                        "script": "\tself.props.enabled \u003d False\n\tutils.messages.waiting.showLoading()\n\ttry:\n\t\tself.view.params.hexCode \u003d decoders.downlinks.processAnyInputs(self.view.params.hexCode, self.view.custom.customInput)\n\t\tresults \u003d decoders.downlinks.sendDownlink(self.view.params.hexCode, self.view.params.port, self.view.params.devEUI, enterprise.tenant.getDefaultApp())\n\t\tutils.messages.waiting.hideLoading()\n\t\tif utils.resultParser.isResultSuccess(results):\n\t\t\tutils.messages.success.showSuccess(\"Downlink sent to device\")\n\t\t\tdevice.tagOperations.updateTagValues([self.view.params.tagPath + \"/metaData/configuration\"], [self.view.params.description])\n\t\telse:\n\t\t\tutils.messages.errors.showErrorMessage(utils.resultParser.getResultMessage(results))\n\texcept Exception as e:\n\t\tutils.messages.waiting.hideLoading()\n\t\tutils.messages.errors.showErrorMessage(str(e))\n\tself.props.enabled \u003d True"
                      },
                      "scope": "G",
                      "type": "script"
                    }
                  }
                },
                "meta": {
                  "name": "Button"
                },
                "position": {
                  "grow": 1
                },
                "propConfig": {
                  "props.text": {
                    "binding": {
                      "config": {
                        "path": "view.params.name"
                      },
                      "type": "property"
                    }
                  }
                },
                "type": "ia.input.button"
              }
            ],
            "meta": {
              "name": "FlexContainer"
            },
            "position": {
              "grow": 1,
              "shrink": 0
            },
            "type": "ia.container.flex"
          },
          {
            "meta": {
              "name": "Label"
            },
            "position": {
              "grow": 1
            },
            "propConfig": {
              "props.text": {
                "binding": {
                  "config": {
                    "path": "view.params.description"
                  },
                  "type": "property"
                }
              }
            },
            "type": "ia.display.label"
          }
        ],
        "meta": {
          "name": "FlexContainer"
        },
        "position": {
          "grow": 1,
          "shrink": 0
        },
        "props": {
          "justify": "space-around"
        },
        "type": "ia.container.flex"
      }
    ],
    "meta": {
      "name": "root"
    },
    "props": {
      "alignItems": "flex-start",
      "justify": "space-evenly"
    },
    "type": "ia.container.flex"
  }
}