{
  "custom": {},
  "params": {
    "device": {
      "description": "value",
      "devEUI": "4150e4bd07bc81b1",
      "deviceName": "testetsttes",
      "deviceType": "value",
      "fullTagPath": "[default]hotdropTest1",
      "latitude": 0,
      "longitude": 0,
      "metaData": "value",
      "tagName": "testetsttes",
      "tagPathBase": "",
      "tagProvider": "default"
    }
  },
  "propConfig": {
    "params.device": {
      "paramDirection": "input",
      "persistent": true
    }
  },
  "props": {
    "defaultSize": {
      "height": 77
    }
  },
  "root": {
    "children": [
      {
        "meta": {
          "name": "EmbeddedView"
        },
        "position": {
          "breakpoints": [
            {
              "colIndex": 0,
              "name": "sm",
              "order": 0,
              "rowIndex": 0,
              "span": 1
            },
            {
              "colIndex": 0,
              "name": "md",
              "order": 0,
              "rowIndex": 0,
              "span": 1
            },
            {
              "colIndex": 0,
              "name": "lg",
              "order": 0,
              "rowIndex": 0,
              "span": 1
            }
          ],
          "height": "75px"
        },
        "propConfig": {
          "props.params.rowData.fullTagPath": {
            "binding": {
              "config": {
                "path": "view.params.device.fullTagPath"
              },
              "type": "property"
            }
          }
        },
        "props": {
          "params": {
            "rowData": {
              "description": "description1",
              "devEUI": "70b3d56371d46c8b",
              "deviceName": "tagName",
              "deviceType": "HotDrop-Direct",
              "latitude": null,
              "longitude": null,
              "tagName": "testDeviceTag",
              "tagPathBase": "subFolder",
              "tagProvider": "default"
            }
          },
          "path": "Devices/Diagnostics/Device Status Icon"
        },
        "type": "ia.display.view"
      },
      {
        "children": [
          {
            "children": [
              {
                "meta": {
                  "name": "sensorName"
                },
                "position": {
                  "shrink": 0
                },
                "propConfig": {
                  "props.text": {
                    "binding": {
                      "config": {
                        "path": "view.params.device.deviceName"
                      },
                      "type": "property"
                    }
                  }
                },
                "type": "ia.display.label"
              },
              {
                "meta": {
                  "name": "Label"
                },
                "position": {
                  "shrink": 0
                },
                "propConfig": {
                  "props.text": {
                    "binding": {
                      "config": {
                        "path": "view.params.device.devEUI"
                      },
                      "type": "property"
                    }
                  }
                },
                "type": "ia.display.label"
              }
            ],
            "meta": {
              "name": "FlexContainer"
            },
            "position": {
              "shrink": 0
            },
            "props": {
              "direction": "column"
            },
            "type": "ia.container.flex"
          }
        ],
        "meta": {
          "name": "FlexContainer"
        },
        "position": {
          "breakpoints": [
            {
              "colIndex": 1,
              "name": "sm",
              "order": 1,
              "rowIndex": 0,
              "span": 5
            },
            {
              "colIndex": 1,
              "name": "md",
              "order": 1.5,
              "rowIndex": 0,
              "span": 5
            },
            {
              "colIndex": 1,
              "name": "lg",
              "order": 1,
              "rowIndex": 0,
              "span": 5
            }
          ],
          "height": "auto"
        },
        "props": {
          "direction": "column",
          "justify": "space-around",
          "wrap": "wrap"
        },
        "type": "ia.container.flex"
      },
      {
        "events": {
          "dom": {
            "onClick": {
              "config": {
                "page": "/devices/{view.params.device.devEUI}"
              },
              "scope": "C",
              "type": "nav"
            }
          }
        },
        "meta": {
          "name": "Icon"
        },
        "position": {
          "breakpoints": [
            {
              "colIndex": 11,
              "name": "sm",
              "order": 2,
              "rowIndex": 0,
              "span": 1
            },
            {
              "colIndex": 11,
              "name": "md",
              "order": 2,
              "rowIndex": 0,
              "span": 1
            },
            {
              "colIndex": 11,
              "name": "lg",
              "order": 1.5,
              "rowIndex": 0,
              "span": 1
            }
          ],
          "height": "75px"
        },
        "props": {
          "path": "material/chevron_right",
          "style": {
            "fontSize": "XX-Lage"
          }
        },
        "type": "ia.display.icon"
      },
      {
        "meta": {
          "name": "sensorType"
        },
        "position": {
          "breakpoints": [
            {
              "colIndex": 6,
              "name": "sm",
              "order": 1.5,
              "rowIndex": 0,
              "span": 4
            },
            {
              "colIndex": 6,
              "name": "md",
              "order": 1.5,
              "rowIndex": 0,
              "span": 5
            },
            {
              "colIndex": 7,
              "name": "lg",
              "order": 1,
              "rowIndex": 0,
              "span": 3
            }
          ],
          "height": "auto"
        },
        "propConfig": {
          "props.text": {
            "binding": {
              "config": {
                "path": "view.params.device.deviceType"
              },
              "type": "property"
            }
          }
        },
        "type": "ia.display.label"
      }
    ],
    "meta": {
      "name": "root"
    },
    "props": {
      "style": {
        "borderBottomColor": "#8080807A",
        "borderBottomStyle": "solid",
        "borderBottomWidth": "3px",
        "overflowY": "hidden"
      }
    },
    "type": "ia.container.column"
  }
}