{
  "custom": {},
  "params": {},
  "props": {},
  "root": {
    "children": [
      {
        "events": {
          "dom": {
            "onClick": {
              "config": {
                "script": "\tcreatePITemplate.createInstance(\"[default]GVL/215-TI-10001-IOT\", \"215-TI-10001-IOT\")"
              },
              "scope": "G",
              "type": "script"
            }
          }
        },
        "meta": {
          "name": "Button"
        },
        "position": {
          "height": 34,
          "width": 80,
          "x": 252,
          "y": 123
        },
        "type": "ia.input.button"
      },
      {
        "meta": {
          "name": "Label"
        },
        "position": {
          "height": 34,
          "width": 398,
          "x": 52,
          "y": 25
        },
        "propConfig": {
          "props.text": {
            "binding": {
              "config": {
                "connectTimeout": 60000,
                "enableCookies": true,
                "enableValueCache": true,
                "polling": {
                  "enabled": false,
                  "rate": "30"
                },
                "request": {
                  "auth": {
                    "type": "None",
                    "value": ""
                  },
                  "body": "\"205A000C043900000001184405037D00\"",
                  "method": "POST",
                  "url": "\"https://ref-prd-mc1-aloxy-core-ca.blackriver-03980163.centralus.azurecontainerapps.io/core/calculate/hex/70b3d57bb1002242\""
                },
                "socketTimeout": 60000
              },
              "transforms": [
                {
                  "code": "\tif quality.badOrError:\n\t\treturn quality.diagnosticMessage\n\treturn value",
                  "type": "script"
                }
              ],
              "type": "http"
            }
          }
        },
        "type": "ia.display.label"
      },
      {
        "meta": {
          "name": "Label_0"
        },
        "position": {
          "height": 32,
          "width": 50,
          "x": 88,
          "y": 392
        },
        "propConfig": {
          "props.text": {
            "binding": {
              "config": {
                "fallbackDelay": 2.5,
                "mode": "direct",
                "tagPath": "[default]PI Integration/GVL/99-ZI-10001-IOT/XS.Documentation"
              },
              "type": "tag"
            }
          }
        },
        "type": "ia.display.label"
      }
    ],
    "meta": {
      "name": "root"
    },
    "type": "ia.container.coord"
  }
}