{
  "custom": {},
  "params": {
    "device": {
      "description": "value",
      "devEUI": "4150e4bd07bc81b1",
      "deviceName": "testetsttes",
      "deviceType": "value",
      "fullTagPath": "[default]hotdropTest1",
      "latitude": 0,
      "longitude": 0,
      "metaData": "value",
      "tagName": "testetsttes",
      "tagPathBase": "",
      "tagProvider": "default"
    }
  },
  "propConfig": {
    "params.device": {
      "paramDirection": "input",
      "persistent": true
    }
  },
  "props": {
    "defaultSize": {
      "height": 164
    }
  },
  "root": {
    "children": [
      {
        "children": [
          {
            "meta": {
              "name": "EmbeddedView"
            },
            "position": {
              "basis": "70px"
            },
            "propConfig": {
              "props.params.rowData.fullTagPath": {
                "binding": {
                  "config": {
                    "path": "view.params.device.fullTagPath"
                  },
                  "type": "property"
                }
              }
            },
            "props": {
              "params": {
                "rowData": {
                  "description": "description1",
                  "devEUI": "70b3d56371d46c8b",
                  "deviceName": "tagName",
                  "deviceType": "HotDrop-Direct",
                  "latitude": null,
                  "longitude": null,
                  "tagName": "testDeviceTag",
                  "tagPathBase": "subFolder",
                  "tagProvider": "default"
                }
              },
              "path": "Devices/Diagnostics/Device Status Icon"
            },
            "type": "ia.display.view"
          },
          {
            "children": [
              {
                "meta": {
                  "name": "Label"
                },
                "propConfig": {
                  "props.text": {
                    "binding": {
                      "config": {
                        "path": "view.params.device.devEUI"
                      },
                      "type": "property"
                    }
                  }
                },
                "type": "ia.display.label"
              },
              {
                "meta": {
                  "name": "Label_0"
                },
                "propConfig": {
                  "props.text": {
                    "binding": {
                      "config": {
                        "path": "view.params.device.deviceName"
                      },
                      "type": "property"
                    }
                  }
                },
                "type": "ia.display.label"
              },
              {
                "meta": {
                  "name": "Label_1"
                },
                "propConfig": {
                  "props.text": {
                    "binding": {
                      "config": {
                        "path": "view.params.device.deviceType"
                      },
                      "type": "property"
                    }
                  }
                },
                "type": "ia.display.label"
              }
            ],
            "meta": {
              "name": "FlexContainer"
            },
            "props": {
              "direction": "column",
              "justify": "space-around",
              "style": {
                "marginRight": "35%"
              },
              "wrap": "wrap"
            },
            "type": "ia.container.flex"
          },
          {
            "events": {
              "dom": {
                "onClick": {
                  "config": {
                    "page": "/devices/{view.params.device.devEUI}"
                  },
                  "scope": "C",
                  "type": "nav"
                }
              }
            },
            "meta": {
              "name": "Icon"
            },
            "position": {
              "basis": "71px"
            },
            "props": {
              "path": "material/chevron_right"
            },
            "type": "ia.display.icon"
          }
        ],
        "meta": {
          "name": "FlexContainer"
        },
        "props": {
          "wrap": "wrap"
        },
        "type": "ia.container.flex"
      }
    ],
    "meta": {
      "name": "root"
    },
    "props": {
      "direction": "column",
      "style": {
        "borderBottomStyle": "solid",
        "borderBottomWidth": "5px",
        "borderLeftStyle": "none",
        "borderRightStyle": "none",
        "borderTopStyle": "none",
        "marginBottom": 5
      },
      "wrap": "wrap"
    },
    "type": "ia.container.flex"
  }
}