{
  "custom": {},
  "params": {
    "chartType": "value",
    "tagPath": ""
  },
  "propConfig": {
    "params.chartType": {
      "paramDirection": "input",
      "persistent": true
    },
    "params.tagPath": {
      "paramDirection": "input",
      "persistent": true
    }
  },
  "props": {},
  "root": {
    "children": [
      {
        "meta": {
          "name": "EmbeddedView"
        },
        "position": {
          "grow": 1
        },
        "propConfig": {
          "props.params.tagPath": {
            "binding": {
              "config": {
                "path": "view.params.tagPath"
              },
              "type": "property"
            }
          },
          "props.path": {
            "binding": {
              "config": {
                "path": "parent.custom.dashpath"
              },
              "type": "property"
            }
          }
        },
        "type": "ia.display.view"
      }
    ],
    "meta": {
      "name": "root"
    },
    "propConfig": {
      "custom.dashpath": {
        "binding": {
          "config": {
            "path": "view.params.chartType"
          },
          "transforms": [
            {
              "code": "\treturn utils.dashmanager.getPath(value)",
              "type": "script"
            }
          ],
          "type": "property"
        }
      }
    },
    "props": {
      "direction": "column"
    },
    "type": "ia.container.flex"
  }
}