{
  "custom": {},
  "params": {
    "label": "value",
    "toolTip": "value",
    "udtPath": "value"
  },
  "propConfig": {
    "params.label": {
      "paramDirection": "input",
      "persistent": true
    },
    "params.toolTip": {
      "paramDirection": "input",
      "persistent": true
    },
    "params.udtPath": {
      "paramDirection": "inout",
      "persistent": true
    }
  },
  "props": {
    "defaultSize": {
      "height": 68
    }
  },
  "root": {
    "children": [
      {
        "meta": {
          "name": "Label"
        },
        "position": {
          "breakpoints": [
            {
              "colIndex": 0,
              "name": "sm",
              "order": 0,
              "rowIndex": 0,
              "span": 4
            },
            {
              "colIndex": 0,
              "name": "md",
              "order": 0,
              "rowIndex": 0,
              "span": 4
            },
            {
              "colIndex": 0,
              "name": "lg",
              "order": 0,
              "rowIndex": 0,
              "span": 4
            }
          ],
          "height": 60
        },
        "propConfig": {
          "props.text": {
            "binding": {
              "config": {
                "path": "view.params.label"
              },
              "type": "property"
            }
          }
        },
        "props": {
          "style": {
            "classes": "forms/configHeading"
          }
        },
        "type": "ia.display.label"
      },
      {
        "events": {
          "dom": {
            "onClick": {
              "config": {
                "newTab": true,
                "url": "https://docs.sitesync.cloud"
              },
              "scope": "C",
              "type": "nav"
            }
          }
        },
        "meta": {
          "name": "Icon",
          "tooltip": {
            "enabled": true
          }
        },
        "position": {
          "breakpoints": [
            {
              "colIndex": 4,
              "name": "sm",
              "order": 1,
              "rowIndex": 0,
              "span": 1
            },
            {
              "colIndex": 4,
              "name": "md",
              "order": 1,
              "rowIndex": 0,
              "span": 1
            },
            {
              "colIndex": 4,
              "name": "lg",
              "order": 1,
              "rowIndex": 0,
              "span": 1
            }
          ],
          "height": 34
        },
        "propConfig": {
          "meta.tooltip.text": {
            "binding": {
              "config": {
                "path": "view.params.toolTip"
              },
              "type": "property"
            }
          }
        },
        "props": {
          "path": "material/info",
          "style": {
            "marginTop": "10%"
          }
        },
        "type": "ia.display.icon"
      },
      {
        "events": {
          "system": {
            "onStartup": {
              "config": {
                "script": "\tapps \u003d system.sitesync.listApplications()\n\tapplications \u003d []\n\tif apps !\u003d None:\n\t\timport json\n\t\tapps \u003d json.loads(apps)\n\t\tfor a in apps:\n\t\t\top \u003d utils.dropdowns.formatDropdownOption(a[\u0027name\u0027], a[\u0027id\u0027])\n\t\t\tapplications.append(op)\n\t\t\t\n\tself.props.options \u003d applications"
              },
              "scope": "G",
              "type": "script"
            }
          }
        },
        "meta": {
          "name": "Dropdown"
        },
        "position": {
          "breakpoints": [
            {
              "colIndex": 9,
              "name": "sm",
              "order": 2,
              "rowIndex": 0,
              "span": 1
            },
            {
              "colIndex": 6,
              "name": "md",
              "order": 2,
              "rowIndex": 0,
              "span": 5
            },
            {
              "colIndex": 9,
              "name": "lg",
              "order": 2,
              "rowIndex": 0,
              "span": 1
            }
          ],
          "height": 60
        },
        "propConfig": {
          "props.value": {
            "binding": {
              "config": {
                "bidirectional": true,
                "path": "view.params.udtPath"
              },
              "type": "property"
            }
          }
        },
        "type": "ia.input.dropdown"
      }
    ],
    "meta": {
      "name": "root"
    },
    "type": "ia.container.column"
  }
}