{
  "custom": {},
  "params": {},
  "props": {},
  "root": {
    "children": [
      {
        "children": [
          {
            "meta": {
              "name": "Label"
            },
            "position": {
              "grow": 1
            },
            "props": {
              "style": {
                "classes": "label"
              },
              "text": "Applications"
            },
            "type": "ia.display.label"
          },
          {
            "events": {
              "dom": {
                "onClick": {
                  "config": {
                    "script": "\ttry:\n\t\tnow \u003d system.date.now()\n\t\tnowString \u003d system.date.format(now, \"yyyy-dd-MM_hhmmss\")\n\t\tapp \u003d system.sitesync.createApplication(\"New Connection - \" + nowString)\n\t\tif app !\u003d None:\n\t\t\timport json\n\t\t\tapp \u003d json.loads(app)\n\n\t\t\tappID \u003d app[\u0027id\u0027]\n\t\t\t\n\t\t\turl \u003d \"/update-application/\" + str(appID) \n\t\t\tsystem.perspective.navigate(page\u003durl)\n\t\telse:\n\t\t\tutils.messages.errors.showErrorMessage(\"Error adding application\")\n\t\t\t\n\t\t\t\n\texcept Exception as e:\n\t\n\t\tsystem.perspective.print(str(e))\n\t\tutils.messages.waiting.hideLoading()\n\t\tutils.messages.errors.showErrorMessage(\"Error creating new tenant: \" + str(e))\n\t\t"
                  },
                  "scope": "G",
                  "type": "script"
                }
              }
            },
            "meta": {
              "name": "Button"
            },
            "position": {
              "shrink": 0
            },
            "props": {
              "image": {
                "icon": {
                  "path": "material/add"
                }
              },
              "style": {
                "marginLeft": "5%",
                "marginRight": "5%",
                "marginTop": "5%",
                "padding": "2%"
              },
              "text": "Add Application"
            },
            "type": "ia.input.button"
          }
        ],
        "meta": {
          "name": "FlexContainer"
        },
        "position": {
          "shrink": 0
        },
        "props": {
          "justify": "space-between",
          "style": {
            "classes": "pageFormat/grey-bubble"
          }
        },
        "type": "ia.container.flex"
      },
      {
        "events": {
          "component": {
            "onRowDoubleClick": {
              "config": {
                "script": "\tsystem.perspective.print(event)\n\ttry:\n\t\tappId \u003d event.value[\u0027id\u0027]\n\t\turl \u003d \"/update-application/\" + str(appId) \n\t\tsystem.perspective.navigate(page\u003durl)\n\texcept Exception as e:\n\t\tsystem.perspective.print(str(e))"
              },
              "scope": "G",
              "type": "script"
            }
          }
        },
        "meta": {
          "name": "Table"
        },
        "position": {
          "basis": "400px"
        },
        "propConfig": {
          "props.data": {
            "binding": {
              "config": {
                "path": "parent.custom.applications"
              },
              "type": "property"
            }
          }
        },
        "props": {
          "columns": [
            {
              "align": "center",
              "boolean": "checkbox",
              "dateFormat": "MM/DD/YYYY",
              "editable": false,
              "field": "tenantName",
              "filter": {
                "boolean": {
                  "condition": ""
                },
                "date": {
                  "condition": "",
                  "value": ""
                },
                "enabled": false,
                "number": {
                  "condition": "",
                  "value": ""
                },
                "string": {
                  "condition": "",
                  "value": ""
                },
                "visible": "on-hover"
              },
              "footer": {
                "align": "center",
                "justify": "left",
                "style": {
                  "classes": ""
                },
                "title": ""
              },
              "header": {
                "align": "center",
                "justify": "left",
                "style": {
                  "classes": ""
                },
                "title": ""
              },
              "justify": "auto",
              "nullFormat": {
                "includeNullStrings": false,
                "nullFormatValue": "",
                "strict": false
              },
              "number": "value",
              "numberFormat": "0,0.##",
              "progressBar": {
                "bar": {
                  "color": "",
                  "style": {
                    "classes": ""
                  }
                },
                "max": 100,
                "min": 0,
                "track": {
                  "color": "",
                  "style": {
                    "classes": ""
                  }
                },
                "value": {
                  "enabled": true,
                  "format": "0,0.##",
                  "justify": "center",
                  "style": {
                    "classes": ""
                  }
                }
              },
              "render": "auto",
              "resizable": true,
              "sort": "none",
              "sortable": true,
              "strictWidth": false,
              "style": {
                "classes": ""
              },
              "toggleSwitch": {
                "color": {
                  "selected": "",
                  "unselected": ""
                }
              },
              "viewParams": {},
              "viewPath": "",
              "visible": true,
              "width": ""
            },
            {
              "align": "center",
              "boolean": "checkbox",
              "dateFormat": "MM/DD/YYYY",
              "editable": false,
              "field": "id",
              "filter": {
                "boolean": {
                  "condition": ""
                },
                "date": {
                  "condition": "",
                  "value": ""
                },
                "enabled": false,
                "number": {
                  "condition": "",
                  "value": ""
                },
                "string": {
                  "condition": "",
                  "value": ""
                },
                "visible": "on-hover"
              },
              "footer": {
                "align": "center",
                "justify": "left",
                "style": {
                  "classes": ""
                },
                "title": ""
              },
              "header": {
                "align": "center",
                "justify": "left",
                "style": {
                  "classes": ""
                },
                "title": ""
              },
              "justify": "auto",
              "nullFormat": {
                "includeNullStrings": false,
                "nullFormatValue": "",
                "strict": false
              },
              "number": "value",
              "numberFormat": "0,0.##",
              "progressBar": {
                "bar": {
                  "color": "",
                  "style": {
                    "classes": ""
                  }
                },
                "max": 100,
                "min": 0,
                "track": {
                  "color": "",
                  "style": {
                    "classes": ""
                  }
                },
                "value": {
                  "enabled": true,
                  "format": "0,0.##",
                  "justify": "center",
                  "style": {
                    "classes": ""
                  }
                }
              },
              "render": "auto",
              "resizable": true,
              "sort": "none",
              "sortable": true,
              "strictWidth": false,
              "style": {
                "classes": ""
              },
              "toggleSwitch": {
                "color": {
                  "selected": "",
                  "unselected": ""
                }
              },
              "viewParams": {},
              "viewPath": "",
              "visible": false,
              "width": ""
            }
          ],
          "filter": {
            "enabled": true
          }
        },
        "type": "ia.display.table"
      }
    ],
    "custom": {
      "selectedAppID": 3
    },
    "meta": {
      "name": "root"
    },
    "propConfig": {
      "custom.applications": {
        "binding": {
          "config": {
            "path": ""
          },
          "transforms": [
            {
              "code": "\timport json\n\n\tapps \u003d system.sitesync.listApplications()\n\n\n\tapps \u003d json.loads(apps)\n\treturn apps\t",
              "type": "script"
            }
          ],
          "type": "property"
        }
      }
    },
    "props": {
      "direction": "column",
      "style": {
        "margin": "4%"
      }
    },
    "type": "ia.container.flex"
  }
}