{
  "custom": {},
  "params": {},
  "props": {
    "defaultSize": {
      "height": 48
    }
  },
  "root": {
    "children": [
      {
        "meta": {
          "name": "HorizontalMenu"
        },
        "props": {
          "items": [
            {
              "enabled": true,
              "icon": {
                "path": "material/home"
              },
              "items": [],
              "label": "",
              "style": {
                "classes": ""
              },
              "target": "/"
            },
            {
              "enabled": true,
              "icon": {
                "color": "",
                "path": "material/home_work"
              },
              "items": [],
              "label": "Sites",
              "style": {
                "classes": ""
              },
              "target": "/tenant-management"
            },
            {
              "enabled": true,
              "icon": {
                "path": "material/wifi_tethering"
              },
              "items": [],
              "label": "Connections",
              "style": {
                "classes": ""
              },
              "target": "/app-management"
            },
            {
              "enabled": true,
              "icon": {
                "path": "material/radio"
              },
              "items": [],
              "label": "Devices",
              "style": {
                "classes": ""
              },
              "target": "/devices"
            },
            {
              "enabled": true,
              "icon": {
                "path": "material/lock_open"
              },
              "items": [],
              "label": "Decoders",
              "style": {
                "classes": ""
              },
              "target": "/data-manager/1"
            }
          ]
        },
        "type": "ia.navigation.horizontalmenu"
      }
    ],
    "meta": {
      "name": "root"
    },
    "props": {
      "direction": "column"
    },
    "type": "ia.container.flex"
  }
}