{
  "custom": {
    "modelID": "value"
  },
  "params": {
    "modelID": 6
  },
  "propConfig": {
    "custom.modelID": {
      "persistent": true
    },
    "params.modelID": {
      "paramDirection": "input",
      "persistent": true
    }
  },
  "props": {},
  "root": {
    "children": [
      {
        "events": {
          "component": {
            "onRowDoubleClick": {
              "config": {
                "script": "\ttry:\n\t\tdownlinkId \u003d event.value[\u0027id\u0027]\n\t\tdeviceModelId \u003d self.view.params.modelID\n\t\t\n\t\tsystem.perspective.print(downlinkId)\n\t\tpageURL \u003d \"/device-profile/\" + str(deviceModelId) + \"/downlinknew/\" + str(downlinkId)\n\t\tsystem.perspective.navigate(page \u003dpageURL)\n\texcept Exception as e:\n\t\tsystem.perspective.print(str(e))"
              },
              "scope": "G",
              "type": "script"
            }
          }
        },
        "meta": {
          "name": "Table"
        },
        "position": {
          "basis": "400px"
        },
        "propConfig": {
          "props.data": {
            "binding": {
              "config": {
                "path": "parent.custom.data"
              },
              "type": "property"
            }
          }
        },
        "props": {
          "emptyMessage": {
            "noData": {
              "text": "No downlinks found, add one!"
            }
          }
        },
        "type": "ia.display.table"
      },
      {
        "events": {
          "dom": {
            "onClick": {
              "config": {
                "draggable": true,
                "id": "oN-9XKAF",
                "modal": false,
                "overlayDismiss": false,
                "resizable": true,
                "showCloseIcon": true,
                "type": "open",
                "viewParams": {
                  "deviceProfileId": "{view.params.modelID}"
                },
                "viewPath": "DataManagement/DeviceProfile/downlinks/add-downlink-popup",
                "viewportBound": false
              },
              "scope": "C",
              "type": "popup"
            }
          }
        },
        "meta": {
          "name": "Button"
        },
        "position": {
          "shrink": 0
        },
        "props": {
          "style": {
            "marginBottom": "40%",
            "marginLeft": 300,
            "marginRight": 300,
            "marginTop": 30
          },
          "text": "Add Downlink"
        },
        "type": "ia.input.button"
      }
    ],
    "custom": {
      "data": []
    },
    "events": {
      "system": {
        "onStartup": {
          "config": {
            "script": "\tsystem.perspective.sendMessage(\"refresh-data\", {})"
          },
          "scope": "G",
          "type": "script"
        }
      }
    },
    "meta": {
      "name": "root"
    },
    "props": {
      "direction": "column",
      "style": {
        "marginBottom": 20,
        "marginLeft": 20,
        "marginRight": 20,
        "marginTop": 20
      }
    },
    "scripts": {
      "customMethods": [],
      "extensionFunctions": null,
      "messageHandlers": [
        {
          "messageType": "refresh-data",
          "pageScope": true,
          "script": "\t# implement your handler here\n\t\n\tsystem.perspective.print(\"refreshing downlink data\")\n\ttry:\n\t\tmodelID \u003d self.view.params.modelID\n\t\tdownlinks \u003d decoders.downlinks.listDownlinks(int(modelID))\n\t\tself.custom.data \u003d downlinks\n\texcept Exception as e:\n\t\tsystem.perspective.print(\"Error: \" + str(e))",
          "sessionScope": true,
          "viewScope": true
        }
      ]
    },
    "type": "ia.container.flex"
  }
}