{
  "custom": {},
  "params": {},
  "props": {},
  "root": {
    "children": [
      {
        "meta": {
          "name": "viewSwitcher"
        },
        "position": {
          "grow": 1,
          "shrink": 0
        },
        "propConfig": {
          "props.path": {
            "binding": {
              "config": {
                "path": "session.custom.enableDataPage"
              },
              "transforms": [
                {
                  "code": "\tif not value:\n\t\treturn \"Devices/mobileDeviceManagement\"\n\telse:\n\t\treturn \"Devices/Device Management\"",
                  "type": "script"
                }
              ],
              "type": "property"
            }
          }
        },
        "type": "ia.display.view"
      }
    ],
    "meta": {
      "name": "root"
    },
    "props": {
      "direction": "column"
    },
    "type": "ia.container.flex"
  }
}