{
  "custom": {},
  "params": {
    "labelText": "Name",
    "textValue": "ESE"
  },
  "propConfig": {
    "params.labelText": {
      "paramDirection": "input",
      "persistent": true
    },
    "params.textValue": {
      "paramDirection": "inout",
      "persistent": true
    }
  },
  "props": {
    "defaultSize": {
      "height": 92
    }
  },
  "root": {
    "children": [
      {
        "meta": {
          "name": "Label"
        },
        "propConfig": {
          "props.text": {
            "binding": {
              "config": {
                "path": "view.params.labelText"
              },
              "type": "property"
            }
          }
        },
        "props": {
          "style": {
            "classes": "forms/configHeading"
          }
        },
        "type": "ia.display.label"
      },
      {
        "events": {
          "system": {
            "onStartup": {
              "config": {
                "script": "\tregions \u003d decoders.LoRaSpecs.getRegions()\n\tself.props.options \u003d regions"
              },
              "scope": "G",
              "type": "script"
            }
          }
        },
        "meta": {
          "name": "Dropdown"
        },
        "position": {
          "basis": "36px"
        },
        "propConfig": {
          "props.value": {
            "binding": {
              "config": {
                "path": "view.params.textValue"
              },
              "type": "property"
            }
          }
        },
        "props": {
          "options": [
            {
              "label": "AS923",
              "value": "AS923"
            },
            {
              "label": "AU915",
              "value": "AU915"
            },
            {
              "label": "CN470",
              "value": "CN470"
            },
            {
              "label": "KR920",
              "value": "KR920"
            },
            {
              "label": "RU864",
              "value": "RU864"
            },
            {
              "label": "EU868",
              "value": "EU868"
            },
            {
              "label": "US915",
              "value": "US915"
            },
            {
              "label": "IN865",
              "value": "IN865"
            }
          ]
        },
        "type": "ia.input.dropdown"
      }
    ],
    "meta": {
      "name": "root"
    },
    "props": {
      "direction": "column"
    },
    "type": "ia.container.flex"
  }
}