{
  "custom": {
    "tableData": [
      {
        "LoRa_Version": "1.0.3",
        "channel": "2",
        "check_in_interval": 0,
        "decoder": null,
        "decoderID": 1,
        "device_class": "A",
        "device_type": "Pressure",
        "external_device_profile_id": "",
        "firmware_version": "v1",
        "hardware_version": "v1",
        "id": 1,
        "isStateful": 0,
        "loRaRevision": "",
        "loRaWANSpecs": null,
        "manufacturer": "TESolutions",
        "model_name": "TE-Pressure",
        "regional": "US915",
        "regionalParameters": "PHY_V1_0",
        "tenantID": 1,
        "udt": null,
        "udtID": 1
      },
      {
        "LoRa_Version": "1.0.3",
        "channel": "2",
        "check_in_interval": 0,
        "decoder": null,
        "decoderID": 2,
        "device_class": "A",
        "device_type": "Vibration",
        "external_device_profile_id": "",
        "firmware_version": "v1",
        "hardware_version": "v1",
        "id": 2,
        "isStateful": 0,
        "loRaRevision": "",
        "loRaWANSpecs": null,
        "manufacturer": "TESolutions",
        "model_name": "TE-Vibration",
        "regional": "US915",
        "regionalParameters": "PHY_V1_0",
        "tenantID": 1,
        "udt": null,
        "udtID": 2
      },
      {
        "LoRa_Version": "1.0.3",
        "channel": "2",
        "check_in_interval": 0,
        "decoder": null,
        "decoderID": 6,
        "device_class": "A",
        "device_type": "PRESSURE",
        "external_device_profile_id": "",
        "firmware_version": "v3",
        "hardware_version": "v1",
        "id": 3,
        "isStateful": 0,
        "loRaRevision": "",
        "loRaWANSpecs": null,
        "manufacturer": "TWTG",
        "model_name": "TWTG-Pressure ",
        "regional": "US915",
        "regionalParameters": "PHY_V1_0",
        "tenantID": 1,
        "udt": null,
        "udtID": 6
      },
      {
        "LoRa_Version": "1.0.3",
        "channel": "2",
        "check_in_interval": 0,
        "decoder": null,
        "decoderID": 7,
        "device_class": "A",
        "device_type": "VIBRATION",
        "external_device_profile_id": "twtg_eon-vb_RFGroup2_RP2-1.0.4_A",
        "firmware_version": "v3",
        "hardware_version": "v1",
        "id": 4,
        "isStateful": 0,
        "loRaRevision": "",
        "loRaWANSpecs": null,
        "manufacturer": "TWTG",
        "model_name": "TWTG-Vibration",
        "regional": "US915",
        "regionalParameters": "PHY_V1_0",
        "tenantID": 1,
        "udt": null,
        "udtID": 7
      },
      {
        "LoRa_Version": "1.0.3",
        "channel": "2",
        "check_in_interval": 0,
        "decoder": null,
        "decoderID": 8,
        "device_class": "A",
        "device_type": "TEMPERATURE",
        "external_device_profile_id": "",
        "firmware_version": "v4",
        "hardware_version": "v1",
        "id": 5,
        "isStateful": 0,
        "loRaRevision": "",
        "loRaWANSpecs": null,
        "manufacturer": "TWTG",
        "model_name": "TWTG-Temperature-Transmitter",
        "regional": "US915",
        "regionalParameters": "PHY_V1_0",
        "tenantID": 1,
        "udt": null,
        "udtID": 8
      },
      {
        "LoRa_Version": "1.0.3",
        "channel": "2",
        "check_in_interval": 0,
        "decoder": null,
        "decoderID": 4,
        "device_class": "A",
        "device_type": "TEMPERATURE",
        "external_device_profile_id": "DRAG/LHT65A.1.0.3a_FCC",
        "firmware_version": "v1",
        "hardware_version": "v1",
        "id": 6,
        "isStateful": 0,
        "loRaRevision": "",
        "loRaWANSpecs": null,
        "manufacturer": "Dragino",
        "model_name": "Dragino-Temperature-Humidity-LHT65N",
        "regional": "US915",
        "regionalParameters": "PHY_V1_0",
        "tenantID": 1,
        "udt": null,
        "udtID": 4
      },
      {
        "LoRa_Version": "1.0.3",
        "channel": "2",
        "check_in_interval": 0,
        "decoder": null,
        "decoderID": 11,
        "device_class": "A",
        "device_type": "CURRENT",
        "external_device_profile_id": "vutility_hotdrop-d_RFGroup2_1.0.2b_A",
        "firmware_version": "v1",
        "hardware_version": "v1",
        "id": 7,
        "isStateful": 0,
        "loRaRevision": "",
        "loRaWANSpecs": null,
        "manufacturer": "Vutility",
        "model_name": "Vutility-HotDrop-Direct",
        "regional": "US915",
        "regionalParameters": "PHY_V1_0",
        "tenantID": 1,
        "udt": null,
        "udtID": 11
      },
      {
        "LoRa_Version": "1.0.3",
        "channel": "2",
        "check_in_interval": 0,
        "decoder": null,
        "decoderID": 0,
        "device_class": "A",
        "device_type": "CURRENT",
        "external_device_profile_id": "",
        "firmware_version": "v1",
        "hardware_version": "v1",
        "id": 8,
        "isStateful": 0,
        "loRaRevision": "",
        "loRaWANSpecs": null,
        "manufacturer": "Dragino",
        "model_name": "Dragino-CurrentConverter-CS01LB",
        "regional": "US915",
        "regionalParameters": "PHY_V1_0",
        "tenantID": 1,
        "udt": null,
        "udtID": 0
      },
      {
        "LoRa_Version": "1.0.3",
        "channel": "2",
        "check_in_interval": 0,
        "decoder": null,
        "decoderID": 5,
        "device_class": "A",
        "device_type": "PULSE",
        "external_device_profile_id": "",
        "firmware_version": "v1",
        "hardware_version": "v1",
        "id": 9,
        "isStateful": 0,
        "loRaRevision": "",
        "loRaWANSpecs": null,
        "manufacturer": "Dragino",
        "model_name": "Dragino-DryContact-CPL03-LB/LS",
        "regional": "US915",
        "regionalParameters": "PHY_V1_0",
        "tenantID": 1,
        "udt": null,
        "udtID": 5
      },
      {
        "LoRa_Version": "1.0.3",
        "channel": "2",
        "check_in_interval": 0,
        "decoder": null,
        "decoderID": 12,
        "device_class": "A",
        "device_type": "CURRENT",
        "external_device_profile_id": "",
        "firmware_version": "v1",
        "hardware_version": "v1",
        "id": 10,
        "isStateful": 0,
        "loRaRevision": "",
        "loRaWANSpecs": null,
        "manufacturer": "Vutility",
        "model_name": "Vutility-PulseDrop-Direct",
        "regional": "US915",
        "regionalParameters": "PHY_V1_0",
        "tenantID": 1,
        "udt": null,
        "udtID": 12
      },
      {
        "LoRa_Version": "1.0.3",
        "channel": "2",
        "check_in_interval": 0,
        "decoder": null,
        "decoderID": 13,
        "device_class": "A",
        "device_type": "VOLTAGE",
        "external_device_profile_id": "",
        "firmware_version": "v1",
        "hardware_version": "v1",
        "id": 11,
        "isStateful": 0,
        "loRaRevision": "",
        "loRaWANSpecs": null,
        "manufacturer": "Vutility",
        "model_name": "Vutility-VoltDrop-Direct",
        "regional": "US915",
        "regionalParameters": "PHY_V1_0",
        "tenantID": 1,
        "udt": null,
        "udtID": 43
      },
      {
        "LoRa_Version": "1.0.3",
        "channel": "2",
        "check_in_interval": 0,
        "decoder": null,
        "decoderID": 14,
        "device_class": "A",
        "device_type": "PRESSURE",
        "external_device_profile_id": "",
        "firmware_version": "v1",
        "hardware_version": "v1",
        "id": 12,
        "isStateful": 0,
        "loRaRevision": "",
        "loRaWANSpecs": null,
        "manufacturer": "Ellenex",
        "model_name": "Ellenex-Differential-Pressure-PDS2-L",
        "regional": "US915",
        "regionalParameters": "PHY_V1_0",
        "tenantID": 1,
        "udt": null,
        "udtID": 13
      },
      {
        "LoRa_Version": "1.0.3",
        "channel": "2",
        "check_in_interval": 0,
        "decoder": null,
        "decoderID": 35,
        "device_class": "A",
        "device_type": "LEVEL",
        "external_device_profile_id": "",
        "firmware_version": "v1",
        "hardware_version": "v1",
        "id": 13,
        "isStateful": 0,
        "loRaRevision": "",
        "loRaWANSpecs": null,
        "manufacturer": "Tekelek",
        "model_name": "Tekelek-Ultrasonic-Level-TEK888",
        "regional": "US915",
        "regionalParameters": "PHY_V1_0",
        "tenantID": 1,
        "udt": null,
        "udtID": 14
      },
      {
        "LoRa_Version": "1.0.3",
        "channel": "2",
        "check_in_interval": 0,
        "decoder": null,
        "decoderID": 17,
        "device_class": "A",
        "device_type": "VOLTAGE",
        "external_device_profile_id": "",
        "firmware_version": "v1",
        "hardware_version": "v1",
        "id": 14,
        "isStateful": 0,
        "loRaRevision": "",
        "loRaWANSpecs": null,
        "manufacturer": "RadioBridge",
        "model_name": "RadioBridge-Voltage",
        "regional": "US915",
        "regionalParameters": "PHY_V1_0",
        "tenantID": 1,
        "udt": null,
        "udtID": 16
      },
      {
        "LoRa_Version": "1.0.3",
        "channel": "2",
        "check_in_interval": 0,
        "decoder": null,
        "decoderID": 17,
        "device_class": "A",
        "device_type": "VOLTAGE",
        "external_device_profile_id": "",
        "firmware_version": "v1",
        "hardware_version": "v1",
        "id": 15,
        "isStateful": 0,
        "loRaRevision": "",
        "loRaWANSpecs": null,
        "manufacturer": "RadioBridge",
        "model_name": "RadioBridge-Moisture",
        "regional": "US915",
        "regionalParameters": "PHY_V1_0",
        "tenantID": 1,
        "udt": null,
        "udtID": 17
      },
      {
        "LoRa_Version": "1.0.3",
        "channel": "2",
        "check_in_interval": 0,
        "decoder": null,
        "decoderID": 17,
        "device_class": "A",
        "device_type": "VOLTAGE",
        "external_device_profile_id": "",
        "firmware_version": "v1",
        "hardware_version": "v1",
        "id": 16,
        "isStateful": 0,
        "loRaRevision": "",
        "loRaWANSpecs": null,
        "manufacturer": "RadioBridge",
        "model_name": "RadioBridge-Temperature",
        "regional": "US915",
        "regionalParameters": "PHY_V1_0",
        "tenantID": 1,
        "udt": null,
        "udtID": 18
      },
      {
        "LoRa_Version": "1.0.3",
        "channel": "2",
        "check_in_interval": 0,
        "decoder": null,
        "decoderID": 17,
        "device_class": "A",
        "device_type": "ANAOLG",
        "external_device_profile_id": "",
        "firmware_version": "v1",
        "hardware_version": "v1",
        "id": 17,
        "isStateful": 0,
        "loRaRevision": "",
        "loRaWANSpecs": null,
        "manufacturer": "RadioBridge",
        "model_name": "RadioBridge-420ma",
        "regional": "US915",
        "regionalParameters": "PHY_V1_0",
        "tenantID": 1,
        "udt": null,
        "udtID": 19
      },
      {
        "LoRa_Version": "1.0.3",
        "channel": "2",
        "check_in_interval": 0,
        "decoder": null,
        "decoderID": 17,
        "device_class": "A",
        "device_type": "VOLTAGE",
        "external_device_profile_id": "",
        "firmware_version": "v1",
        "hardware_version": "v1",
        "id": 18,
        "isStateful": 0,
        "loRaRevision": "",
        "loRaWANSpecs": null,
        "manufacturer": "RadioBridge",
        "model_name": "RadioBridge-Accelerometer",
        "regional": "US915",
        "regionalParameters": "PHY_V1_0",
        "tenantID": 1,
        "udt": null,
        "udtID": 20
      },
      {
        "LoRa_Version": "1.0.3",
        "channel": "2",
        "check_in_interval": 0,
        "decoder": null,
        "decoderID": 17,
        "device_class": "A",
        "device_type": "LEVEL",
        "external_device_profile_id": "",
        "firmware_version": "v1",
        "hardware_version": "v1",
        "id": 19,
        "isStateful": 0,
        "loRaRevision": "",
        "loRaWANSpecs": null,
        "manufacturer": "RadioBridge",
        "model_name": "RadioBridge-Level",
        "regional": "US915",
        "regionalParameters": "PHY_V1_0",
        "tenantID": 1,
        "udt": null,
        "udtID": 21
      },
      {
        "LoRa_Version": "1.0.3",
        "channel": "2",
        "check_in_interval": 0,
        "decoder": null,
        "decoderID": 17,
        "device_class": "A",
        "device_type": "CONTACT",
        "external_device_profile_id": "",
        "firmware_version": "v1",
        "hardware_version": "v1",
        "id": 20,
        "isStateful": 0,
        "loRaRevision": "",
        "loRaWANSpecs": null,
        "manufacturer": "RadioBridge",
        "model_name": "RadioBridge-Contact",
        "regional": "US915",
        "regionalParameters": "PHY_V1_0",
        "tenantID": 1,
        "udt": null,
        "udtID": 22
      },
      {
        "LoRa_Version": "1.0.3",
        "channel": "2",
        "check_in_interval": 0,
        "decoder": null,
        "decoderID": 18,
        "device_class": "A",
        "device_type": "VIBATION",
        "external_device_profile_id": "",
        "firmware_version": "v1",
        "hardware_version": "v1",
        "id": 21,
        "isStateful": 0,
        "loRaRevision": "",
        "loRaWANSpecs": null,
        "manufacturer": "RadioBridge",
        "model_name": "RadioBridge-Vibration",
        "regional": "US915",
        "regionalParameters": "PHY_V1_0",
        "tenantID": 1,
        "udt": null,
        "udtID": 23
      },
      {
        "LoRa_Version": "1.0.3",
        "channel": "2",
        "check_in_interval": 0,
        "decoder": null,
        "decoderID": 17,
        "device_class": "A",
        "device_type": "VOLTAGE",
        "external_device_profile_id": "",
        "firmware_version": "v1",
        "hardware_version": "v1",
        "id": 22,
        "isStateful": 0,
        "loRaRevision": "",
        "loRaWANSpecs": null,
        "manufacturer": "RadioBridge",
        "model_name": "RadioBridgeHumidity",
        "regional": "US915",
        "regionalParameters": "PHY_V1_0",
        "tenantID": 1,
        "udt": null,
        "udtID": 24
      },
      {
        "LoRa_Version": "1.0.3",
        "channel": "2",
        "check_in_interval": 0,
        "decoder": null,
        "decoderID": 19,
        "device_class": "A",
        "device_type": "LOCATION",
        "external_device_profile_id": "DIGI/OYTERA.1.0.3a_FCC",
        "firmware_version": "v1",
        "hardware_version": "v1",
        "id": 23,
        "isStateful": 0,
        "loRaRevision": "",
        "loRaWANSpecs": null,
        "manufacturer": "DigitalMatter",
        "model_name": "DigitalMatter-OysterTracker",
        "regional": "US915",
        "regionalParameters": "PHY_V1_0",
        "tenantID": 1,
        "udt": null,
        "udtID": 25
      },
      {
        "LoRa_Version": "1.0.3",
        "channel": "2",
        "check_in_interval": 0,
        "decoder": null,
        "decoderID": 20,
        "device_class": "A",
        "device_type": "LOCATION",
        "external_device_profile_id": "",
        "firmware_version": "v1",
        "hardware_version": "v1",
        "id": 24,
        "isStateful": 0,
        "loRaRevision": "",
        "loRaWANSpecs": null,
        "manufacturer": "AbeewayTracker",
        "model_name": "Abeeway-Tracker",
        "regional": "US915",
        "regionalParameters": "PHY_V1_0",
        "tenantID": 1,
        "udt": null,
        "udtID": 26
      },
      {
        "LoRa_Version": "1.0.3",
        "channel": "2",
        "check_in_interval": 0,
        "decoder": null,
        "decoderID": 29,
        "device_class": "A",
        "device_type": "VALVEPOSITION",
        "external_device_profile_id": "",
        "firmware_version": "v1",
        "hardware_version": "v1",
        "id": 25,
        "isStateful": 0,
        "loRaRevision": "",
        "loRaWANSpecs": null,
        "manufacturer": "Aloxy",
        "model_name": "Aloxy-ValvePosition",
        "regional": "US915",
        "regionalParameters": "PHY_V1_0",
        "tenantID": 1,
        "udt": null,
        "udtID": 36
      },
      {
        "LoRa_Version": "1.0.3",
        "channel": "2",
        "check_in_interval": 0,
        "decoder": null,
        "decoderID": 16,
        "device_class": "A",
        "device_type": "LEVEL",
        "external_device_profile_id": "",
        "firmware_version": "v1",
        "hardware_version": "v1",
        "id": 26,
        "isStateful": 0,
        "loRaRevision": "",
        "loRaWANSpecs": null,
        "manufacturer": "RIOTWireless",
        "model_name": "RIOT-Ultrasonic-Level",
        "regional": "US915",
        "regionalParameters": "PHY_V1_0",
        "tenantID": 1,
        "udt": null,
        "udtID": 15
      },
      {
        "LoRa_Version": "1.0.3",
        "channel": "2",
        "check_in_interval": 0,
        "decoder": null,
        "decoderID": 21,
        "device_class": "A",
        "device_type": "PRESSURE",
        "external_device_profile_id": "",
        "firmware_version": "v1",
        "hardware_version": "v1",
        "id": 27,
        "isStateful": 0,
        "loRaRevision": "",
        "loRaWANSpecs": null,
        "manufacturer": "Bourdon",
        "model_name": "Bourdon-PressureGauge",
        "regional": "US915",
        "regionalParameters": "PHY_V1_0",
        "tenantID": 1,
        "udt": null,
        "udtID": 27
      },
      {
        "LoRa_Version": "1.0.3",
        "channel": "2",
        "check_in_interval": 0,
        "decoder": null,
        "decoderID": 9,
        "device_class": "A",
        "device_type": "TEMPERATURE",
        "external_device_profile_id": "twtg_neon-ts_RFGroup2_1.0.2B_A",
        "firmware_version": "v4",
        "hardware_version": "v1",
        "id": 28,
        "isStateful": 0,
        "loRaRevision": "",
        "loRaWANSpecs": null,
        "manufacturer": "TWTG",
        "model_name": "TWTG-Temperature-Contact",
        "regional": "US915",
        "regionalParameters": "PHY_V1_0",
        "tenantID": 1,
        "udt": null,
        "udtID": 9
      },
      {
        "LoRa_Version": "1.0.3",
        "channel": "2",
        "check_in_interval": 0,
        "decoder": null,
        "decoderID": 22,
        "device_class": "A",
        "device_type": "CORROSION",
        "external_device_profile_id": "",
        "firmware_version": "v1",
        "hardware_version": "v1",
        "id": 29,
        "isStateful": 0,
        "loRaRevision": "",
        "loRaWANSpecs": null,
        "manufacturer": "Sensor Networks",
        "model_name": "SensorNetworks-MicroPims",
        "regional": "US915",
        "regionalParameters": "PHY_V1_0",
        "tenantID": 1,
        "udt": null,
        "udtID": 28
      },
      {
        "LoRa_Version": "1.0.3",
        "channel": "2",
        "check_in_interval": 0,
        "decoder": null,
        "decoderID": 28,
        "device_class": "A",
        "device_type": "TEMPERATURE",
        "external_device_profile_id": "",
        "firmware_version": "v1",
        "hardware_version": "v1",
        "id": 30,
        "isStateful": 0,
        "loRaRevision": "",
        "loRaWANSpecs": null,
        "manufacturer": "Orbiwise",
        "model_name": "Orbiwise-Sampols",
        "regional": "US915",
        "regionalParameters": "PHY_V1_0",
        "tenantID": 1,
        "udt": null,
        "udtID": 35
      },
      {
        "LoRa_Version": "1.0.3",
        "channel": "2",
        "check_in_interval": 0,
        "decoder": null,
        "decoderID": 34,
        "device_class": "A",
        "device_type": "TEMPERATURE",
        "external_device_profile_id": "",
        "firmware_version": "v1",
        "hardware_version": "v1",
        "id": 31,
        "isStateful": 0,
        "loRaRevision": "",
        "loRaWANSpecs": null,
        "manufacturer": "Sensia",
        "model_name": "Sensia-Temperature",
        "regional": "US915",
        "regionalParameters": "PHY_V1_0",
        "tenantID": 1,
        "udt": null,
        "udtID": 46
      },
      {
        "LoRa_Version": "1.0.3",
        "channel": "2",
        "check_in_interval": 0,
        "decoder": null,
        "decoderID": 24,
        "device_class": "A",
        "device_type": "LEVEL",
        "external_device_profile_id": "",
        "firmware_version": "v1",
        "hardware_version": "v1",
        "id": 32,
        "isStateful": 0,
        "loRaRevision": "",
        "loRaWANSpecs": null,
        "manufacturer": "VEGA",
        "model_name": "Vega-Air",
        "regional": "US915",
        "regionalParameters": "PHY_V1_0",
        "tenantID": 1,
        "udt": null,
        "udtID": 30
      },
      {
        "LoRa_Version": "1.0.3",
        "channel": "2",
        "check_in_interval": 0,
        "decoder": null,
        "decoderID": 25,
        "device_class": "A",
        "device_type": "LEVEL",
        "external_device_profile_id": "",
        "firmware_version": "v2",
        "hardware_version": "v1",
        "id": 33,
        "isStateful": 0,
        "loRaRevision": "",
        "loRaWANSpecs": null,
        "manufacturer": "VEGA",
        "model_name": "VEGA-PULSAIR41",
        "regional": "US915",
        "regionalParameters": "PHY_V1_0",
        "tenantID": 1,
        "udt": null,
        "udtID": 31
      },
      {
        "LoRa_Version": "1.0.3",
        "channel": "2",
        "check_in_interval": 0,
        "decoder": null,
        "decoderID": 26,
        "device_class": "A",
        "device_type": "LIGHT",
        "external_device_profile_id": "",
        "firmware_version": "v1",
        "hardware_version": "v1",
        "id": 34,
        "isStateful": 0,
        "loRaRevision": "",
        "loRaWANSpecs": null,
        "manufacturer": "Trackonomy",
        "model_name": "Trackonomy-THL",
        "regional": "US915",
        "regionalParameters": "PHY_V1_0",
        "tenantID": 1,
        "udt": null,
        "udtID": 32
      },
      {
        "LoRa_Version": "1.0.3",
        "channel": "2",
        "check_in_interval": 0,
        "decoder": null,
        "decoderID": 27,
        "device_class": "A",
        "device_type": "VIBRATION",
        "external_device_profile_id": "YOKO/VibA.1.0.2b_FCC",
        "firmware_version": "v1",
        "hardware_version": "v1",
        "id": 35,
        "isStateful": 0,
        "loRaRevision": "",
        "loRaWANSpecs": null,
        "manufacturer": "Yokogawa",
        "model_name": "Yokogawa-Sushi-Vibration",
        "regional": "US915",
        "regionalParameters": "PHY_V1_0",
        "tenantID": 1,
        "udt": null,
        "udtID": 34
      },
      {
        "LoRa_Version": "1.0.3",
        "channel": "2",
        "check_in_interval": 0,
        "decoder": null,
        "decoderID": 36,
        "device_class": "A",
        "device_type": "PRESSURE",
        "external_device_profile_id": "YOKO/PressureA.1.0.2b_FCC",
        "firmware_version": "v1",
        "hardware_version": "v1",
        "id": 36,
        "isStateful": 0,
        "loRaRevision": "",
        "loRaWANSpecs": null,
        "manufacturer": "Yokogawa",
        "model_name": "Yokogawa-Sushi-Pressure",
        "regional": "US915",
        "regionalParameters": "PHY_V1_0",
        "tenantID": 1,
        "udt": null,
        "udtID": 48
      },
      {
        "LoRa_Version": "1.0.3",
        "channel": "2",
        "check_in_interval": 0,
        "decoder": null,
        "decoderID": 32,
        "device_class": "A",
        "device_type": "PRESSURE",
        "external_device_profile_id": "YOKO/TempA.1.0.2b_FCC",
        "firmware_version": "v1",
        "hardware_version": "v1",
        "id": 37,
        "isStateful": 0,
        "loRaRevision": "",
        "loRaWANSpecs": null,
        "manufacturer": "Yokogawa",
        "model_name": "Yokogawa-Sushi-Temperature",
        "regional": "US915",
        "regionalParameters": "PHY_V1_0",
        "tenantID": 1,
        "udt": null,
        "udtID": 44
      },
      {
        "LoRa_Version": "1.0.3",
        "channel": "2",
        "check_in_interval": 0,
        "decoder": null,
        "decoderID": 23,
        "device_class": "A",
        "device_type": "VIBRATION",
        "external_device_profile_id": "",
        "firmware_version": "v1",
        "hardware_version": "v1",
        "id": 38,
        "isStateful": 0,
        "loRaRevision": "",
        "loRaWANSpecs": null,
        "manufacturer": "Honeywell",
        "model_name": "Honeywell-Versatillis",
        "regional": "US915",
        "regionalParameters": "PHY_V1_0",
        "tenantID": 1,
        "udt": null,
        "udtID": 29
      },
      {
        "LoRa_Version": "1.0.3",
        "channel": "2",
        "check_in_interval": 0,
        "decoder": null,
        "decoderID": 30,
        "device_class": "A",
        "device_type": "",
        "external_device_profile_id": "",
        "firmware_version": "",
        "hardware_version": "",
        "id": 39,
        "isStateful": 0,
        "loRaRevision": "",
        "loRaWANSpecs": null,
        "manufacturer": "",
        "model_name": "Sensa-Temperature",
        "regional": "US915",
        "regionalParameters": "PHY_V1_0",
        "tenantID": 1,
        "udt": null,
        "udtID": 41
      },
      {
        "LoRa_Version": "1.0.3",
        "channel": "2",
        "check_in_interval": 0,
        "decoder": null,
        "decoderID": 31,
        "device_class": "A",
        "device_type": "",
        "external_device_profile_id": "",
        "firmware_version": "",
        "hardware_version": "",
        "id": 40,
        "isStateful": 0,
        "loRaRevision": "",
        "loRaWANSpecs": null,
        "manufacturer": "",
        "model_name": "Sensa-DifferentialPressure",
        "regional": "US915",
        "regionalParameters": "PHY_V1_0",
        "tenantID": 1,
        "udt": null,
        "udtID": 42
      },
      {
        "LoRa_Version": "1.0.3",
        "channel": "2",
        "check_in_interval": 0,
        "decoder": null,
        "decoderID": 33,
        "device_class": "A",
        "device_type": "",
        "external_device_profile_id": "",
        "firmware_version": "",
        "hardware_version": "",
        "id": 41,
        "isStateful": 0,
        "loRaRevision": "",
        "loRaWANSpecs": null,
        "manufacturer": "",
        "model_name": "Glamos-SignalTester",
        "regional": "US915",
        "regionalParameters": "PHY_V1_0",
        "tenantID": 1,
        "udt": null,
        "udtID": 45
      },
      {
        "LoRa_Version": "1.0.3",
        "channel": "2",
        "check_in_interval": 0,
        "decoder": null,
        "decoderID": 34,
        "device_class": "A",
        "device_type": "",
        "external_device_profile_id": "",
        "firmware_version": "",
        "hardware_version": "",
        "id": 42,
        "isStateful": 0,
        "loRaRevision": "",
        "loRaWANSpecs": null,
        "manufacturer": "",
        "model_name": "Sensa-Pressure",
        "regional": "US915",
        "regionalParameters": "PHY_V1_0",
        "tenantID": 1,
        "udt": null,
        "udtID": 46
      },
      {
        "LoRa_Version": "1.0.3",
        "channel": "2",
        "check_in_interval": 0,
        "decoder": null,
        "decoderID": 35,
        "device_class": "A",
        "device_type": "",
        "external_device_profile_id": "",
        "firmware_version": "",
        "hardware_version": "",
        "id": 43,
        "isStateful": 0,
        "loRaRevision": "",
        "loRaWANSpecs": null,
        "manufacturer": "",
        "model_name": "Tekelek-Ultrasonic-Level-TEK888",
        "regional": "US915",
        "regionalParameters": "PHY_V1_0",
        "tenantID": 1,
        "udt": null,
        "udtID": 14
      }
    ]
  },
  "events": {
    "system": {
      "onStartup": {
        "config": {
          "script": "\tsystem.perspective.sendMessage(\"reload-profiles\")"
        },
        "scope": "G",
        "type": "script"
      }
    }
  },
  "params": {},
  "propConfig": {
    "custom.tableData": {
      "persistent": true
    }
  },
  "props": {
    "defaultSize": {
      "height": 954,
      "width": 806
    }
  },
  "root": {
    "children": [
      {
        "events": {
          "dom": {
            "onClick": {
              "config": {
                "page": "/device-profile/new"
              },
              "scope": "C",
              "type": "nav"
            }
          }
        },
        "meta": {
          "name": "Button"
        },
        "position": {
          "breakpoints": [
            {
              "colIndex": 8,
              "name": "sm",
              "order": 1,
              "rowIndex": 0,
              "span": 4
            },
            {
              "colIndex": 8,
              "name": "md",
              "order": 1,
              "rowIndex": 0,
              "span": 4
            },
            {
              "colIndex": 8,
              "name": "lg",
              "order": 1,
              "rowIndex": 0,
              "span": 4
            }
          ],
          "height": 60
        },
        "props": {
          "text": "Create New Device Profile"
        },
        "type": "ia.input.button"
      },
      {
        "children": [
          {
            "events": {
              "component": {
                "onRowDoubleClick": {
                  "config": {
                    "script": "\ttry:\n\t\tprofileID \u003d event.value[\u0027id\u0027]\n\n\t\tsystem.perspective.print(profileID)\n\t\tpageURL \u003d \"/device-profile/\" + str(profileID)\n\t\tsystem.perspective.navigate(page \u003dpageURL)\n\texcept Exception as e:\n\t\tsystem.perspective.print(str(e))"
                  },
                  "scope": "G",
                  "type": "script"
                }
              }
            },
            "meta": {
              "name": "Table"
            },
            "propConfig": {
              "props.data": {
                "binding": {
                  "config": {
                    "path": "view.custom.tableData"
                  },
                  "type": "property"
                }
              }
            },
            "props": {
              "columns": [
                {
                  "align": "center",
                  "boolean": "checkbox",
                  "dateFormat": "MM/DD/YYYY",
                  "editable": false,
                  "field": "model_name",
                  "filter": {
                    "boolean": {
                      "condition": ""
                    },
                    "date": {
                      "condition": "",
                      "value": ""
                    },
                    "enabled": false,
                    "number": {
                      "condition": "",
                      "value": ""
                    },
                    "string": {
                      "condition": "",
                      "value": ""
                    },
                    "visible": "on-hover"
                  },
                  "footer": {
                    "align": "center",
                    "justify": "left",
                    "style": {
                      "classes": ""
                    },
                    "title": ""
                  },
                  "header": {
                    "align": "center",
                    "justify": "left",
                    "style": {
                      "classes": ""
                    },
                    "title": "name"
                  },
                  "justify": "auto",
                  "nullFormat": {
                    "includeNullStrings": false,
                    "nullFormatValue": "",
                    "strict": false
                  },
                  "number": "value",
                  "numberFormat": "0,0.##",
                  "progressBar": {
                    "bar": {
                      "color": "",
                      "style": {
                        "classes": ""
                      }
                    },
                    "max": 100,
                    "min": 0,
                    "track": {
                      "color": "",
                      "style": {
                        "classes": ""
                      }
                    },
                    "value": {
                      "enabled": true,
                      "format": "0,0.##",
                      "justify": "center",
                      "style": {
                        "classes": ""
                      }
                    }
                  },
                  "render": "auto",
                  "resizable": true,
                  "sort": "none",
                  "sortable": true,
                  "strictWidth": false,
                  "style": {
                    "classes": ""
                  },
                  "toggleSwitch": {
                    "color": {
                      "selected": "",
                      "unselected": ""
                    }
                  },
                  "viewParams": {},
                  "viewPath": "",
                  "visible": true,
                  "width": ""
                },
                {
                  "align": "center",
                  "boolean": "checkbox",
                  "dateFormat": "MM/DD/YYYY",
                  "editable": false,
                  "field": "id",
                  "filter": {
                    "boolean": {
                      "condition": ""
                    },
                    "date": {
                      "condition": "",
                      "value": ""
                    },
                    "enabled": false,
                    "number": {
                      "condition": "",
                      "value": ""
                    },
                    "string": {
                      "condition": "",
                      "value": ""
                    },
                    "visible": "on-hover"
                  },
                  "footer": {
                    "align": "center",
                    "justify": "left",
                    "style": {
                      "classes": ""
                    },
                    "title": ""
                  },
                  "header": {
                    "align": "center",
                    "justify": "left",
                    "style": {
                      "classes": ""
                    },
                    "title": ""
                  },
                  "justify": "auto",
                  "nullFormat": {
                    "includeNullStrings": false,
                    "nullFormatValue": "",
                    "strict": false
                  },
                  "number": "value",
                  "numberFormat": "0,0.##",
                  "progressBar": {
                    "bar": {
                      "color": "",
                      "style": {
                        "classes": ""
                      }
                    },
                    "max": 100,
                    "min": 0,
                    "track": {
                      "color": "",
                      "style": {
                        "classes": ""
                      }
                    },
                    "value": {
                      "enabled": true,
                      "format": "0,0.##",
                      "justify": "center",
                      "style": {
                        "classes": ""
                      }
                    }
                  },
                  "render": "auto",
                  "resizable": true,
                  "sort": "none",
                  "sortable": true,
                  "strictWidth": false,
                  "style": {
                    "classes": ""
                  },
                  "toggleSwitch": {
                    "color": {
                      "selected": "",
                      "unselected": ""
                    }
                  },
                  "viewParams": {},
                  "viewPath": "",
                  "visible": false,
                  "width": ""
                },
                {
                  "align": "center",
                  "boolean": "checkbox",
                  "dateFormat": "MM/DD/YYYY",
                  "editable": false,
                  "field": "device_type",
                  "filter": {
                    "boolean": {
                      "condition": ""
                    },
                    "date": {
                      "condition": "",
                      "value": ""
                    },
                    "enabled": false,
                    "number": {
                      "condition": "",
                      "value": ""
                    },
                    "string": {
                      "condition": "",
                      "value": ""
                    },
                    "visible": "on-hover"
                  },
                  "footer": {
                    "align": "center",
                    "justify": "left",
                    "style": {
                      "classes": ""
                    },
                    "title": ""
                  },
                  "header": {
                    "align": "center",
                    "justify": "left",
                    "style": {
                      "classes": ""
                    },
                    "title": "Sensor Type"
                  },
                  "justify": "auto",
                  "nullFormat": {
                    "includeNullStrings": false,
                    "nullFormatValue": "",
                    "strict": false
                  },
                  "number": "value",
                  "numberFormat": "0,0.##",
                  "progressBar": {
                    "bar": {
                      "color": "",
                      "style": {
                        "classes": ""
                      }
                    },
                    "max": 100,
                    "min": 0,
                    "track": {
                      "color": "",
                      "style": {
                        "classes": ""
                      }
                    },
                    "value": {
                      "enabled": true,
                      "format": "0,0.##",
                      "justify": "center",
                      "style": {
                        "classes": ""
                      }
                    }
                  },
                  "render": "auto",
                  "resizable": true,
                  "sort": "none",
                  "sortable": true,
                  "strictWidth": false,
                  "style": {
                    "classes": ""
                  },
                  "toggleSwitch": {
                    "color": {
                      "selected": "",
                      "unselected": ""
                    }
                  },
                  "viewParams": {},
                  "viewPath": "",
                  "visible": true,
                  "width": ""
                },
                {
                  "align": "center",
                  "boolean": "checkbox",
                  "dateFormat": "MM/DD/YYYY",
                  "editable": false,
                  "field": "manufacturer",
                  "filter": {
                    "boolean": {
                      "condition": ""
                    },
                    "date": {
                      "condition": "",
                      "value": ""
                    },
                    "enabled": false,
                    "number": {
                      "condition": "",
                      "value": ""
                    },
                    "string": {
                      "condition": "",
                      "value": ""
                    },
                    "visible": "on-hover"
                  },
                  "footer": {
                    "align": "center",
                    "justify": "left",
                    "style": {
                      "classes": ""
                    },
                    "title": ""
                  },
                  "header": {
                    "align": "center",
                    "justify": "left",
                    "style": {
                      "classes": ""
                    },
                    "title": ""
                  },
                  "justify": "auto",
                  "nullFormat": {
                    "includeNullStrings": false,
                    "nullFormatValue": "",
                    "strict": false
                  },
                  "number": "value",
                  "numberFormat": "0,0.##",
                  "progressBar": {
                    "bar": {
                      "color": "",
                      "style": {
                        "classes": ""
                      }
                    },
                    "max": 100,
                    "min": 0,
                    "track": {
                      "color": "",
                      "style": {
                        "classes": ""
                      }
                    },
                    "value": {
                      "enabled": true,
                      "format": "0,0.##",
                      "justify": "center",
                      "style": {
                        "classes": ""
                      }
                    }
                  },
                  "render": "auto",
                  "resizable": true,
                  "sort": "none",
                  "sortable": true,
                  "strictWidth": false,
                  "style": {
                    "classes": ""
                  },
                  "toggleSwitch": {
                    "color": {
                      "selected": "",
                      "unselected": ""
                    }
                  },
                  "viewParams": {},
                  "viewPath": "",
                  "visible": true,
                  "width": ""
                },
                {
                  "align": "center",
                  "boolean": "checkbox",
                  "dateFormat": "MM/DD/YYYY",
                  "editable": false,
                  "field": "regional",
                  "filter": {
                    "boolean": {
                      "condition": ""
                    },
                    "date": {
                      "condition": "",
                      "value": ""
                    },
                    "enabled": false,
                    "number": {
                      "condition": "",
                      "value": ""
                    },
                    "string": {
                      "condition": "",
                      "value": ""
                    },
                    "visible": "on-hover"
                  },
                  "footer": {
                    "align": "center",
                    "justify": "left",
                    "style": {
                      "classes": ""
                    },
                    "title": ""
                  },
                  "header": {
                    "align": "center",
                    "justify": "left",
                    "style": {
                      "classes": ""
                    },
                    "title": "Region"
                  },
                  "justify": "auto",
                  "nullFormat": {
                    "includeNullStrings": false,
                    "nullFormatValue": "",
                    "strict": false
                  },
                  "number": "value",
                  "numberFormat": "0,0.##",
                  "progressBar": {
                    "bar": {
                      "color": "",
                      "style": {
                        "classes": ""
                      }
                    },
                    "max": 100,
                    "min": 0,
                    "track": {
                      "color": "",
                      "style": {
                        "classes": ""
                      }
                    },
                    "value": {
                      "enabled": true,
                      "format": "0,0.##",
                      "justify": "center",
                      "style": {
                        "classes": ""
                      }
                    }
                  },
                  "render": "auto",
                  "resizable": true,
                  "sort": "none",
                  "sortable": true,
                  "strictWidth": false,
                  "style": {
                    "classes": ""
                  },
                  "toggleSwitch": {
                    "color": {
                      "selected": "",
                      "unselected": ""
                    }
                  },
                  "viewParams": {},
                  "viewPath": "",
                  "visible": true,
                  "width": ""
                },
                {
                  "align": "center",
                  "boolean": "checkbox",
                  "dateFormat": "MM/DD/YYYY",
                  "editable": false,
                  "field": "firmware_version",
                  "filter": {
                    "boolean": {
                      "condition": ""
                    },
                    "date": {
                      "condition": "",
                      "value": ""
                    },
                    "enabled": false,
                    "number": {
                      "condition": "",
                      "value": ""
                    },
                    "string": {
                      "condition": "",
                      "value": ""
                    },
                    "visible": "on-hover"
                  },
                  "footer": {
                    "align": "center",
                    "justify": "left",
                    "style": {
                      "classes": ""
                    },
                    "title": ""
                  },
                  "header": {
                    "align": "center",
                    "justify": "left",
                    "style": {
                      "classes": ""
                    },
                    "title": ""
                  },
                  "justify": "auto",
                  "nullFormat": {
                    "includeNullStrings": false,
                    "nullFormatValue": "",
                    "strict": false
                  },
                  "number": "value",
                  "numberFormat": "0,0.##",
                  "progressBar": {
                    "bar": {
                      "color": "",
                      "style": {
                        "classes": ""
                      }
                    },
                    "max": 100,
                    "min": 0,
                    "track": {
                      "color": "",
                      "style": {
                        "classes": ""
                      }
                    },
                    "value": {
                      "enabled": true,
                      "format": "0,0.##",
                      "justify": "center",
                      "style": {
                        "classes": ""
                      }
                    }
                  },
                  "render": "auto",
                  "resizable": true,
                  "sort": "none",
                  "sortable": true,
                  "strictWidth": false,
                  "style": {
                    "classes": ""
                  },
                  "toggleSwitch": {
                    "color": {
                      "selected": "",
                      "unselected": ""
                    }
                  },
                  "viewParams": {},
                  "viewPath": "",
                  "visible": true,
                  "width": ""
                }
              ],
              "filter": {
                "enabled": true
              },
              "pager": {
                "initialOption": 100
              }
            },
            "type": "ia.display.table"
          },
          {
            "meta": {
              "name": "EmbeddedView"
            },
            "position": {
              "tabIndex": 1
            },
            "props": {
              "path": "DataManagement/DeviceProfile/deviceProfileUploader"
            },
            "type": "ia.display.view"
          }
        ],
        "custom": {
          "defaultTab": 0
        },
        "meta": {
          "name": "TabContainer"
        },
        "position": {
          "breakpoints": [
            {
              "colIndex": 0,
              "name": "sm",
              "order": 0,
              "rowIndex": 1,
              "span": 12
            },
            {
              "colIndex": 0,
              "name": "md",
              "order": 0,
              "rowIndex": 1,
              "span": 12
            },
            {
              "colIndex": 0,
              "name": "lg",
              "order": 0,
              "rowIndex": 1,
              "span": 12
            }
          ],
          "height": 781
        },
        "propConfig": {
          "props.currentTabIndex": {
            "binding": {
              "config": {
                "path": "this.custom.defaultTab"
              },
              "type": "property"
            }
          }
        },
        "props": {
          "menuType": "modern",
          "tabs": [
            "Profiles",
            "Import"
          ]
        },
        "type": "ia.container.tab"
      }
    ],
    "meta": {
      "name": "root"
    },
    "props": {
      "style": {
        "classes": "pageFormat/rootPadding"
      }
    },
    "scripts": {
      "customMethods": [],
      "extensionFunctions": null,
      "messageHandlers": [
        {
          "messageType": "reload-profiles",
          "pageScope": true,
          "script": "\t# implement your handler here\n\tdata \u003d decoders.model.listDeviceProfiles(self.session.custom.tenantID)\n\tself.view.custom.tableData \u003d data",
          "sessionScope": false,
          "viewScope": false
        }
      ]
    },
    "type": "ia.container.column"
  }
}