{
  "custom": {},
  "params": {},
  "props": {},
  "root": {
    "children": [
      {
        "meta": {
          "name": "Label"
        },
        "position": {
          "basis": "32px"
        },
        "props": {
          "style": {
            "classes": "forms/configHeading"
          },
          "text": "Manage Standard Tag Paths"
        },
        "type": "ia.display.label"
      },
      {
        "children": [
          {
            "events": {
              "dom": {
                "onClick": {
                  "config": {
                    "script": "\ttry:\n\t\tself.position.display \u003d False\n\t\t\n\t\tnewTagID \u003d utils.normalizedTagPaths.createNewTag(1)\n\t\tsystem.perspective.print(newTagID)\n\t\tsystem.perspective.sendMessage(\"editPath\", payload\u003d{\"currentPath\":newTagID})\n\t\tsystem.perspective.sendMessage(\"refreshData\", {})\n\t\t\n\t\tself.position.display \u003d True\n\texcept Exception as e:\n\t\tsystem.perspective.print(str(e))\n\t\tutils.messages.errors.showErrorMessage(\"Error creating new standardized tag path: \" + str(e))"
                  },
                  "scope": "G",
                  "type": "script"
                }
              }
            },
            "meta": {
              "name": "Icon",
              "tooltip": {
                "enabled": true,
                "text": "add new standardized tag path"
              }
            },
            "position": {
              "basis": "30px"
            },
            "props": {
              "path": "material/add_circle",
              "style": {
                "marginLeft": "70%"
              }
            },
            "type": "ia.display.icon"
          },
          {
            "events": {
              "component": {
                "onRowDoubleClick": {
                  "config": {
                    "script": "\n\tsystem.perspective.toggleDock(\"editPath\", params\u003d{\"currentPath\":event.value})"
                  },
                  "scope": "G",
                  "type": "script"
                }
              }
            },
            "meta": {
              "name": "Table"
            },
            "position": {
              "grow": 1
            },
            "propConfig": {
              "props.data": {
                "binding": {
                  "config": {
                    "path": "/root.custom.allPaths"
                  },
                  "type": "property"
                }
              }
            },
            "props": {
              "columns": [
                {
                  "align": "center",
                  "boolean": "checkbox",
                  "dateFormat": "MM/DD/YYYY",
                  "editable": false,
                  "field": "tagPathBase",
                  "filter": {
                    "boolean": {
                      "condition": ""
                    },
                    "date": {
                      "condition": "",
                      "value": ""
                    },
                    "enabled": false,
                    "number": {
                      "condition": "",
                      "value": ""
                    },
                    "string": {
                      "condition": "",
                      "value": ""
                    },
                    "visible": "on-hover"
                  },
                  "footer": {
                    "align": "center",
                    "justify": "left",
                    "style": {
                      "classes": ""
                    },
                    "title": ""
                  },
                  "header": {
                    "align": "center",
                    "justify": "left",
                    "style": {
                      "classes": ""
                    },
                    "title": ""
                  },
                  "justify": "auto",
                  "nullFormat": {
                    "includeNullStrings": false,
                    "nullFormatValue": "",
                    "strict": false
                  },
                  "number": "value",
                  "numberFormat": "0,0.##",
                  "progressBar": {
                    "bar": {
                      "color": "",
                      "style": {
                        "classes": ""
                      }
                    },
                    "max": 100,
                    "min": 0,
                    "track": {
                      "color": "",
                      "style": {
                        "classes": ""
                      }
                    },
                    "value": {
                      "enabled": true,
                      "format": "0,0.##",
                      "justify": "center",
                      "style": {
                        "classes": ""
                      }
                    }
                  },
                  "render": "auto",
                  "resizable": true,
                  "sort": "none",
                  "sortable": true,
                  "strictWidth": false,
                  "style": {
                    "classes": ""
                  },
                  "toggleSwitch": {
                    "color": {
                      "selected": "",
                      "unselected": ""
                    }
                  },
                  "viewParams": {},
                  "viewPath": "",
                  "visible": true,
                  "width": "auto"
                },
                {
                  "align": "center",
                  "boolean": "checkbox",
                  "dateFormat": "MM/DD/YYYY",
                  "editable": false,
                  "field": "id",
                  "filter": {
                    "boolean": {
                      "condition": ""
                    },
                    "date": {
                      "condition": "",
                      "value": ""
                    },
                    "enabled": false,
                    "number": {
                      "condition": "",
                      "value": ""
                    },
                    "string": {
                      "condition": "",
                      "value": ""
                    },
                    "visible": "on-hover"
                  },
                  "footer": {
                    "align": "center",
                    "justify": "left",
                    "style": {
                      "classes": ""
                    },
                    "title": ""
                  },
                  "header": {
                    "align": "center",
                    "justify": "left",
                    "style": {
                      "classes": ""
                    },
                    "title": ""
                  },
                  "justify": "auto",
                  "nullFormat": {
                    "includeNullStrings": false,
                    "nullFormatValue": "",
                    "strict": false
                  },
                  "number": "value",
                  "numberFormat": "0,0.##",
                  "progressBar": {
                    "bar": {
                      "color": "",
                      "style": {
                        "classes": ""
                      }
                    },
                    "max": 100,
                    "min": 0,
                    "track": {
                      "color": "",
                      "style": {
                        "classes": ""
                      }
                    },
                    "value": {
                      "enabled": true,
                      "format": "0,0.##",
                      "justify": "center",
                      "style": {
                        "classes": ""
                      }
                    }
                  },
                  "render": "auto",
                  "resizable": true,
                  "sort": "none",
                  "sortable": true,
                  "strictWidth": false,
                  "style": {
                    "classes": ""
                  },
                  "toggleSwitch": {
                    "color": {
                      "selected": "",
                      "unselected": ""
                    }
                  },
                  "viewParams": {},
                  "viewPath": "TagPaths/standardization/components/delete",
                  "visible": true,
                  "width": "auto"
                }
              ],
              "enableHeader": false,
              "filter": {
                "enabled": true
              }
            },
            "type": "ia.display.table"
          },
          {
            "meta": {
              "name": "Label"
            },
            "position": {
              "basis": "32px"
            },
            "props": {
              "style": {
                "fontSize": "small",
                "fontStyle": "italic"
              },
              "text": "Double click to edit"
            },
            "type": "ia.display.label"
          }
        ],
        "meta": {
          "name": "FlexContainer"
        },
        "position": {
          "basis": "400px"
        },
        "props": {
          "direction": "column"
        },
        "type": "ia.container.flex"
      }
    ],
    "custom": {
      "allPaths": [
        {
          "id": 1,
          "tagPathBase": "test/lab",
          "tenantID": 1
        },
        {
          "id": 3,
          "tagPathBase": "water",
          "tenantID": 1
        }
      ],
      "currentPath": {
        "id": 1,
        "path": "something"
      }
    },
    "events": {
      "system": {
        "onStartup": {
          "config": {
            "script": "\tsystem.perspective.sendMessage(\"refreshData\", {})"
          },
          "scope": "G",
          "type": "script"
        }
      }
    },
    "meta": {
      "name": "root"
    },
    "props": {
      "direction": "column",
      "style": {
        "margin": "2%"
      }
    },
    "scripts": {
      "customMethods": [],
      "extensionFunctions": null,
      "messageHandlers": [
        {
          "messageType": "refreshData",
          "pageScope": true,
          "script": "\t# implement your handler here\n\tpaths \u003d utils.normalizedTagPaths.getAllTagPaths()\n\tself.custom.allPaths \u003d paths",
          "sessionScope": false,
          "viewScope": false
        }
      ]
    },
    "type": "ia.container.flex"
  }
}